47,1451
47,1459
47,1460
49,1527
POST,1527
47,1531
49,1532
POST,1532
49,1533
47,1534
POST,1534
47,2070
49,2073
POST,2073
49,2076
47,2077
POST,2077
47,2080
49,2081
POST,2081
49,2082
47,2085
POST,2085
49,2368
47,2369
POST,2369
49,2371
47,2372
POST,2372
49,2705
49,2706
47,2707
POST,2707
49,2711
47,2712
POST,2712
47,2762
49,2764
POST,2764
49,2767
47,2767
POST,2767
47,2768
49,2769
POST,2769
49,3288
47,3289
POST,3289
47,3289
49,3290
POST,3290
47,3293
49,3294
POST,3294
47,3295
49,3297
POST,3297
49,3590
47,3591
POST,3591
49,3593
47,3594
POST,3594
49,3596
47,3920
POST,3920
49,3921
47,3922
POST,3922
49,3925
47,3927
POST,3927
47,3928
49,4014
POST,4014
49,4020
47,4022
POST,4022
47,4522
49,4524
POST,4524
47,4526
49,4527
POST,4527
49,4527
47,4528
POST,4528
47,4533
49,4534
POST,4534
47,4536
49,4536
POST,4536
47,4843
49,4843
POST,4843
49,4845
47,4846
POST,4846
47,5125
49,5125
POST,5125
49,5127
47,5128
POST,5128
47,5128
49,5129
POST,5129
49,5129
47,5438
POST,5438
49,5440
47,5442
POST,5442
49,5442
49,5513
47,5516
POST,5516
47,5516
49,5517
POST,5517
49,5522
47,5522
POST,5522
47,6058
49,6059
POST,6059
47,6061
49,6061
POST,6061
49,6062
47,6062
POST,6062
47,6066
49,6066
POST,6066
49,6067
47,6067
POST,6067
47,6275
49,6275
POST,6275
47,6275
49,6275
POST,6275
49,6277
47,6277
POST,6277
49,6278
47,6686
POST,6686
47,6687
49,6687
POST,6687
47,6688
49,6689
POST,6689
47,6768
49,6769
POST,6769
49,6769
47,6769
POST,6769
47,6772
49,6772
POST,6772
49,6772
47,6773
POST,6773
47,7589
49,7589
POST,7589
49,7589
47,7590
POST,7590
49,7591
47,7592
POST,7592
49,7592
47,7593
POST,7593
49,7596
47,7596
POST,7596
47,7597
49,7597
POST,7597
47,7599
49,7599
POST,7599
47,7904
49,7905
POST,7905
49,8009
47,8010
POST,8010
47,8010
49,8011
POST,8011
49,8012
47,8013
POST,8013
49,8013
47,8505
POST,8505
47,8506
49,8507
POST,8507
49,8507
47,8508
POST,8508
49,8511
47,8512
POST,8512
47,8512
49,8513
POST,8513
49,8811
47,8811
POST,8811
47,8812
49,8814
POST,8814
49,8815
47,8815
POST,8815
49,9122
47,9122
POST,9122
49,9123
47,9124
POST,9124
47,9124
49,9125
POST,9125
49,9430
47,9430
POST,9430
49,9432
47,9433
POST,9433
49,9511
47,9512
POST,9512
47,9512
49,9513
POST,9513
47,9515
49,9516
POST,9516
47,9516
49,10041
POST,10041
47,10042
47,10043
49,10043
POST,10043
47,10047
49,10047
POST,10047
49,10048
47,10048
POST,10048
47,10349
49,10350
POST,10350
47,10350
49,10350
POST,10350
47,10353
49,10353
POST,10353
49,10354
47,10355
POST,10355
47,10661
49,10661
POST,10661
47,10662
49,10662
POST,10662
49,10761
47,10761
POST,10761
47,10762
49,10763
POST,10763
47,11074
49,11074
POST,11074
47,11074
49,11075
POST,11075
47,11077
49,11077
POST,11077
47,11578
49,11581
POST,11581
47,11581
49,11582
POST,11582
47,11583
49,11584
POST,11584
47,11585
49,11586
POST,11586
49,11881
47,11883
POST,11883
49,11883
47,11883
POST,11883
47,12198
49,12199
POST,12199
47,12199
49,12199
POST,12199
47,12200
49,12201
POST,12201
47,12270
49,12270
POST,12270
49,12271
47,12271
POST,12271
49,12271
47,12272
POST,12272
47,12810
49,12810
POST,12810
49,12811
47,12812
POST,12812
49,12814
47,12815
POST,12815
47,12815
49,12815
POST,12815
49,12817
47,12817
POST,12817
47,13113
49,13113
POST,13113
47,13114
49,13114
POST,13114
47,13115
49,13726
POST,13726
49,13728
47,13729
POST,13729
47,13729
49,13729
POST,13729
47,13730
49,13730
POST,13730
49,13731
47,13731
POST,13731
47,13759
49,13760
POST,13760
47,13761
49,13761
POST,13761
47,13762
49,14055
POST,14055
47,14055
49,14055
POST,14055
49,14057
47,14057
POST,14057
49,14058
47,14661
POST,14661
49,14662
47,14662
POST,14662
49,14662
47,14663
POST,14663
47,14663
49,14664
POST,14664
47,14664
49,14665
POST,14665
47,14759
49,14760
POST,14760
49,14760
47,14760
POST,14760
49,15573
47,15573
POST,15573
49,15573
47,15574
POST,15574
49,15574
47,15574
POST,15574
49,15574
49,15576
47,15576
POST,15576
47,15576
49,15577
POST,15577
47,15579
49,15579
POST,15579
49,15579
47,15579
POST,15579
49,15890
47,15890
POST,15890
49,15890
47,15890
POST,15890
47,15892
49,15893
POST,15893
49,15893
47,15893
POST,15893
47,16010
49,16011
POST,16011
47,16011
49,16012
POST,16012
47,16259
49,16259
POST,16259
47,16260
49,16260
POST,16260
49,16509
47,16509
POST,16509
47,16509
49,16510
POST,16510
47,16512
49,16513
POST,16513
47,16513
49,16513
POST,16513
47,16801
49,16801
POST,16801
47,16801
49,16802
POST,16802
47,17106
49,17106
POST,17106
49,17113
47,17114
POST,17114
49,17417
47,17418
POST,17418
49,17418
47,17419
POST,17419
49,17508
47,17509
POST,17509
49,17510
47,17510
POST,17510
49,17510
47,17510
POST,17510
49,17511
47,18039
POST,18039
49,18040
47,18040
POST,18040
49,18040
47,18041
POST,18041
49,18041
49,18042
47,18042
POST,18042
49,18342
47,18343
POST,18343
49,18343
47,18344
POST,18344
49,18646
47,18646
POST,18646
49,18647
47,18647
POST,18647
47,18648
49,18648
POST,18648
49,18759
47,18760
POST,18760
49,18761
47,18761
POST,18761
49,18761
47,19076
POST,19076
49,19077
47,19077
POST,19077
49,19077
47,19078
POST,19078
47,19572
49,19572
POST,19572
47,19572
49,19573
POST,19573
47,19573
49,19574
POST,19574
49,19574
47,19574
POST,19574
49,19897
47,19897
POST,19897
49,19898
47,19898
POST,19898
47,20009
49,20009
POST,20009
49,20009
47,20009
POST,20009
49,20010
47,20010
POST,20010
49,20010
47,20010
POST,20010
47,20777
49,20777
POST,20777
49,20777
47,20777
POST,20777
49,20778
47,20778
POST,20778
49,20779
47,20779
POST,20779
49,20780
49,20780
47,20780
POST,20780
47,20780
49,20780
POST,20780
49,20781
47,20781
POST,20781
47,21099
49,21099
POST,21099
47,21099
49,21100
POST,21100
49,21100
47,21100
POST,21100
47,21101
49,21101
POST,21101
49,21714
47,21714
POST,21714
47,21715
49,21715
POST,21715
49,21715
47,21715
POST,21715
49,21715
47,21715
POST,21715
49,21716
47,21716
POST,21716
49,21718
47,21758
POST,21758
49,21758
49,21759
47,21759
POST,21759
49,21759
47,21760
POST,21760
49,22037
47,22038
POST,22038
49,22038
47,22039
POST,22039
49,22039
47,22039
POST,22039
49,22329
47,22329
POST,22329
49,22330
49,22637
47,22637
POST,22637
47,22637
49,22637
POST,22637
47,22638
49,22638
POST,22638
49,22947
47,22947
POST,22947
49,22948
47,22948
POST,22948
49,22948
49,23009
47,23009
POST,23009
49,23009
47,23009
POST,23009
47,23557
49,23557
POST,23557
49,23557
47,23557
POST,23557
47,23558
49,23558
POST,23558
47,23558
49,23559
POST,23559
49,23559
47,23560
POST,23560
49,23560
49,23869
49,23869
49,24029
49,24031
49,24486
49,24486
49,24487
49,24487
49,24509
49,24509
49,24791
49,24791
49,25092
49,25093
49,25094
49,25418
49,25420
49,25420
49,25508
49,25509
49,25810
49,25811
49,26272
49,26272
49,26273
49,26274
49,26275
49,26276
49,26630
49,26631
49,26941
49,26941
49,27007
49,27008
49,27554
49,27554
49,27555
49,27555
49,27556
49,27556
49,27857
49,27858
49,28165
49,28165
49,28167
49,28167
49,28264
49,28264
49,28781
49,28781
49,28783
49,28783
49,29085
49,29086
49,29087
49,29703
49,29705
49,29705
49,29706
47,29707
POST,29707
49,29707
47,29757
POST,29757
49,29757
49,29757
47,29758
POST,29758
47,29758
49,29758
POST,29758
49,30321
47,30322
POST,30322
47,30322
47,30323
49,30323
POST,30323
47,30324
47,30324
49,30325
POST,30325
49,30624
47,30624
POST,30624
49,30625
47,30625
POST,30625
47,30626
49,30626
POST,30626
49,30626
47,30627
POST,30627
47,30942
49,30942
POST,30942
47,30942
49,30943
POST,30943
47,31007
49,31007
POST,31007
49,31007
47,31008
POST,31008
47,31385
49,31385
POST,31385
49,31385
47,31386
POST,31386
47,31549
49,31550
POST,31550
49,31550
47,31550
POST,31550
47,31551
49,31552
POST,31552
49,31875
47,31875
POST,31875
49,31876
47,31876
POST,31876
47,32190
49,32190
POST,32190
47,32191
49,32192
POST,32192
47,32192
49,32192
POST,32192
47,32259
49,32259
POST,32259
47,32260
49,32260
POST,32260
49,32776
47,32776
POST,32776
47,32776
49,32777
POST,32777
49,32778
47,32778
POST,32778
47,32778
49,32779
POST,32779
47,32780
49,32780
POST,32780
47,33093
49,33093
POST,33093
47,33094
49,33094
POST,33094
47,33094
49,33094
POST,33094
47,33387
49,33387
POST,33387
49,33388
47,33388
POST,33388
49,33694
47,33694
POST,33694
47,33694
49,33695
POST,33695
47,33695
49,33695
POST,33695
47,33756
49,33757
POST,33757
47,33757
49,33758
POST,33758
49,34517
47,34517
POST,34517
47,34517
49,34517
POST,34517
47,34518
49,34518
POST,34518
49,34519
47,34519
POST,34519
49,34520
47,34520
POST,34520
47,34520
49,34521
POST,34521
49,34521
47,34522
POST,34522
49,34925
47,34925
POST,34925
49,34926
47,34926
POST,34926
49,34926
47,34926
POST,34926
49,35006
47,35006
POST,35006
47,35007
49,35007
POST,35007
47,35333
49,35333
POST,35333
47,35334
49,35334
POST,35334
47,35542
49,35542
POST,35542
47,35542
47,35543
49,35543
POST,35543
47,35851
49,35851
POST,35851
49,35852
47,35852
POST,35852
49,35852
47,36157
POST,36157
49,36157
47,36157
POST,36157
49,36158
47,36266
POST,36266
49,36267
47,36267
POST,36267
47,36767
49,36767
POST,36767
49,36767
47,36767
POST,36767
49,36768
47,36768
POST,36768
49,36768
47,36768
POST,36768
49,36769
47,36769
POST,36769
47,36769
49,36769
POST,36769
49,37043
47,37044
POST,37044
49,37044
49,37278
47,37278
POST,37278
49,37279
47,37279
POST,37279
47,37537
49,37537
POST,37537
49,37537
47,37538
POST,37538
49,37538
47,37538
POST,37538
47,37757
49,37757
POST,37757
47,37758
49,37758
POST,37758
49,37758
47,38120
POST,38120
49,38121
47,38121
POST,38121
49,38121
49,38334
47,38334
POST,38334
49,38334
47,38334
POST,38334
47,38615
49,38615
POST,38615
49,38616
47,38616
POST,38616
47,38804
49,38804
POST,38804
49,38804
47,38805
POST,38805
49,38806
47,39006
POST,39006
49,39006
47,39006
POST,39006
47,39007
49,39007
POST,39007
49,39538
47,39538
POST,39538
47,39540
49,39546
POST,39546
47,39546
49,39547
POST,39547
47,39548
47,39548
49,39548
POST,39548
49,39841
47,39841
POST,39841
49,39842
47,39842
POST,39842
47,40007
49,40008
POST,40008
47,40008
49,40009
POST,40009
47,40256
49,40256
POST,40256
47,40257
49,40257
POST,40257
49,40259
47,40259
POST,40259
49,40764
47,40764
POST,40764
47,40766
49,40766
POST,40766
49,40766
47,40767
POST,40767
47,40768
49,40768
POST,40768
47,40768
49,40768
POST,40768
49,41072
47,41072
POST,41072
49,41073
47,41073
POST,41073
49,41378
47,41378
POST,41378
49,41379
47,41379
POST,41379
47,41379
49,41682
POST,41682
47,41682
49,41682
POST,41682
47,41683
49,41683
POST,41683
47,41684
49,41756
POST,41756
47,41757
49,41757
POST,41757
47,41758
49,41758
POST,41758
49,42097
47,42097
POST,42097
49,42097
47,42098
POST,42098
47,42277
49,42277
POST,42277
49,42277
47,42278
POST,42278
47,42608
49,42608
POST,42608
47,42608
49,42609
POST,42609
49,42609
47,42610
POST,42610
47,42920
49,42921
POST,42921
49,42921
47,42921
POST,42921
47,42922
49,42922
POST,42922
49,43007
47,43007
POST,43007
47,43008
49,43008
POST,43008
47,43538
49,43539
POST,43539
49,43541
47,43541
POST,43541
47,43541
49,43541
POST,43541
49,43542
47,43542
POST,43542
47,43543
49,43543
POST,43543
47,43872
47,43874
49,43874
POST,43874
47,43874
49,43874
POST,43874
49,44042
47,44042
POST,44042
47,44042
49,44042
POST,44042
47,44258
49,44258
POST,44258
47,44259
49,44259
POST,44259
47,44260
49,44260
POST,44260
49,44506
47,44507
POST,44507
47,44507
49,44507
POST,44507
47,44508
49,44508
POST,44508
47,45077
49,45077
POST,45077
47,45077
49,45078
POST,45078
47,45079
49,45079
POST,45079
47,45079
49,45079
POST,45079
47,45674
49,45674
POST,45674
49,45675
47,45675
POST,45675
49,45677
47,45677
POST,45677
49,45677
47,45677
POST,45677
47,45678
49,45678
POST,45678
47,45679
49,45679
POST,45679
47,45755
49,45755
POST,45755
49,45756
47,45756
POST,45756
47,46354
49,46354
POST,46354
47,46355
49,46356
POST,46356
49,46357
47,46357
POST,46357
47,46358
49,46521
POST,46521
49,46522
47,46522
POST,46522
47,46522
49,46522
POST,46522
49,46908
47,46908
POST,46908
49,46909
47,46909
POST,46909
49,46910
47,46911
POST,46911
47,47009
49,47009
POST,47009
47,47010
49,47010
POST,47010
47,47010
49,47010
POST,47010
47,47521
49,47521
POST,47521
49,47522
47,47522
POST,47522
47,47522
49,47523
POST,47523
47,47523
49,47523
POST,47523
47,47825
49,47825
POST,47825
47,47825
49,47825
POST,47825
47,47826
49,47827
POST,47827
47,48138
49,48139
POST,48139
47,48139
49,48139
POST,48139
47,48140
49,48140
POST,48140
47,48283
49,48283
POST,48283
47,48283
47,48505
49,48505
POST,48505
47,48505
49,48505
POST,48505
49,48755
47,48755
POST,48755
49,48755
47,49053
POST,49053
49,49053
47,49053
POST,49053
49,49053
49,49054
47,49054
POST,49054
47,49361
49,49361
POST,49361
47,49362
49,49362
POST,49362
49,49362
47,49362
POST,49362
49,49699
47,49700
POST,49700
49,49700
47,49700
POST,49700
49,49754
47,49754
POST,49754
49,49754
47,49754
POST,49754
47,49755
49,49755
POST,49755
49,50291
47,50291
POST,50291
49,50292
47,50292
POST,50292
49,50292
47,50293
POST,50293
47,50301
49,50302
POST,50302
47,50592
49,50592
POST,50592
49,50593
47,50593
POST,50593
49,50593
49,50796
47,50796
POST,50796
47,50796
49,50797
POST,50797
49,51208
47,51208
POST,51208
47,51208
49,51208
POST,51208
47,51209
49,51209
POST,51209
47,51254
49,51254
POST,51254
49,51254
47,51254
POST,51254
47,51255
49,51255
POST,51255
47,51822
49,51822
POST,51822
47,51822
49,51822
POST,51822
49,51823
47,51823
POST,51823
49,51824
47,51824
POST,51824
49,52129
47,52130
POST,52130
49,52130
47,52130
POST,52130
49,52131
49,52747
47,52748
POST,52748
49,52748
47,52748
POST,52748
47,52749
49,52749
POST,52749
47,52750
49,52750
POST,52750
49,52750
47,52750
POST,52750
47,52754
49,52754
POST,52754
47,52754
49,52755
POST,52755
49,53004
47,53005
POST,53005
47,53005
49,53005
POST,53005
49,53006
47,53007
POST,53007
47,53673
49,53673
POST,53673
47,53674
49,53674
POST,53674
49,53674
47,53675
POST,53675
49,53676
47,53676
POST,53676
49,53676
47,53677
POST,53677
47,53754
49,53755
POST,53755
47,53755
49,53755
POST,53755
47,54591
49,54591
POST,54591
47,54591
49,54591
POST,54591
47,54592
49,54592
POST,54592
47,54593
49,54593
POST,54593
49,54595
47,54595
POST,54595
47,54595
49,54595
POST,54595
47,54596
49,54596
POST,54596
49,54596
47,54754
POST,54754
49,54755
47,54755
POST,54755
49,54755
47,54755
POST,54755
47,55163
49,55163
POST,55163
47,55163
49,55163
POST,55163
49,55367
47,55367
POST,55367
49,55367
47,55367
POST,55367
47,55608
49,55608
POST,55608
47,55608
49,55608
POST,55608
47,55609
49,55829
POST,55829
47,55830
47,55830
49,55831
POST,55831
49,55831
47,55831
POST,55831
49,56137
47,56137
POST,56137
47,56138
49,56138
POST,56138
49,56254
47,56255
POST,56255
47,56255
49,56255
POST,56255
47,56505
47,56505
49,56506
POST,56506
47,56506
49,56506
POST,56506
49,56507
47,56507
POST,56507
47,57048
49,57048
POST,57048
47,57048
47,57049
49,57049
POST,57049
49,57049
47,57050
POST,57050
47,57357
49,57357
POST,57357
49,57358
47,57358
POST,57358
49,57359
47,57359
POST,57359
49,57656
47,57656
POST,57656
49,57657
47,57657
POST,57657
49,57657
47,57756
POST,57756
49,57757
47,57757
POST,57757
47,57758
49,57758
POST,57758
49,58278
47,58278
POST,58278
49,58278
47,58279
POST,58279
49,58279
47,58279
POST,58279
49,58280
47,58280
POST,58280
49,58582
47,58582
POST,58582
47,58583
49,58583
POST,58583
49,58584
47,58584
POST,58584
49,58896
47,58897
POST,58897
47,58898
49,58898
POST,58898
49,58899
47,58899
POST,58899
47,59004
49,59004
POST,59004
49,59004
47,59004
POST,59004
47,59517
49,59517
POST,59517
47,59517
49,59517
POST,59517
47,59517
49,59518
POST,59518
47,59518
49,59518
POST,59518
49,59809
47,59809
POST,59809
47,59809
49,59809
POST,59809
47,59810
49,59810
POST,59810
47,59811
49,60116
POST,60116
49,60117
47,60117
POST,60117
47,60117
49,60117
POST,60117
47,60264
49,60264
POST,60264
47,60265
49,60265
POST,60265
49,60731
47,60732
POST,60732
47,60732
49,60732
POST,60732
49,60755
47,60755
POST,60755
47,60755
49,60756
POST,60756
47,60756
49,60757
POST,60757
47,61649
49,61649
POST,61649
49,61649
47,61650
POST,61650
47,61651
49,61651
POST,61651
47,61652
49,61652
POST,61652
47,61652
47,61654
49,61654
POST,61654
47,61662
49,61662
POST,61662
49,61753
47,61753
POST,61753
49,61754
47,61754
POST,61754
49,61754
47,61755
POST,61755
47,62269
49,62269
POST,62269
47,62270
49,62270
POST,62270
49,62271
47,62271
POST,62271
47,62272
49,62272
POST,62272
47,62272
49,62272
POST,62272
47,62576
49,62576
POST,62576
47,62577
49,62577
POST,62577
47,62880
49,62880
POST,62880
49,62881
47,62881
POST,62881
49,62881
47,62882
POST,62882
49,62882
47,63191
POST,63191
47,63192
49,63192
POST,63192
49,63192
47,63192
POST,63192
47,63253
49,63253
POST,63253
47,63253
49,63254
POST,63254
49,63800
47,63801
POST,63801
47,63801
49,63801
POST,63801
47,63802
49,63802
POST,63802
49,63803
47,63803
POST,63803
49,63804
47,64057
POST,64057
47,64057
49,64057
POST,64057
49,64058
47,64058
POST,64058
47,64421
49,64421
POST,64421
49,64422
47,64503
POST,64503
49,64503
47,64503
POST,64503
49,64503
47,64503
POST,64503
49,64504
47,65032
POST,65032
49,65032
47,65032
POST,65032
49,65033
49,65033
47,65033
POST,65033
47,65034
49,65034
POST,65034
49,65336
47,65337
POST,65337
49,65337
47,65337
POST,65337
47,65337
49,65955
POST,65955
49,65956
47,65956
POST,65956
49,65956
47,65956
POST,65956
49,65956
47,65957
POST,65957
47,65958
49,65958
POST,65958
47,65958
49,65958
POST,65958
49,66004
47,66005
POST,66005
49,66005
47,66005
POST,66005
47,66252
49,66252
POST,66252
47,66252
49,66253
POST,66253
49,66567
47,66567
POST,66567
47,66568
49,66568
POST,66568
47,66568
49,66568
POST,66568
47,66883
49,66883
POST,66883
49,66883
47,66883
POST,66883
47,66883
49,66884
POST,66884
47,67002
49,67002
POST,67002
49,67002
47,67003
POST,67003
47,67253
49,67253
POST,67253
49,67253
47,67253
POST,67253
49,67823
47,67823
POST,67823
49,67823
47,67823
POST,67823
49,67824
47,67824
POST,67824
49,67824
47,67824
POST,67824
47,68113
49,68114
POST,68114
49,68114
47,68115
POST,68115
49,68116
47,68116
POST,68116
47,68116
49,68116
POST,68116
47,68256
49,68256
POST,68256
47,68256
49,68257
POST,68257
47,68743
49,68743
POST,68743
47,68744
49,68744
POST,68744
47,68753
49,68753
POST,68753
47,68753
49,68754
POST,68754
49,69023
47,69023
POST,69023
47,69023
49,69023
POST,69023
49,69661
47,69661
POST,69661
49,69661
47,69662
POST,69662
49,69663
47,69663
POST,69663
47,69663
49,69663
POST,69663
49,69664
47,69664
POST,69664
49,69664
47,69751
POST,69751
47,69752
49,69752
POST,69752
49,69752
47,69752
POST,69752
47,70273
49,70273
POST,70273
47,70273
49,70273
POST,70273
47,70275
49,70275
POST,70275
47,70275
49,70275
POST,70275
49,70561
47,70561
POST,70561
47,70562
49,70562
POST,70562
47,70752
49,70752
POST,70752
47,70753
49,70753
POST,70753
49,71193
47,71193
POST,71193
49,71194
47,71194
POST,71194
49,71195
47,71195
POST,71195
49,71195
47,71195
POST,71195
49,71253
49,71253
47,71253
POST,71253
49,71792
47,71792
POST,71792
49,71792
47,71793
POST,71793
49,71793
47,71793
POST,71793
49,71794
47,71794
POST,71794
49,72119
47,72119
POST,72119
47,72119
49,72120
POST,72120
47,72120
49,72120
POST,72120
49,72120
47,72405
POST,72405
49,72405
47,72405
POST,72405
47,72406
49,72406
POST,72406
49,72504
47,72504
POST,72504
47,72504
49,72504
POST,72504
47,73016
49,73016
POST,73016
47,73024
49,73024
POST,73024
49,73024
47,73025
POST,73025
47,73025
49,73026
POST,73026
49,73026
47,73026
POST,73026
49,73027
47,73027
POST,73027
47,73329
49,73329
POST,73329
47,73329
49,73330
POST,73330
47,73646
49,73646
POST,73646
49,73647
47,73647
POST,73647
49,73752
47,73752
POST,73752
49,73752
47,73752
POST,73752
49,73753
49,73753
47,73753
POST,73753
47,74571
49,74571
POST,74571
49,74571
47,74572
POST,74572
47,74572
49,74572
POST,74572
49,74572
47,74572
POST,74572
49,74574
47,74574
POST,74574
49,74574
47,74574
POST,74574
47,74752
49,74752
POST,74752
49,74752
47,74752
POST,74752
47,74753
49,74753
POST,74753
49,75167
47,75167
POST,75167
49,75168
47,75168
POST,75168
49,75168
47,75168
POST,75168
49,75252
47,75252
POST,75252
49,75252
47,75253
POST,75253
47,75782
49,75782
POST,75782
49,75783
47,75783
POST,75783
47,75783
49,75783
POST,75783
47,75784
49,75784
POST,75784
47,75785
49,75785
POST,75785
49,76089
47,76089
POST,76089
47,76090
49,76090
POST,76090
47,76091
49,76091
POST,76091
49,76296
47,76296
POST,76296
47,76296
49,76297
POST,76297
49,76709
47,76710
POST,76710
47,76710
49,76710
POST,76710
47,76711
49,76711
POST,76711
47,76751
49,76751
POST,76751
49,77624
47,77624
POST,77624
47,77624
49,77624
POST,77624
49,77625
47,77626
POST,77626
47,77626
49,77626
POST,77626
49,77626
47,77626
POST,77626
49,77627
47,77627
POST,77627
49,77628
47,77628
POST,77628
49,77628
47,77628
POST,77628
47,77751
49,77752
POST,77752
49,77752
47,77752
POST,77752
49,78245
49,78246
47,78246
POST,78246
47,78246
49,78251
POST,78251
47,78252
49,78252
POST,78252
47,78252
49,78253
POST,78253
47,78253
47,78548
49,78548
POST,78548
47,78548
49,78549
POST,78549
47,78858
49,78858
POST,78858
47,78859
49,78859
POST,78859
47,79166
49,79166
POST,79166
49,79166
47,79166
POST,79166
47,79251
49,79251
POST,79251
49,79251
47,79252
POST,79252
49,79252
47,79252
POST,79252
49,79593
47,79593
POST,79593
47,79594
49,79594
POST,79594
47,79594
49,79594
POST,79594
49,79789
47,79789
POST,79789
47,79790
49,79790
POST,79790
49,80091
47,80092
POST,80092
49,80092
47,80092
POST,80092
47,80418
49,80418
POST,80418
49,80418
47,80419
POST,80419
49,80501
47,80501
POST,80501
49,80501
47,80502
POST,80502
47,81003
49,81004
POST,81004
49,81004
47,81004
POST,81004
49,81005
47,81005
POST,81005
49,81005
47,81006
POST,81006
47,81006
49,81006
POST,81006
49,81006
47,81356
POST,81356
49,81356
47,81357
POST,81357
49,81357
47,81619
POST,81619
49,81619
49,81620
47,81620
POST,81620
49,81926
47,81926
POST,81926
49,81927
47,81927
POST,81927
49,81928
47,81928
POST,81928
49,82000
47,82000
POST,82000
49,82001
47,82001
POST,82001
47,82001
49,82001
POST,82001
49,82561
47,82562
POST,82562
47,82562
49,82562
POST,82562
49,82563
47,82563
POST,82563
47,82563
49,82563
POST,82563
49,82852
47,82852
POST,82852
49,82853
47,82853
POST,82853
49,82854
47,82854
POST,82854
47,82854
49,83170
POST,83170
49,83170
47,83170
POST,83170
47,83170
49,83171
POST,83171
47,83251
49,83251
POST,83251
47,83251
49,83251
POST,83251
47,83771
49,83771
POST,83771
47,83771
49,83771
POST,83771
47,83772
49,83772
POST,83772
47,83773
49,83773
POST,83773
49,83774
47,83774
POST,83774
47,83774
49,83781
POST,83781
47,84067
49,84067
POST,84067
47,84068
49,84068
POST,84068
47,84698
49,84698
POST,84698
49,84699
47,84699
POST,84699
47,84699
49,84700
POST,84700
49,84700
47,84700
POST,84700
49,84701
49,84751
47,84751
POST,84751
49,84752
47,84752
POST,84752
47,84752
49,84752
POST,84752
49,85306
47,85306
POST,85306
47,85306
49,85307
POST,85307
49,85309
47,85309
POST,85309
49,85309
47,85310
POST,85310
47,85614
49,85614
POST,85614
47,85614
49,85615
POST,85615
47,85922
49,85922
POST,85922
47,85922
49,85922
POST,85922
47,85923
49,85923
POST,85923
49,85923
47,86001
POST,86001
49,86002
47,86002
POST,86002
49,86002
47,86002
POST,86002
49,86315
47,86315
POST,86315
49,86316
47,86316
POST,86316
49,86559
47,86559
POST,86559
49,86560
47,86560
POST,86560
47,86844
49,86844
POST,86844
49,86844
47,86844
POST,86844
47,87147
49,87147
POST,87147
47,87148
49,87148
POST,87148
49,87148
47,87149
POST,87149
49,87251
47,87251
POST,87251
49,87252
47,87252
POST,87252
49,87252
47,87252
POST,87252
47,87767
49,87767
POST,87767
47,87767
49,87767
POST,87767
47,87768
49,87769
POST,87769
47,87769
49,87769
POST,87769
47,88072
47,88072
49,88072
POST,88072
47,88073
49,88073
POST,88073
47,88073
49,88073
POST,88073
47,88381
49,88687
POST,88687
47,88687
49,88687
POST,88687
49,88688
47,88688
POST,88688
47,88688
49,88688
POST,88688
49,88750
47,88750
POST,88750
47,88750
49,88751
POST,88751
49,89298
47,89298
POST,89298
49,89298
49,89299
47,89299
POST,89299
47,89299
49,89300
POST,89300
49,89300
47,89300
POST,89300
47,89301
49,89616
POST,89616
47,89617
49,89617
POST,89617
49,89617
47,89617
POST,89617
47,90223
49,90223
POST,90223
49,90223
47,90224
POST,90224
47,90224
49,90224
POST,90224
49,90225
47,90226
POST,90226
47,90226
49,90226
POST,90226
49,90250
47,90250
POST,90250
47,90251
49,90251
POST,90251
49,90251
47,90251
POST,90251
47,90836
49,90836
POST,90836
47,90837
49,90837
POST,90837
49,90839
47,90839
POST,90839
47,90839
49,90839
POST,90839
47,91146
49,91146
POST,91146
47,91146
49,91147
POST,91147
49,91147
47,91147
POST,91147
47,91250
49,91250
POST,91250
47,91251
49,91251
POST,91251
49,91251
47,91251
POST,91251
47,91767
49,91768
POST,91768
47,91768
49,91768
POST,91768
49,91771
47,91771
POST,91771
47,91771
49,91771
POST,91771
47,91772
49,91772
POST,91772
47,91999
49,91999
POST,91999
49,92000
47,92000
POST,92000
49,92001
47,92001
POST,92001
49,92402
47,92402
POST,92402
47,92402
49,92402
POST,92402
47,92500
49,92500
POST,92500
47,92500
49,92500
POST,92500
47,92991
49,92992
POST,92992
49,92992
47,92992
POST,92992
47,93010
49,93010
POST,93010
49,93010
47,93010
POST,93010
49,93011
47,93292
POST,93292
49,93292
47,93293
POST,93293
49,93293
47,93294
POST,93294
49,93294
49,93618
47,93618
POST,93618
49,93618
47,93619
POST,93619
49,93909
47,93909
POST,93909
47,93910
49,93910
POST,93910
49,93999
47,93999
POST,93999
47,94000
49,94000
POST,94000
47,94001
49,94539
POST,94539
49,94539
47,94540
POST,94540
47,94540
49,94540
POST,94540
47,94541
49,94541
POST,94541
49,94542
47,94542
POST,94542
47,94542
49,94542
POST,94542
47,94932
49,94932
POST,94932
47,94932
49,94932
POST,94932
47,95000
49,95008
POST,95008
47,95009
49,95009
POST,95009
47,95009
49,95339
POST,95339
47,95340
49,95340
POST,95340
47,95341
49,95341
POST,95341
47,95341
49,95341
POST,95341
49,95763
47,95764
POST,95764
47,95764
49,95764
POST,95764
47,95765
49,95765
POST,95765
49,95766
47,95766
POST,95766
49,96067
47,96067
POST,96067
49,96067
47,96067
POST,96067
47,96318
49,96318
POST,96318
49,96319
47,96319
POST,96319
47,96677
49,96678
POST,96678
49,96678
47,96678
POST,96678
49,96679
47,96749
POST,96749
47,96749
49,96749
POST,96749
47,96750
49,96750
POST,96750
47,96750
49,97287
POST,97287
47,97288
49,97288
POST,97288
47,97288
49,97289
POST,97289
49,97290
47,97290
POST,97290
47,97290
49,97290
POST,97290
49,97595
47,97596
POST,97596
49,97596
47,97596
POST,97596
47,97901
49,97901
POST,97901
47,97901
49,97901
POST,97901
47,97902
49,97902
POST,97902
49,98001
47,98001
POST,98001
47,98002
49,98002
POST,98002
49,98002
47,98003
POST,98003
47,98843
49,98843
POST,98843
47,98843
49,98844
POST,98844
49,98844
47,98844
POST,98844
49,98844
47,98845
POST,98845
47,98848
49,98848
POST,98848
47,98849
49,98849
POST,98849
49,99128
47,99128
POST,99128
49,99128
47,99128
POST,99128
49,99129
47,99129
POST,99129
49,99749
47,99749
POST,99749
49,99750
47,99750
POST,99750
47,99750
49,99750
POST,99750
49,99751
47,99751
POST,99751
47,99751
49,99752
POST,99752
47,99752
49,99752
POST,99752
47,99752
49,99752
POST,99752
49,99753
47,100666
POST,100666
49,100666
47,100666
POST,100666
49,100666
47,100666
POST,100666
47,100667
49,100667
POST,100667
47,100667
49,100667
POST,100667
49,100667
47,100668
POST,100668
47,100668
49,100668
POST,100668
47,100669
49,100669
POST,100669
49,100749
47,100749
POST,100749
49,100749
47,100750
POST,100750
47,100750
49,100750
POST,100750
49,100750
47,100751
POST,100751
47,101233
49,101233
POST,101233
47,101233
49,101234
POST,101234
47,101247
49,101248
POST,101248
47,101248
49,101248
POST,101248
47,101590
49,101590
POST,101590
49,101590
47,101591
POST,101591
47,101591
49,101758
POST,101758
47,101759
49,101759
POST,101759
49,101759
47,101759
POST,101759
47,101760
49,101760
POST,101760
49,102204
47,102204
POST,102204
49,102204
47,102204
POST,102204
49,102249
47,102249
POST,102249
49,102249
47,102250
POST,102250
47,102512
49,102512
POST,102512
49,102512
47,102513
POST,102513
49,102513
47,102513
POST,102513
49,102514
47,102514
POST,102514
49,103125
47,103125
POST,103125
49,103125
47,103125
POST,103125
47,103126
49,103126
POST,103126
49,103127
47,103127
POST,103127
47,103127
49,103127
POST,103127
47,103248
47,103249
49,103249
POST,103249
47,103249
49,103249
POST,103249
49,103749
47,103749
POST,103749
47,103750
49,103750
POST,103750
47,103752
49,103752
POST,103752
49,103752
47,103753
POST,103753
47,103999
49,103999
POST,103999
47,103999
49,104000
POST,104000
47,104248
49,104248
POST,104248
47,104248
49,104248
POST,104248
49,104249
47,104249
POST,104249
47,104507
49,104508
POST,104508
47,104508
49,104509
POST,104509
47,104509
49,104509
POST,104509
49,104858
47,104858
POST,104858
49,104858
47,104858
POST,104858
49,104998
47,104999
POST,104999
49,104999
47,104999
POST,104999
47,104999
49,104999
POST,104999
49,105277
47,105277
POST,105277
47,105278
49,105278
POST,105278
47,105278
49,105278
POST,105278
49,105602
47,105602
POST,105602
47,105602
49,105602
POST,105602
49,105902
47,105902
POST,105902
49,105902
47,105902
POST,105902
47,105903
49,105903
POST,105903
49,105903
47,105903
POST,105903
47,105998
49,105998
POST,105998
49,105999
47,105999
POST,105999
47,106249
49,106249
POST,106249
49,106249
47,106250
POST,106250
49,106547
47,106547
POST,106547
47,106548
49,106548
POST,106548
49,106748
47,106748
POST,106748
49,106748
47,106748
POST,106748
49,106749
47,106749
POST,106749
49,106750
47,106997
POST,106997
49,106997
47,106998
POST,106998
49,106998
47,106998
POST,106998
47,107248
49,107249
POST,107249
49,107249
47,107249
POST,107249
47,107755
49,107755
POST,107755
47,107756
49,107757
POST,107757
47,107757
49,107758
POST,107758
47,107759
49,107760
POST,107760
47,107760
49,107760
POST,107760
47,108052
49,108052
POST,108052
47,108053
49,108053
POST,108053
49,108247
47,108248
POST,108248
47,108249
49,108249
POST,108249
47,108249
49,108671
POST,108671
49,108671
47,108671
POST,108671
49,108672
47,108672
POST,108672
49,108672
47,108748
POST,108748
49,108748
49,108748
47,108748
POST,108748
47,109269
49,109269
POST,109269
47,109269
49,109270
POST,109270
47,109270
49,109270
POST,109270
47,109270
49,109271
POST,109271
47,109272
49,109272
POST,109272
49,109272
47,109272
POST,109272
47,109582
49,109582
POST,109582
47,109582
49,109582
POST,109582
47,109891
49,109891
POST,109891
47,109892
49,109893
POST,109893
47,109894
49,109997
POST,109997
47,109997
49,109997
POST,109997
47,109998
49,109998
POST,109998
49,110502
47,110503
POST,110503
49,110504
47,110504
POST,110504
47,110505
49,110505
POST,110505
47,110508
49,110508
POST,110508
49,110509
47,110509
POST,110509
47,110747
49,110747
POST,110747
49,110748
47,110748
POST,110748
47,110749
49,110749
POST,110749
47,111122
49,111122
POST,111122
49,111122
47,111122
POST,111122
47,111123
49,111123
POST,111123
47,111247
47,111248
49,111248
POST,111248
49,111573
47,111573
POST,111573
49,111573
47,111573
POST,111573
47,112046
49,112046
POST,112046
47,112046
49,112046
POST,112046
47,112047
49,112047
POST,112047
47,112047
49,112047
POST,112047
49,112048
47,112048
POST,112048
49,112048
47,112048
POST,112048
49,112342
49,112342
47,112342
POST,112342
49,112663
47,112663
POST,112663
47,112663
49,112664
POST,112664
49,112664
47,112665
POST,112665
47,112665
49,112747
POST,112747
49,112748
47,112748
POST,112748
47,112748
49,112748
POST,112748
47,113259
49,113259
POST,113259
49,113259
47,113259
POST,113259
49,113260
47,113260
POST,113260
47,113260
49,113261
POST,113261
49,113261
47,113261
POST,113261
47,113261
49,113671
POST,113671
49,113671
47,113672
POST,113672
47,113672
49,113672
POST,113672
49,113748
47,113748
POST,113748
49,113749
47,113749
POST,113749
49,113749
47,114194
POST,114194
47,114195
49,114195
POST,114195
47,114195
49,114195
POST,114195
49,114195
47,114195
POST,114195
47,114247
49,114248
POST,114248
47,114248
49,114248
POST,114248
47,114810
49,114810
POST,114810
49,114810
47,114810
POST,114810
49,114811
47,114811
POST,114811
49,114811
47,114812
POST,114812
47,114813
49,114813
POST,114813
49,114813
47,114997
POST,114997
49,114997
47,114997
POST,114997
49,114997
47,114998
POST,114998
49,115419
47,115419
POST,115419
49,115419
47,115419
POST,115419
49,115496
47,115496
POST,115496
47,115496
49,115497
POST,115497
49,115497
47,115498
POST,115498
49,115498
47,116037
POST,116037
49,116037
47,116037
POST,116037
49,116038
47,116038
POST,116038
49,116038
47,116039
POST,116039
49,116039
47,116039
POST,116039
49,116246
49,116246
47,116247
POST,116247
47,116247
49,116253
POST,116253
47,116499
49,116499
POST,116499
47,116500
49,116500
POST,116500
49,116500
47,116500
POST,116500
47,116947
49,116947
POST,116947
47,116948
49,116948
POST,116948
49,117000
47,117000
POST,117000
47,117000
49,117000
POST,117000
49,117001
47,117001
POST,117001
49,117001
47,117362
POST,117362
47,117363
49,117363
POST,117363
49,117363
47,117365
POST,117365
47,117500
49,117501
POST,117501
49,117501
47,117501
POST,117501
47,117869
49,117869
POST,117869
49,117870
47,117870
POST,117870
47,117870
49,117870
POST,117870
47,118180
49,118180
POST,118180
47,118180
49,118181
POST,118181
47,118181
49,118181
POST,118181
47,118248
49,118248
POST,118248
47,118248
49,118248
POST,118248
49,118510
47,118510
POST,118510
49,118511
47,119105
POST,119105
49,119105
49,119106
47,119106
POST,119106
47,119106
49,119106
POST,119106
47,119107
49,119107
POST,119107
47,119108
49,119108
POST,119108
47,119411
49,119411
POST,119411
49,119411
47,119411
POST,119411
47,119411
49,119412
POST,119412
47,119496
49,119496
POST,119496
49,119496
47,119497
POST,119497
47,119497
49,119497
POST,119497
47,120329
49,120329
POST,120329
49,120329
47,120330
POST,120330
47,120330
49,120330
POST,120330
47,120331
49,120331
POST,120331
49,120331
47,120331
POST,120331
49,120332
47,120332
POST,120332
49,120332
47,120332
POST,120332
49,120333
47,120333
POST,120333
49,120640
47,120641
POST,120641
49,120641
47,120642
POST,120642
47,120642
49,120642
POST,120642
47,120746
49,120747
POST,120747
47,120747
49,120747
POST,120747
47,121264
49,121264
POST,121264
47,121264
49,121264
POST,121264
47,121266
49,121266
POST,121266
47,121266
49,121266
POST,121266
47,121267
49,121267
POST,121267
49,121267
47,121559
POST,121559
49,121560
47,121561
POST,121561
49,121561
47,121561
POST,121561
47,121866
49,121866
POST,121866
49,121866
47,121866
POST,121866
47,122003
49,122003
POST,122003
49,122003
47,122003
POST,122003
47,122004
49,122004
POST,122004
47,122791
49,122791
POST,122791
47,122792
49,122792
POST,122792
47,122792
49,122793
POST,122793
47,122793
47,122793
49,122794
POST,122794
47,122794
49,122794
POST,122794
49,122794
47,122795
POST,122795
47,123091
49,123092
POST,123092
47,123092
49,123092
POST,123092
49,123094
47,123094
POST,123094
47,123094
49,123094
POST,123094
49,123398
47,123399
POST,123399
49,123399
47,123400
POST,123400
49,123495
49,123496
47,123496
POST,123496
47,123497
49,123497
POST,123497
47,123497
49,123497
POST,123497
49,124013
47,124013
POST,124013
47,124013
49,124013
POST,124013
49,124014
47,124014
POST,124014
47,124015
49,124015
POST,124015
49,124245
47,124245
POST,124245
49,124245
47,124246
POST,124246
47,124246
49,124246
POST,124246
47,124246
49,124246
POST,124246
47,124640
49,124640
POST,124640
47,124640
49,124640
POST,124640
49,124640
47,124641
POST,124641
47,124641
49,124745
POST,124745
49,124746
47,124746
POST,124746
49,124746
47,124746
POST,124746
47,125244
49,125244
POST,125244
47,125244
49,125245
POST,125245
47,125246
49,125246
POST,125246
47,125246
49,125246
POST,125246
49,126173
47,126173
POST,126173
49,126173
47,126173
POST,126173
47,126174
49,126174
POST,126174
49,126174
47,126175
POST,126175
49,126175
47,126175
POST,126175
49,126175
47,126175
POST,126175
49,126176
47,126176
POST,126176
49,126176
47,126245
POST,126245
49,126246
49,126246
47,126246
POST,126246
49,126495
47,126495
POST,126495
47,126496
49,126496
POST,126496
47,126496
49,126496
POST,126496
47,126497
49,126786
POST,126786
47,126786
49,126786
POST,126786
47,126786
49,126994
POST,126994
47,126995
49,126995
POST,126995
47,127001
47,127002
49,127002
POST,127002
47,127395
49,127395
POST,127395
49,127396
47,127396
POST,127396
47,127396
49,127396
POST,127396
49,127495
47,127495
POST,127495
47,127495
49,127496
POST,127496
49,128022
47,128022
POST,128022
47,128022
49,128022
POST,128022
49,128023
47,128023
POST,128023
47,128023
49,128023
POST,128023
47,128024
47,128024
49,128024
POST,128024
47,128245
49,128245
POST,128245
47,128246
49,128246
POST,128246
47,128247
49,128247
POST,128247
49,128248
47,128647
POST,128647
47,128647
49,128647
POST,128647
47,128647
49,128746
POST,128746
49,128746
47,128746
POST,128746
47,128747
49,128747
POST,128747
47,129236
49,129236
POST,129236
47,129236
49,129237
POST,129237
47,129237
49,129237
POST,129237
49,129245
47,129245
POST,129245
49,129245
47,129245
POST,129245
49,129552
47,129552
POST,129552
47,129552
49,129552
POST,129552
49,129553
47,129553
POST,129553
47,129553
49,129867
POST,129867
47,129868
49,129868
POST,129868
49,129868
47,129868
POST,129868
49,130437
47,130437
POST,130437
47,130437
49,130437
POST,130437
47,130438
49,130438
POST,130438
47,130438
49,130438
POST,130438
47,130439
49,130439
POST,130439
47,130439
49,130495
POST,130495
47,130495
49,130495
POST,130495
47,130496
49,130496
POST,130496
49,130779
47,130779
POST,130779
47,130779
49,130779
POST,130779
47,130780
49,130780
POST,130780
47,131093
49,131093
POST,131093
49,131093
47,131094
POST,131094
47,131094
49,131094
POST,131094
49,131291
47,131292
POST,131292
49,131292
47,131292
POST,131292
47,131293
49,131293
POST,131293
49,131692
47,131693
POST,131693
47,131693
49,131693
POST,131693
49,131694
47,131694
POST,131694
47,131746
49,131746
POST,131746
47,131746
49,131747
POST,131747
49,132318
47,132318
POST,132318
47,132318
49,132318
POST,132318
47,132319
49,132319
POST,132319
49,132319
47,132319
POST,132319
49,132320
47,132320
POST,132320
49,132927
47,132927
POST,132927
49,132928
49,132928
47,132928
POST,132928
49,132929
47,132929
POST,132929
49,132929
47,132929
POST,132929
47,132994
49,132994
POST,132994
47,132994
49,132995
POST,132995
47,132995
47,133545
49,133545
POST,133545
47,133546
49,133546
POST,133546
49,133546
47,133547
POST,133547
47,133547
49,133548
POST,133548
47,133548
49,133548
POST,133548
49,133858
47,133858
POST,133858
49,133858
47,133859
POST,133859
47,133859
49,134162
POST,134162
49,134163
47,134163
POST,134163
47,134163
49,134164
POST,134164
47,134164
49,134164
POST,134164
47,134782
49,134782
POST,134782
49,134782
47,134782
POST,134782
47,134783
49,134783
POST,134783
47,134783
49,134784
POST,134784
47,134785
49,134785
POST,134785
47,134785
49,135183
POST,135183
49,135184
47,135184
POST,135184
49,135184
47,135184
POST,135184
49,135244
47,135244
POST,135244
47,135244
49,135245
POST,135245
47,135694
49,135694
POST,135694
47,135695
49,135695
POST,135695
47,135744
49,135744
POST,135744
49,135744
47,135745
POST,135745
49,135745
47,135745
POST,135745
47,136136
49,136136
POST,136136
47,136136
49,136137
POST,136137
47,136137
49,136137
POST,136137
47,136246
49,136246
POST,136246
49,136246
47,136246
POST,136246
49,136612
47,136612
POST,136612
47,136612
49,136613
POST,136613
47,136927
49,136928
POST,136928
47,136928
47,136929
49,136929
POST,136929
47,136994
49,136995
POST,136995
47,136995
49,136995
POST,136995
49,136996
47,136996
POST,136996
47,137838
49,137838
POST,137838
47,137839
49,137839
POST,137839
47,137840
49,137840
POST,137840
47,137840
49,137840
POST,137840
47,137841
49,137841
POST,137841
47,137841
49,137841
POST,137841
49,137842
47,137842
POST,137842
47,138147
49,138147
POST,138147
47,138148
49,138148
POST,138148
47,138148
49,138148
POST,138148
49,138246
47,138246
POST,138246
47,138246
49,138246
POST,138246
49,138761
47,138761
POST,138761
49,138762
47,138762
POST,138762
49,138763
47,138763
POST,138763
49,138763
47,138764
POST,138764
49,138764
47,138764
POST,138764
47,138764
49,138764
POST,138764
47,139067
49,139067
POST,139067
49,139067
47,139067
POST,139067
47,139374
49,139375
POST,139375
49,139375
47,139375
POST,139375
49,140306
47,140306
POST,140306
49,140306
47,140307
POST,140307
49,140307
47,140307
POST,140307
47,140308
49,140308
POST,140308
47,140309
49,140309
POST,140309
49,140309
47,140310
POST,140310
47,140310
49,140311
POST,140311
49,140311
47,140311
POST,140311
49,140311
47,140311
POST,140311
47,140311
49,140312
POST,140312
49,140635
47,140635
POST,140635
47,140636
49,140636
POST,140636
49,140745
47,140745
POST,140745
47,140745
49,140745
POST,140745
47,140746
49,141225
POST,141225
49,141225
47,141225
POST,141225
49,141226
47,141226
POST,141226
47,141244
49,141244
POST,141244
47,141245
49,141245
POST,141245
47,141245
49,141245
POST,141245
49,141552
47,141552
POST,141552
49,141553
47,141553
POST,141553
47,141837
49,141837
POST,141837
47,141837
49,141837
POST,141837
49,142147
47,142147
POST,142147
49,142147
47,142147
POST,142147
47,142148
49,142148
POST,142148
49,142243
47,142243
POST,142243
47,142244
49,142244
POST,142244
49,142244
47,142244
POST,142244
49,142778
47,142778
POST,142778
47,142779
49,142779
POST,142779
47,142780
49,142780
POST,142780
49,142780
47,142781
POST,142781
47,142781
49,142781
POST,142781
49,143061
47,143061
POST,143061
47,143061
49,143061
POST,143061
49,143061
47,143062
POST,143062
49,143369
47,143369
POST,143369
49,143369
47,143369
POST,143369
49,143691
49,143691
47,143691
POST,143691
47,143692
49,143692
POST,143692
47,143692
49,143692
POST,143692
49,143743
47,143743
POST,143743
49,143744
47,143744
POST,143744
49,144090
47,144090
POST,144090
47,144091
49,144091
POST,144091
47,144091
49,144242
POST,144242
47,144243
49,144243
POST,144243
49,144243
47,144243
POST,144243
47,144243
49,144243
POST,144243
49,144611
47,144611
POST,144611
47,144612
49,144612
POST,144612
49,144904
47,144904
POST,144904
49,144904
47,144904
POST,144904
49,144993
47,144994
POST,144994
47,144994
49,144994
POST,144994
47,144995
49,144995
POST,144995
49,144995
47,144995
POST,144995
47,145852
49,145853
POST,145853
49,145853
47,145853
POST,145853
47,145853
49,145853
POST,145853
47,145854
49,145854
POST,145854
47,145855
49,145855
POST,145855
49,145855
47,145856
POST,145856
47,145856
49,145856
POST,145856
47,145856
49,146144
POST,146144
49,146145
47,146145
POST,146145
47,146145
49,146145
POST,146145
49,146244
47,146244
POST,146244
49,146244
47,146245
POST,146245
47,146774
49,146774
POST,146774
49,146775
47,146775
POST,146775
49,146775
47,146775
POST,146775
49,146775
47,146775
POST,146775
49,146776
47,146776
POST,146776
47,146776
49,146777
POST,146777
47,147060
49,147060
POST,147060
49,147060
47,147061
POST,147061
49,147061
47,147061
POST,147061
49,147061
47,147061
POST,147061
49,147365
47,147365
POST,147365
49,147365
47,147365
POST,147365
47,147667
49,147668
POST,147668
49,147668
47,147668
POST,147668
49,147668
47,147668
POST,147668
47,147743
49,147743
POST,147743
47,147743
49,147743
POST,147743
49,147743
47,147743
POST,147743
49,147744
47,147744
POST,147744
49,148284
47,148284
POST,148284
49,148284
47,148284
POST,148284
49,148285
47,148285
POST,148285
47,148285
49,148285
POST,148285
49,148285
47,148286
POST,148286
49,148286
47,148286
POST,148286
49,148286
47,148286
POST,148286
47,148594
49,148594
POST,148594
47,148594
49,148594
POST,148594
47,148595
49,148910
POST,148910
47,148910
49,148911
POST,148911
49,148911
47,148911
POST,148911
49,148911
47,148911
POST,148911
47,148992
49,148992
POST,148992
47,148992
49,148992
POST,148992
47,148993
49,149830
POST,149830
47,149830
47,149830
49,149830
POST,149830
47,149830
49,149831
POST,149831
47,149831
49,149831
POST,149831
49,149831
47,149831
POST,149831
47,149832
49,149832
POST,149832
49,149832
47,149832
POST,149832
47,149832
49,149832
POST,149832
47,150125
49,150125
POST,150125
47,150126
47,150126
49,150126
POST,150126
49,150741
47,150741
POST,150741
49,150741
47,150741
POST,150741
47,150741
49,150742
POST,150742
47,150742
49,150742
POST,150742
47,150742
49,150742
POST,150742
47,150742
49,150742
POST,150742
47,150743
49,150743
POST,150743
47,150743
47,150743
49,150743
POST,150743
47,150743
49,150743
POST,150743
49,150743
47,150743
POST,150743
47,150743
49,150744
POST,150744
49,150744
47,150744
POST,150744
49,151358
47,151358
POST,151358
49,151358
47,151359
POST,151359
47,151359
49,151359
POST,151359
49,151359
47,151359
POST,151359
49,151359
47,151359
POST,151359
49,151359
47,151359
POST,151359
47,151360
49,151360
POST,151360
49,151360
47,151360
POST,151360
49,151360
47,151360
POST,151360
49,151662
47,151662
POST,151662
49,151663
47,151663
POST,151663
49,151663
47,151663
POST,151663
49,151664
47,151664
POST,151664
47,151742
49,151742
POST,151742
49,151742
47,151742
POST,151742
47,151743
49,151743
POST,151743
49,151743
47,151743
POST,151743
47,151743
49,152296
POST,152296
47,152296
49,152297
POST,152297
49,152297
47,152297
POST,152297
49,152297
47,152297
POST,152297
49,152298
47,152298
POST,152298
47,152298
49,152298
POST,152298
49,152298
47,152298
POST,152298
49,152299
47,152299
POST,152299
49,152299
47,152299
POST,152299
49,152299
47,152299
POST,152299
47,152492
49,152492
POST,152492
47,152492
49,152493
POST,152493
47,152493
49,152494
POST,152494
49,152494
47,152494
POST,152494
49,152908
47,152908
POST,152908
47,152908
49,152908
POST,152908
47,152909
49,152909
POST,152909
47,152909
49,152909
POST,152909
47,152909
49,152909
POST,152909
49,152992
47,152992
POST,152992
47,152992
49,152993
POST,152993
47,152993
47,152994
49,152994
POST,152994
49,152994
47,152994
POST,152994
49,153814
47,153814
POST,153814
49,153815
47,153815
POST,153815
47,153815
49,153815
POST,153815
47,153815
49,153815
POST,153815
47,153815
49,153815
POST,153815
49,153816
47,153816
POST,153816
49,153816
47,153816
POST,153816
49,153816
47,153816
POST,153816
47,153816
49,153816
POST,153816
49,153817
47,153817
POST,153817
47,153817
49,153817
POST,153817
49,153817
47,153817
POST,153817
49,154144
47,154144
POST,154144
49,154144
47,154144
POST,154144
47,154144
49,154144
POST,154144
47,154145
49,154145
POST,154145
49,154145
47,154145
POST,154145
47,154242
49,154242
POST,154242
47,154242
49,154242
POST,154242
49,154243
47,154243
POST,154243
47,154243
49,154243
POST,154243
49,154753
47,154753
POST,154753
49,154753
47,154753
POST,154753
49,154753
47,154753
POST,154753
49,154754
47,154754
POST,154754
49,154754
47,154754
POST,154754
49,154754
47,154754
POST,154754
49,155144
47,155144
POST,155144
47,155145
49,155145
POST,155145
47,155145
49,155145
POST,155145
49,155244
47,155244
POST,155244
49,155244
47,155245
POST,155245
47,155245
49,155245
POST,155245
47,155245
49,155245
POST,155245
49,155962
47,155962
POST,155962
49,155962
47,155963
POST,155963
49,155963
47,155963
POST,155963
49,155964
47,155964
POST,155964
49,155964
49,155964
47,155964
POST,155964
47,155992
49,155992
POST,155992
47,155992
49,155992
POST,155992
47,156243
49,156243
POST,156243
49,156243
47,156243
POST,156243
49,156244
47,156244
POST,156244
49,156584
49,156585
47,156585
POST,156585
47,156585
49,156585
POST,156585
49,156862
47,156862
POST,156862
49,156863
47,156863
POST,156863
47,156992
49,156992
POST,156992
49,156992
47,156993
POST,156993
49,156993
47,156993
POST,156993
49,156993
47,157396
POST,157396
47,157397
49,157397
POST,157397
47,157397
49,157397
POST,157397
47,157492
49,157492
POST,157492
49,157492
47,157492
POST,157492
47,157816
49,157816
POST,157816
49,157817
47,157817
POST,157817
47,157991
49,157991
POST,157991
47,157992
47,157992
49,157992
POST,157992
49,158423
47,158423
POST,158423
47,158423
49,158423
POST,158423
47,158424
49,158424
POST,158424
47,158424
49,158424
POST,158424
47,158501
49,158501
POST,158501
49,158502
47,158502
POST,158502
47,158502
49,158502
POST,158502
47,158502
49,158503
POST,158503
47,158743
49,158743
POST,158743
47,158743
49,158744
POST,158744
49,158744
47,158744
POST,158744
49,158744
47,158745
POST,158745
49,159037
47,159037
POST,159037
47,159038
49,159038
POST,159038
49,159376
47,159376
POST,159376
47,159376
47,159377
47,159377
49,159377
POST,159377
49,159493
47,159494
POST,159494
49,159494
47,159494
POST,159494
47,159764
49,159764
POST,159764
47,159764
49,159765
POST,159765
47,159766
49,159766
POST,159766
47,159766
49,159766
POST,159766
49,159766
47,160285
POST,160285
49,160286
47,160286
POST,160286
49,160286
47,160286
POST,160286
47,160287
49,160287
POST,160287
47,160287
49,160287
POST,160287
49,160570
47,160570
POST,160570
47,160570
49,160570
POST,160570
49,160571
47,160571
POST,160571
49,160572
47,160572
POST,160572
47,160878
49,160878
POST,160878
49,160878
47,160878
POST,160878
47,160878
49,160878
POST,160878
47,161186
49,161186
POST,161186
49,161186
47,161186
POST,161186
47,161187
49,161187
POST,161187
49,161187
47,161187
POST,161187
47,161187
49,161187
POST,161187
49,161242
47,161242
POST,161242
47,161242
49,161242
POST,161242
47,161242
49,161242
POST,161242
47,161802
49,161802
POST,161802
47,161802
49,161802
POST,161802
49,161802
47,161802
POST,161802
47,161803
49,161803
POST,161803
47,161803
49,161803
POST,161803
49,161803
47,161803
POST,161803
49,161803
47,161804
POST,161804
49,161804
47,161804
POST,161804
49,161804
49,161804
47,161804
POST,161804
47,162109
49,162109
POST,162109
47,162109
49,162110
POST,162110
49,162110
47,162110
POST,162110
47,162111
49,162111
POST,162111
49,162418
47,162418
POST,162418
47,162418
49,162419
POST,162419
49,162419
47,162419
POST,162419
49,162419
47,162419
POST,162419
47,162491
49,162491
POST,162491
49,162491
47,162491
POST,162491
47,162492
49,162492
POST,162492
49,162492
47,163034
POST,163034
49,163034
47,163034
POST,163034
49,163034
47,163034
POST,163034
47,163034
49,163034
POST,163034
49,163034
47,163034
POST,163034
49,163034
47,163035
POST,163035
49,163035
47,163035
POST,163035
49,163035
49,163035
47,163035
POST,163035
49,163341
47,163341
POST,163341
47,163341
49,163341
POST,163341
47,163341
49,163341
POST,163341
49,163341
47,163341
POST,163341
47,163341
49,163647
POST,163647
47,163648
49,163648
POST,163648
47,163648
49,163648
POST,163648
49,163648
47,163648
POST,163648
49,163648
47,163648
POST,163648
49,163740
47,163741
POST,163741
47,163741
49,163743
POST,163743
49,163743
47,163743
POST,163743
47,163743
49,163743
POST,163743
49,163743
47,163744
POST,163744
49,164270
47,164270
POST,164270
49,164270
47,164270
POST,164270
49,164270
49,164271
47,164271
POST,164271
49,164271
47,164271
POST,164271
47,164271
49,164271
POST,164271
47,164271
49,164271
POST,164271
47,164272
49,164272
POST,164272
47,164571
49,164571
POST,164571
47,164571
49,164571
POST,164571
49,164571
47,164571
POST,164571
47,164572
49,164572
POST,164572
49,164881
47,164882
POST,164882
49,164882
49,164882
47,164882
POST,164882
47,164882
49,164882
POST,164882
47,164992
49,164992
POST,164992
49,164992
47,164992
POST,164992
49,165240
47,165240
POST,165240
49,165240
47,165240
POST,165240
49,165241
47,165241
POST,165241
49,165241
47,165241
POST,165241
47,165559
49,165559
POST,165559
49,165559
47,165559
POST,165559
49,165559
47,165560
POST,165560
47,165560
49,165560
POST,165560
49,165755
47,165756
POST,165756
49,165756
47,165756
POST,165756
49,165756
49,165756
47,165756
POST,165756
47,165990
49,165990
POST,165990
47,165991
49,165991
POST,165991
47,165991
49,165991
POST,165991
49,165991
47,165991
POST,165991
49,165991
47,166241
POST,166241
49,166241
47,166241
POST,166241
47,166241
49,166241
POST,166241
49,166241
47,166242
POST,166242
47,166242
49,166718
POST,166718
49,166718
47,166719
POST,166719
49,166719
47,166719
POST,166719
49,166719
47,166719
POST,166719
49,166719
47,166719
POST,166719
47,166740
49,166740
POST,166740
49,166740
47,166740
POST,166740
47,166741
49,166741
POST,166741
49,166741
47,166741
POST,166741
47,166741
49,166741
POST,166741
49,167023
47,167023
POST,167023
49,167023
47,167023
POST,167023
47,167023
49,167024
POST,167024
49,167024
47,167024
POST,167024
49,167355
47,167355
POST,167355
49,167355
47,167355
POST,167355
47,167355
49,167355
POST,167355
47,167355
49,167355
POST,167355
49,167355
47,167491
POST,167491
47,167491
49,167491
POST,167491
49,167491
47,167491
POST,167491
49,167491
47,167491
POST,167491
47,167491
49,167491
POST,167491
49,167742
47,167742
POST,167742
47,167742
49,167743
POST,167743
47,167743
47,167743
49,167743
POST,167743
47,167743
49,168265
POST,168265
49,168265
47,168265
POST,168265
47,168266
49,168266
POST,168266
49,168266
47,168266
POST,168266
47,168266
49,168266
POST,168266
47,168266
49,168266
POST,168266
47,168266
49,168266
POST,168266
49,168267
47,168267
POST,168267
49,168267
47,168267
POST,168267
47,168267
49,169178
POST,169178
47,169178
49,169179
POST,169179
49,169179
47,169179
POST,169179
49,169179
47,169180
POST,169180
49,169180
47,169180
POST,169180
49,169180
47,169180
POST,169180
47,169180
49,169180
POST,169180
47,169181
47,169181
49,169181
POST,169181
47,169181
49,169181
POST,169181
49,169181
47,169181
POST,169181
47,169181
49,169181
POST,169181
49,169182
47,169182
POST,169182
47,169182
49,169182
POST,169182
49,169240
47,169240
POST,169240
47,169240
49,169241
POST,169241
47,169241
49,169241
POST,169241
49,169242
47,169242
POST,169242
47,169511
49,169511
POST,169511
47,169511
49,169511
POST,169511
47,169512
49,169512
POST,169512
49,169512
47,169512
POST,169512
47,169512
49,169512
POST,169512
49,169741
47,169741
POST,169741
49,169741
47,169741
POST,169741
49,169741
47,169741
POST,169741
49,169741
47,169742
POST,169742
47,169742
49,170094
POST,170094
47,170094
49,170094
POST,170094
49,170094
47,170094
POST,170094
49,170094
47,170094
POST,170094
47,170095
49,170095
POST,170095
47,170417
49,170417
POST,170417
49,170417
47,170436
POST,170436
49,170436
47,170436
POST,170436
47,170436
49,170436
POST,170436
47,170490
49,170490
POST,170490
49,170490
47,170490
POST,170490
47,170490
49,170490
POST,170490
47,170491
49,170491
POST,170491
49,170491
47,170491
POST,170491
49,170741
47,170741
POST,170741
49,170741
47,170741
POST,170741
47,170741
49,170742
POST,170742
49,170742
47,170742
POST,170742
47,170742
49,170742
POST,170742
47,171028
49,171029
POST,171029
47,171029
49,171030
POST,171030
49,171030
47,171030
POST,171030
49,171030
47,171030
POST,171030
49,171241
47,171242
POST,171242
49,171242
47,171242
POST,171242
49,171242
49,171242
47,171242
POST,171242
49,171243
47,171243
POST,171243
47,171639
49,171639
POST,171639
47,171640
49,171640
POST,171640
49,171640
47,171640
POST,171640
49,171641
47,171641
POST,171641
47,171641
49,171641
POST,171641
49,171740
47,171740
POST,171740
47,171740
49,171740
POST,171740
49,171740
47,171741
POST,171741
47,172253
49,172254
POST,172254
47,172254
49,172254
POST,172254
47,172254
49,172254
POST,172254
49,172255
47,172255
POST,172255
49,172255
47,172255
POST,172255
47,172256
49,172256
POST,172256
49,172256
47,172258
POST,172258
49,172258
49,172258
47,172258
POST,172258
49,172568
47,172568
POST,172568
49,172568
47,172569
POST,172569
47,172569
49,172569
POST,172569
49,172570
47,172570
POST,172570
47,172739
49,172739
POST,172739
49,172739
47,172739
POST,172739
47,172739
49,172739
POST,172739
47,172740
49,172740
POST,172740
49,172740
47,172740
POST,172740
49,172989
47,172989
POST,172989
47,172989
49,172989
POST,172989
47,172990
49,172990
POST,172990
47,172990
49,172990
POST,172990
47,172990
49,173241
POST,173241
49,173241
47,173241
POST,173241
49,173241
47,173242
POST,173242
49,173242
47,173242
POST,173242
47,173242
49,173243
POST,173243
47,173491
49,173491
POST,173491
49,173491
47,173491
POST,173491
49,173491
47,173491
POST,173491
49,173491
49,173782
47,173782
POST,173782
49,173782
47,173782
POST,173782
49,173782
47,173782
POST,173782
49,173783
47,173783
POST,173783
49,173783
47,174089
POST,174089
47,174090
49,174090
POST,174090
49,174090
47,174090
POST,174090
47,174090
49,174091
POST,174091
47,174091
49,174091
POST,174091
49,174091
47,174416
POST,174416
47,174416
49,174417
POST,174417
47,174417
49,174417
POST,174417
47,174417
49,174417
POST,174417
47,174418
49,174418
POST,174418
47,174489
49,174490
POST,174490
47,174490
49,174490
POST,174490
47,174490
49,174490
POST,174490
49,174490
47,174491
POST,174491
47,174806
49,174806
POST,174806
47,174806
49,174807
POST,174807
49,174807
47,174807
POST,174807
47,174807
49,174808
POST,174808
47,174808
49,174808
POST,174808
49,175012
47,175012
POST,175012
49,175013
47,175013
POST,175013
47,175013
49,175013
POST,175013
49,175013
47,175013
POST,175013
47,175013
49,175013
POST,175013
49,175323
47,175323
POST,175323
47,175323
49,175323
POST,175323
49,175323
47,175324
POST,175324
47,175324
49,175324
POST,175324
47,175625
49,175625
POST,175625
47,175625
49,175625
POST,175625
49,175626
47,175626
POST,175626
49,175626
47,175626
POST,175626
47,175626
49,175626
POST,175626
47,175933
49,175934
POST,175934
49,175934
47,175934
POST,175934
49,175934
47,175934
POST,175934
47,175934
49,175934
POST,175934
47,175935
49,175989
POST,175989
47,175989
47,175989
49,175990
POST,175990
47,175990
49,175990
POST,175990
49,176242
47,176242
POST,176242
47,176243
49,176243
POST,176243
49,176243
47,176244
POST,176244
49,176244
47,176244
POST,176244
47,176716
47,176716
49,176716
POST,176716
49,176717
47,176717
POST,176717
47,176717
49,176717
POST,176717
49,176740
47,176740
POST,176740
47,176740
49,176740
POST,176740
49,176740
47,176740
POST,176740
49,176741
47,176741
POST,176741
47,177784
49,177784
POST,177784
49,177785
47,177785
POST,177785
47,177785
49,177785
POST,177785
47,177786
49,177786
POST,177786
49,177786
47,177786
POST,177786
47,177786
49,177787
POST,177787
47,177787
49,177787
POST,177787
49,177787
47,177788
POST,177788
49,177788
47,177788
POST,177788
49,177788
49,177788
47,177788
POST,177788
47,177788
49,177788
POST,177788
49,177789
47,177789
POST,177789
47,177789
49,177789
POST,177789
47,177789
49,177789
POST,177789
49,177789
47,177789
POST,177789
49,177790
47,177790
POST,177790
47,177790
49,177790
POST,177790
49,178108
47,178108
POST,178108
47,178108
49,178108
POST,178108
49,178108
47,178109
POST,178109
49,178109
47,178109
POST,178109
49,178109
47,178239
POST,178239
49,178239
47,178239
POST,178239
47,178239
49,178239
POST,178239
49,178240
47,178240
POST,178240
47,178240
49,178240
POST,178240
47,178701
49,178701
POST,178701
47,178701
49,178701
POST,178701
49,178701
47,178701
POST,178701
47,178701
49,178702
POST,178702
47,178702
49,178739
POST,178739
47,178740
49,178740
POST,178740
49,178740
47,178740
POST,178740
49,178740
47,178740
POST,178740
49,179006
47,179006
POST,179006
49,179006
47,179006
POST,179006
49,179007
47,179331
POST,179331
47,179332
49,179332
POST,179332
49,179623
47,179623
POST,179623
47,179623
49,179623
POST,179623
47,179924
49,179925
POST,179925
49,179925
47,179925
POST,179925
47,179925
49,179926
POST,179926
47,179926
49,179926
POST,179926
49,179999
47,179999
POST,179999
47,179999
49,179999
POST,179999
49,180848
47,180848
POST,180848
49,180849
47,180849
POST,180849
49,180850
47,180850
POST,180850
49,180850
47,180851
POST,180851
49,180853
47,180853
POST,180853
49,180853
49,180854
47,180854
POST,180854
49,180854
47,181154
POST,181154
47,181154
49,181155
POST,181155
47,181156
49,181238
POST,181238
47,181238
49,181238
POST,181238
47,181238
47,181770
49,181771
POST,181771
47,181771
49,181771
POST,181771
47,181772
49,181772
POST,181772
47,181772
49,181772
POST,181772
49,181773
47,181773
POST,181773
49,181773
47,181988
POST,181988
49,181988
47,181989
POST,181989
49,181989
47,182387
POST,182387
49,182388
47,182388
POST,182388
47,182388
49,182389
POST,182389
47,182389
49,182389
POST,182389
49,182490
47,182490
POST,182490
47,182490
49,182490
POST,182490
49,182997
47,182998
POST,182998
49,182998
47,182998
POST,182998
47,182999
49,182999
POST,182999
49,183000
47,183000
POST,183000
47,183000
49,183000
POST,183000
47,183311
49,183312
POST,183312
49,183312
47,183312
POST,183312
49,183488
47,183488
POST,183488
47,183489
49,183489
POST,183489
47,183489
49,183490
POST,183490
47,183920
49,183920
POST,183920
47,183920
49,183920
POST,183920
47,183921
49,183988
POST,183988
49,183988
47,183989
POST,183989
49,183989
47,183989
POST,183989
49,183989
47,184238
POST,184238
49,184239
47,184239
POST,184239
49,184239
47,184239
POST,184239
47,184490
49,184490
POST,184490
49,184490
47,184490
POST,184490
49,184740
47,184740
POST,184740
47,184740
49,184740
POST,184740
47,185090
49,185090
POST,185090
49,185091
47,185091
POST,185091
49,185456
47,185456
POST,185456
47,185457
49,185457
POST,185457
47,185457
49,185457
POST,185457
49,185489
47,185489
POST,185489
49,185490
47,185490
POST,185490
49,185490
47,185490
POST,185490
49,185791
47,185791
POST,185791
49,185792
47,185792
POST,185792
47,186069
49,186069
POST,186069
47,186070
49,186070
POST,186070
47,186071
49,186071
POST,186071
49,186241
47,186241
POST,186241
47,186241
49,186241
POST,186241
47,186242
49,186242
POST,186242
49,186688
47,186689
POST,186689
49,186689
49,186689
47,186738
POST,186738
49,186739
47,186739
POST,186739
49,186739
49,186739
47,186740
POST,186740
47,186991
49,186991
POST,186991
47,186991
49,186992
POST,186992
49,187313
47,187313
POST,187313
47,187314
49,187314
POST,187314
47,187314
49,187314
POST,187314
49,187605
47,187606
POST,187606
49,187606
47,187606
POST,187606
47,187606
49,187606
POST,187606
47,187927
49,187927
POST,187927
47,187927
49,187927
POST,187927
49,187988
47,187988
POST,187988
49,187988
47,187989
POST,187989
49,188238
47,188239
POST,188239
47,188239
49,188240
POST,188240
49,188536
47,188536
POST,188536
49,188536
47,188537
POST,188537
49,188537
49,188739
47,188740
POST,188740
47,188740
49,188740
POST,188740
47,188740
49,188740
POST,188740
47,188989
49,188989
POST,188989
47,188989
49,188989
POST,188989
49,189452
47,189453
POST,189453
49,189453
47,189488
POST,189488
49,189488
47,189488
POST,189488
49,189488
47,189489
POST,189489
49,189489
47,189490
POST,189490
49,189764
47,189764
POST,189764
49,189764
49,189764
47,189764
POST,189764
49,190085
47,190085
POST,190085
47,190085
49,190085
POST,190085
47,190374
49,190374
POST,190374
49,190374
47,190374
POST,190374
49,190375
47,190489
POST,190489
47,190489
49,190489
POST,190489
49,190490
47,190490
POST,190490
49,190490
47,190490
POST,190490
47,191010
49,191010
POST,191010
49,191010
47,191011
POST,191011
49,191011
47,191011
POST,191011
47,191011
49,191011
POST,191011
47,191012
49,191292
POST,191292
49,191293
47,191293
POST,191293
49,191293
47,191293
POST,191293
49,191293
47,191294
POST,191294
49,191487
47,191487
POST,191487
47,191488
49,191488
POST,191488
47,191910
49,191910
POST,191910
47,191910
49,191911
POST,191911
47,191993
49,191993
POST,191993
49,191996
47,191996
POST,191996
49,191996
47,191996
POST,191996
47,192818
49,192819
POST,192819
49,192819
47,192820
POST,192820
47,192820
49,192820
POST,192820
49,192821
47,192821
POST,192821
47,192821
49,192821
POST,192821
49,192822
47,192822
POST,192822
49,192822
47,192823
POST,192823
47,193144
49,193144
POST,193144
47,193144
49,193145
POST,193145
49,193238
47,193238
POST,193238
49,193238
47,193239
POST,193239
49,193239
47,193239
POST,193239
47,193240
49,193240
POST,193240
47,193751
49,193751
POST,193751
47,193751
49,193751
POST,193751
49,193752
47,193752
POST,193752
47,193752
49,193752
POST,193752
47,194069
49,194069
POST,194069
49,194069
47,194070
POST,194070
47,194070
49,194071
POST,194071
47,194071
49,194245
POST,194245
47,194246
49,194246
POST,194246
49,194246
47,194246
POST,194246
47,194691
49,194691
POST,194691
47,194692
49,194692
POST,194692
47,194737
49,194737
POST,194737
47,194737
49,194737
POST,194737
49,195080
47,195080
POST,195080
47,195081
49,195081
POST,195081
47,195081
49,195081
POST,195081
