47,2012
49,2021
POST,2021
47,4081
49,4082
POST,4082
49,4492
47,4493
POST,4493
49,4494
47,4494
POST,4494
49,9009
47,9010
POST,9010
47,9010
49,9011
POST,9011
47,10234
49,10234
POST,10234
49,11721
47,11726
POST,11726
47,12088
49,12088
POST,12088
49,16419
47,16419
POST,16419
49,19745
47,19745
POST,19745
47,19746
49,19747
POST,19747
47,20735
49,20736
POST,20736
49,21282
47,21283
POST,21283
49,21284
47,21285
POST,21285
47,21286
49,21286
POST,21286
47,21287
49,21287
POST,21287
47,21288
49,21288
POST,21288
49,21893
47,21893
POST,21893
49,23004
47,23004
POST,23004
49,24470
47,24470
POST,24470
49,24471
47,24472
POST,24472
47,25890
49,25890
POST,25890
47,25891
49,25891
POST,25891
49,28039
47,28039
POST,28039
49,28040
47,28040
POST,28040
49,28040
47,28041
POST,28041
47,28041
49,28042
POST,28042
47,28042
49,28042
POST,28042
47,28042
49,28043
POST,28043
49,28347
47,28348
POST,28348
49,28349
47,28349
POST,28349
47,28350
49,28351
POST,28351
49,28351
47,28351
POST,28351
49,28352
47,28352
POST,28352
49,28353
47,28353
POST,28353
47,28654
49,28655
POST,28655
49,28655
47,28655
POST,28655
47,28656
49,28657
POST,28657
47,28657
49,28658
POST,28658
49,28658
47,28658
POST,28658
49,28658
47,28659
POST,28659
49,28659
47,28755
POST,28755
47,28755
49,28755
POST,28755
47,28756
49,28756
POST,28756
49,28756
47,28757
POST,28757
47,28757
49,28757
POST,28757
47,28758
49,28758
POST,28758
49,28758
47,28758
POST,28758
49,28759
47,29272
POST,29272
49,29272
47,29272
POST,29272
49,29273
47,29273
POST,29273
49,29273
47,29273
POST,29273
47,29274
49,29274
POST,29274
47,29274
49,29274
POST,29274
49,29275
47,29275
POST,29275
47,29275
49,29276
POST,29276
47,29276
49,29276
POST,29276
47,29276
49,29277
POST,29277
47,29277
49,29277
POST,29277
47,29277
47,29278
49,29278
POST,29278
47,29278
49,29503
POST,29503
47,29503
47,29504
49,29504
POST,29504
49,29505
47,29505
POST,29505
49,29506
47,29506
POST,29506
47,29507
49,29507
POST,29507
47,29507
49,29508
POST,29508
47,29508
49,29508
POST,29508
47,29881
49,29882
POST,29882
49,29882
47,29882
POST,29882
47,29882
49,29882
POST,29882
49,29882
47,29883
POST,29883
49,29883
47,29883
POST,29883
49,29883
47,29883
POST,29883
49,30190
47,30191
POST,30191
47,30191
49,30191
POST,30191
49,30191
47,30191
POST,30191
47,30192
49,30192
POST,30192
49,30192
47,30192
POST,30192
47,30193
49,30193
POST,30193
49,30252
47,30252
POST,30252
47,30253
49,30253
POST,30253
49,30253
47,30254
POST,30254
49,30254
47,30254
POST,30254
49,30255
47,30255
POST,30255
47,30255
49,30255
POST,30255
49,30256
47,30256
POST,30256
49,30581
47,30581
POST,30581
49,30581
47,30582
POST,30582
49,30582
47,30582
POST,30582
49,30582
47,30583
POST,30583
47,30583
49,30583
POST,30583
47,30583
49,30583
POST,30583
47,30584
49,30753
POST,30753
47,30753
49,30753
POST,30753
49,30754
47,30754
POST,30754
49,30754
47,30754
POST,30754
49,30754
47,30755
POST,30755
47,31012
49,31012
POST,31012
47,31012
49,31012
POST,31012
49,31013
47,31013
POST,31013
47,31013
49,31013
POST,31013
49,31013
47,31014
POST,31014
49,31014
47,31014
POST,31014
47,31456
49,31456
POST,31456
47,31456
49,31457
POST,31457
47,31457
49,31457
POST,31457
49,31458
47,31458
POST,31458
49,31458
47,31458
POST,31458
49,31458
47,31459
POST,31459
47,31506
49,31506
POST,31506
47,31507
49,31507
POST,31507
47,31507
49,31507
POST,31507
47,31507
49,31508
POST,31508
49,31508
47,31508
POST,31508
47,31508
49,31508
POST,31508
47,31508
49,32032
POST,32032
47,32033
49,32033
POST,32033
49,32033
47,32033
POST,32033
49,32033
47,32033
POST,32033
47,32034
49,32034
POST,32034
49,32034
47,32034
POST,32034
47,32035
49,32035
POST,32035
49,32035
47,32036
POST,32036
47,32036
49,32036
POST,32036
47,32036
49,32037
POST,32037
47,32037
49,32037
POST,32037
49,32037
47,32037
POST,32037
47,32038
49,32038
POST,32038
49,32038
47,32038
POST,32038
49,32649
47,32649
POST,32649
47,32649
49,32650
POST,32650
49,32650
47,32650
POST,32650
47,32650
49,32650
POST,32650
49,32651
47,32651
POST,32651
49,32651
47,32651
POST,32651
47,32652
49,32652
POST,32652
47,32652
49,32652
POST,32652
47,32652
49,32652
POST,32652
49,32653
47,32653
POST,32653
47,32653
49,32653
POST,32653
49,32653
47,32654
POST,32654
47,32654
49,32752
POST,32752
49,32752
47,32752
POST,32752
49,32753
47,32753
POST,32753
49,32753
47,32753
POST,32753
47,32753
49,32753
POST,32753
49,32754
47,32754
POST,32754
49,32754
47,32754
POST,32754
49,33265
47,33266
POST,33266
47,33266
49,33266
POST,33266
47,33266
49,33266
POST,33266
47,33266
49,33267
POST,33267
49,33267
47,33267
POST,33267
49,33267
47,33267
POST,33267
47,33268
49,33269
POST,33269
47,33269
49,33269
POST,33269
47,33269
49,33270
POST,33270
49,39352
49,39352
49,39501
49,39501
49,39501
49,39501
49,39502
49,39502
49,39502
49,39710
49,39711
49,40736
49,40736
49,42177
49,42178
49,42178
49,42178
49,42178
49,42178
49,42250
49,42251
49,42251
49,42251
49,42475
49,42476
49,50157
49,50158
47,50158
POST,50158
49,50780
47,50781
POST,50781
47,50781
49,50781
POST,50781
49,50781
47,50781
POST,50781
49,50781
47,50782
POST,50782
49,50782
47,50782
POST,50782
49,50782
47,50783
POST,50783
49,51389
47,51389
POST,51389
47,51390
49,51390
POST,51390
47,51390
49,51390
POST,51390
49,51391
47,51391
POST,51391
47,51393
49,51393
POST,51393
47,51393
49,51393
POST,51393
49,51394
47,51394
POST,51394
49,51394
47,51394
POST,51394
47,51491
49,51491
POST,51491
47,51491
49,51492
POST,51492
49,51492
47,51492
POST,51492
49,51492
47,51492
POST,51492
49,52003
47,52003
POST,52003
49,52003
47,52004
POST,52004
49,52306
47,52307
POST,52307
49,52307
47,52307
POST,52307
49,52307
47,52307
POST,52307
47,52308
49,52308
POST,52308
49,52308
47,52308
POST,52308
47,52612
49,52613
POST,52613
47,52613
49,52614
POST,52614
49,52614
47,52614
POST,52614
47,52614
49,52615
POST,52615
47,52615
49,52615
POST,52615
47,52615
49,52616
POST,52616
49,52922
47,52923
POST,52923
47,52923
49,52923
POST,52923
49,52923
47,52924
POST,52924
49,52924
47,52931
POST,52931
49,52932
47,52932
POST,52932
47,52932
49,52932
POST,52932
49,52980
47,52980
POST,52980
47,52981
49,52981
POST,52981
49,52981
47,52981
POST,52981
47,53261
49,53261
POST,53261
47,53262
49,53262
POST,53262
47,53262
49,53262
POST,53262
49,53262
47,53262
POST,53262
47,53263
49,53263
POST,53263
49,53263
47,53263
POST,53263
49,53542
47,53542
POST,53542
49,53542
47,53542
POST,53542
49,53543
47,53543
POST,53543
47,53543
49,53543
POST,53543
49,53543
47,53544
POST,53544
49,53544
47,53544
POST,53544
47,53842
49,53842
POST,53842
47,53842
49,53842
POST,53842
47,54148
49,54149
POST,54149
47,54149
49,54149
POST,54149
47,54149
49,54149
POST,54149
49,54149
47,54149
POST,54149
47,54149
49,54150
POST,54150
49,54150
47,54150
POST,54150
47,54251
49,54251
POST,54251
49,54252
47,54252
POST,54252
47,54252
49,54253
POST,54253
49,54253
47,54253
POST,54253
47,54253
49,54253
POST,54253
49,54253
47,54254
POST,54254
47,54771
49,54771
POST,54771
47,54771
49,54771
POST,54771
47,54771
49,54771
POST,54771
47,54772
49,54772
POST,54772
47,54772
49,54772
POST,54772
47,54772
49,54772
POST,54772
49,54773
47,54773
POST,54773
49,54773
47,54773
POST,54773
47,54773
49,54774
POST,54774
49,54774
47,54774
POST,54774
47,54774
49,54774
POST,54774
47,54774
49,54775
POST,54775
47,54775
49,54775
POST,54775
47,54775
49,55082
POST,55082
49,55082
47,55082
POST,55082
49,55082
47,55082
POST,55082
49,55082
47,55082
POST,55082
47,55082
49,55083
POST,55083
49,55083
47,55083
POST,55083
49,55083
47,55083
POST,55083
47,55749
49,55750
POST,55750
47,55750
49,55750
POST,55750
49,67250
47,67250
POST,67250
47,68912
49,68912
POST,68912
49,69516
47,69834
POST,69834
49,75349
49,80582
47,84261
POST,84261
49,84261
47,88258
POST,88258
49,88258
49,91995
47,91995
POST,91995
49,95693
47,95693
POST,95693
47,99630
49,99631
POST,99631
49,103637
47,103637
POST,103637
49,107304
47,107304
POST,107304
47,110994
49,111299
POST,111299
49,114992
47,114992
POST,114992
47,118978
49,118978
POST,118978
49,122659
47,122659
POST,122659
49,126444
47,126444
POST,126444
47,130354
49,130354
POST,130354
49,134024
47,134024
POST,134024
49,134025
47,134025
POST,134025
49,134331
47,134331
POST,134331
49,134332
47,134332
POST,134332
49,134332
47,134333
POST,134333
49,134333
47,134333
POST,134333
47,134333
49,134333
POST,134333
47,134649
49,134649
POST,134649
47,134649
49,134649
POST,134649
47,134649
49,134649
POST,134649
49,134650
47,134650
POST,134650
47,134650
49,134650
POST,134650
47,134650
49,134651
POST,134651
49,134651
47,134740
POST,134740
47,134740
49,134740
POST,134740
47,134741
49,134741
POST,134741
49,134741
47,134741
POST,134741
49,134741
47,134741
POST,134741
47,135262
49,135262
POST,135262
47,135262
49,135263
POST,135263
49,135263
47,135263
POST,135263
49,135987
47,135987
POST,135987
47,136486
49,136487
POST,136487
47,136487
49,136487
POST,136487
47,136488
49,136488
POST,136488
47,136488
49,136488
POST,136488
49,136490
47,136490
POST,136490
47,136790
49,136790
POST,136790
49,136790
47,136790
POST,136790
49,136790
47,136790
POST,136790
49,136791
47,136791
POST,136791
47,136791
49,136793
POST,136793
49,137224
47,137224
POST,137224
49,137224
47,137245
POST,137245
47,137245
49,137245
POST,137245
47,137245
49,137246
POST,137246
47,137246
49,137246
POST,137246
47,137246
49,137246
POST,137246
49,138019
47,138019
POST,138019
49,138020
47,138020
POST,138020
47,138020
49,138020
POST,138020
47,138225
49,138225
POST,138225
49,138225
47,138225
POST,138225
49,145238
47,145238
POST,145238
47,145238
49,145238
POST,145238
47,145238
49,145238
POST,145238
49,145239
47,145239
POST,145239
49,145239
47,145239
POST,145239
49,145239
47,145239
POST,145239
49,145240
47,145240
POST,145240
47,145591
49,145591
POST,145591
49,145591
47,145591
POST,145591
47,145591
49,145591
POST,145591
47,145592
49,145592
POST,145592
47,145592
49,145592
POST,145592
47,145592
49,145592
POST,145592
47,145593
49,146014
POST,146014
49,146014
47,146014
POST,146014
49,146015
47,146015
POST,146015
49,146015
47,146015
POST,146015
47,146015
49,146015
POST,146015
49,146016
47,146016
POST,146016
47,146016
49,146016
POST,146016
49,146017
47,146017
POST,146017
47,146017
49,146017
POST,146017
47,146017
49,146017
POST,146017
49,146018
47,146018
POST,146018
47,146018
49,146018
POST,146018
47,146018
49,146018
POST,146018
47,146314
49,146315
POST,146315
49,146315
47,146315
POST,146315
49,146315
47,146315
POST,146315
47,146315
49,146315
POST,146315
49,146315
47,146316
POST,146316
47,146316
49,146316
POST,146316
47,146316
49,146636
POST,146636
49,146636
47,146636
POST,146636
49,146636
47,146636
POST,146636
49,146637
47,146637
POST,146637
47,146637
49,146637
POST,146637
47,146637
49,146637
POST,146637
47,146637
49,146637
POST,146637
49,146638
47,146738
POST,146738
47,146738
49,146738
POST,146738
49,146738
47,146739
POST,146739
47,146739
49,146739
POST,146739
49,146739
47,146739
POST,146739
49,146739
47,146739
POST,146739
49,146740
47,146740
POST,146740
47,147240
49,147240
POST,147240
49,147240
47,147240
POST,147240
47,147240
49,147241
POST,147241
47,147241
49,147241
POST,147241
49,147241
47,147241
POST,147241
47,147241
49,147241
POST,147241
49,147242
47,147242
POST,147242
49,147242
47,147242
POST,147242
47,147242
49,147243
POST,147243
49,147243
47,147243
POST,147243
47,147244
49,147244
POST,147244
47,147244
49,147244
POST,147244
47,147244
49,147712
POST,147712
47,147712
49,147713
POST,147713
47,147713
49,147713
POST,147713
49,147713
47,147713
POST,147713
47,147713
49,147713
POST,147713
47,147713
49,147713
POST,147713
49,147714
47,147714
POST,147714
49,147714
47,147738
POST,147738
49,147738
47,147738
POST,147738
47,147738
49,147739
POST,147739
49,147739
47,147739
POST,147739
47,147739
49,147739
POST,147739
47,147739
49,147739
POST,147739
49,147740
47,147740
POST,147740
49,148162
47,148162
POST,148162
49,148162
47,148162
POST,148162
47,148162
49,148162
POST,148162
49,148162
47,148163
POST,148163
47,148163
49,148163
POST,148163
49,148163
47,148163
POST,148163
49,148193
47,148193
POST,148193
49,148193
47,148193
POST,148193
49,148237
47,148771
POST,148771
49,148771
47,148772
POST,148772
47,148772
49,148772
POST,148772
47,148772
49,148772
POST,148772
47,148774
49,148775
POST,148775
47,148775
49,148775
POST,148775
47,148775
49,148775
POST,148775
49,148775
47,148775
POST,148775
49,148775
47,148775
POST,148775
49,148776
47,148776
POST,148776
49,149081
47,149081
POST,149081
47,149081
49,149081
POST,149081
47,149082
49,149082
POST,149082
47,149082
49,149082
POST,149082
47,149082
49,149082
POST,149082
49,149083
47,149083
POST,149083
47,149386
49,149386
POST,149386
47,149386
49,149386
POST,149386
47,149386
49,149386
POST,149386
47,149386
49,149386
POST,149386
49,149386
47,149386
POST,149386
47,149386
49,149387
POST,149387
47,149387
49,149487
POST,149487
49,149487
47,149487
POST,149487
49,149488
47,149488
POST,149488
47,149488
49,149488
POST,149488
49,149488
47,149488
POST,149488
47,149488
49,149488
POST,149488
47,149489
49,149489
POST,149489
47,149489
49,149842
POST,149842
47,149842
49,149842
POST,149842
49,149842
47,149842
POST,149842
47,149842
49,149843
POST,149843
49,149843
47,149843
POST,149843
47,149843
49,149843
POST,149843
47,149843
49,149843
POST,149843
49,150000
47,150000
POST,150000
47,150000
49,150001
POST,150001
49,150001
47,150001
POST,150001
49,150001
47,150001
POST,150001
49,150001
47,150001
POST,150001
49,150001
47,150001
POST,150001
47,150299
49,150299
POST,150299
47,150299
49,150299
POST,150299
47,150301
49,150301
POST,150301
49,150301
47,150301
POST,150301
47,150301
49,150302
POST,150302
49,150302
47,150302
POST,150302
47,150302
49,150302
POST,150302
49,150617
47,150617
POST,150617
49,150617
47,150617
POST,150617
47,150617
49,150617
POST,150617
47,150618
49,150618
POST,150618
47,150618
49,150618
POST,150618
47,150618
49,150618
POST,150618
47,150618
49,150618
POST,150618
47,150921
49,150921
POST,150921
49,150922
47,150922
POST,150922
49,150922
47,150922
POST,150922
47,150922
49,150923
POST,150923
47,150923
49,150923
POST,150923
47,150923
49,150923
POST,150923
47,150988
49,150988
POST,150988
47,150988
49,150989
POST,150989
47,150989
47,150989
49,150989
POST,150989
47,150989
47,150989
49,150989
POST,150989
47,150989
49,150990
POST,150990
47,151238
49,151238
POST,151238
47,151238
49,151238
POST,151238
49,151238
47,151238
POST,151238
47,151239
49,151239
POST,151239
49,151239
47,151239
POST,151239
49,151239
47,151239
POST,151239
49,151239
47,151540
POST,151540
47,151540
49,151540
POST,151540
49,151540
47,151540
POST,151540
47,151540
49,151540
POST,151540
47,151540
49,151541
POST,151541
47,151541
49,151541
POST,151541
49,151541
47,151541
POST,151541
47,151844
49,151844
POST,151844
47,151844
49,151844
POST,151844
49,151844
47,151844
POST,151844
47,151844
49,151845
POST,151845
49,151845
47,151845
POST,151845
49,151845
47,151845
POST,151845
47,151997
49,151997
POST,151997
47,151997
49,151997
POST,151997
49,151997
47,151998
POST,151998
49,151998
47,151998
POST,151998
47,151998
49,151998
POST,151998
49,151998
47,151998
POST,151998
47,151998
49,151999
POST,151999
47,151999
49,152455
POST,152455
47,152455
49,152455
POST,152455
47,152455
49,152455
POST,152455
49,152456
47,152456
POST,152456
49,152456
47,152456
POST,152456
49,152456
47,152456
POST,152456
49,152456
47,152456
POST,152456
47,152487
49,152487
POST,152487
49,152487
47,152487
POST,152487
47,152487
49,152487
POST,152487
49,152487
47,152488
POST,152488
49,152488
47,152488
POST,152488
47,152488
49,152488
POST,152488
49,153083
47,153083
POST,153083
49,153083
47,153083
POST,153083
49,153083
47,153083
POST,153083
49,153084
47,153084
POST,153084
47,153084
49,153084
POST,153084
49,153084
47,153084
POST,153084
47,153084
49,153085
POST,153085
47,153085
49,153085
POST,153085
47,153085
49,153085
POST,153085
49,153086
47,153086
POST,153086
49,153086
47,153086
POST,153086
47,153086
49,153086
POST,153086
47,153086
49,153086
POST,153086
47,153385
49,153385
POST,153385
47,153385
49,153385
POST,153385
49,153385
47,153386
POST,153386
47,153386
49,153386
POST,153386
47,153386
49,153386
POST,153386
47,153487
49,153487
POST,153487
47,153488
49,153488
POST,153488
47,153488
49,153488
POST,153488
47,153488
49,153488
POST,153488
47,153488
49,153489
POST,153489
49,153489
47,153489
POST,153489
47,153489
49,153489
POST,153489
49,153997
47,153997
POST,153997
47,153997
49,153998
POST,153998
47,153998
49,153998
POST,153998
49,153998
47,153998
POST,153998
49,153998
47,153998
POST,153998
47,153998
49,153999
POST,153999
47,153999
49,153999
POST,153999
47,153999
49,153999
POST,153999
47,153999
49,153999
POST,153999
49,153999
47,153999
POST,153999
47,154000
49,154000
POST,154000
49,154000
47,154000
POST,154000
47,154000
49,154000
POST,154000
47,154626
49,154626
POST,154626
49,154626
47,154626
POST,154626
47,154627
49,154627
POST,154627
47,154627
49,154627
POST,154627
47,154627
49,154627
POST,154627
47,154627
49,154628
POST,154628
49,154628
47,154628
POST,154628
49,154628
47,154628
POST,154628
47,154628
49,154628
POST,154628
49,154628
47,154628
POST,154628
47,154628
49,154628
POST,154628
47,154629
49,154629
POST,154629
47,154629
49,154629
POST,154629
49,154737
47,154737
POST,154737
47,154737
49,154737
POST,154737
47,154737
49,154737
POST,154737
47,154737
49,154738
POST,154738
47,154738
49,154738
POST,154738
49,154738
47,154738
POST,154738
47,154738
49,154738
POST,154738
47,155842
49,155842
POST,155842
47,155843
49,155843
POST,155843
49,155843
47,155843
POST,155843
47,155843
49,155843
POST,155843
49,155844
47,155844
POST,155844
47,155844
49,155844
POST,155844
47,155844
49,155844
POST,155844
47,155844
49,155845
POST,155845
47,155845
49,155845
POST,155845
49,155845
47,155845
POST,155845
49,155845
47,155845
POST,155845
47,155845
49,155845
POST,155845
47,155845
49,155846
POST,155846
49,155846
47,155846
POST,155846
47,155846
49,155846
POST,155846
49,155847
47,155847
POST,155847
47,155847
49,155847
POST,155847
49,155847
47,155847
POST,155847
49,155847
47,155847
POST,155847
49,155847
47,155847
POST,155847
49,155848
47,155848
POST,155848
47,155848
49,155848
POST,155848
49,155848
47,155848
POST,155848
47,155848
49,155848
POST,155848
47,156146
49,156146
POST,156146
47,156146
49,156146
POST,156146
49,156146
47,156146
POST,156146
47,156146
49,156146
POST,156146
47,156147
49,156147
POST,156147
47,156147
49,156147
POST,156147
47,156147
49,156147
POST,156147
49,156237
47,156237
POST,156237
47,156237
49,156237
POST,156237
47,156237
49,156237
POST,156237
49,156237
47,156238
POST,156238
47,156238
49,156238
POST,156238
49,156238
47,156238
POST,156238
47,156238
49,156238
POST,156238
47,156758
49,156758
POST,156758
49,156758
47,156758
POST,156758
47,156758
49,156758
POST,156758
47,156759
49,156759
POST,156759
49,156759
47,156759
POST,156759
47,156759
49,156759
POST,156759
47,156759
49,156759
POST,156759
47,156759
49,156760
POST,156760
49,156760
47,156760
POST,156760
49,156760
47,156760
POST,156760
47,156760
49,156760
POST,156760
47,156760
49,156760
POST,156760
47,157072
49,157072
POST,157072
49,157073
47,157073
POST,157073
47,157073
49,157073
POST,157073
49,157073
47,157073
POST,157073
47,157074
49,157075
POST,157075
47,157075
49,157075
POST,157075
49,157075
47,157075
POST,157075
47,157352
49,157353
POST,157353
47,157353
49,157353
POST,157353
49,157353
47,157353
POST,157353
47,157353
49,157354
POST,157354
47,157354
49,157354
POST,157354
47,157354
49,157354
POST,157354
47,157355
49,157652
POST,157652
47,157652
49,157653
POST,157653
47,157653
49,157653
POST,157653
47,157653
49,157653
POST,157653
49,157653
47,157653
POST,157653
47,157654
49,157654
POST,157654
49,157654
47,157654
POST,157654
49,157736
47,157736
POST,157736
49,157736
47,157736
POST,157736
49,157737
47,157737
POST,157737
47,157737
49,157737
POST,157737
49,157737
47,157737
POST,157737
49,157737
47,157737
POST,157737
49,158293
47,158293
POST,158293
49,158293
47,158293
POST,158293
49,158294
47,158294
POST,158294
47,158294
49,158294
POST,158294
49,158294
47,158294
POST,158294
49,158294
47,158294
POST,158294
49,158295
47,158295
POST,158295
47,158295
49,158295
POST,158295
47,158296
49,158296
POST,158296
49,158296
47,158296
POST,158296
49,158296
47,158296
POST,158296
47,158296
49,158296
POST,158296
47,158296
49,158297
POST,158297
47,158297
49,158612
POST,158612
49,158612
47,158613
POST,158613
47,158613
49,158613
POST,158613
47,158613
49,158613
POST,158613
47,158613
49,158613
POST,158613
47,158613
49,158613
POST,158613
47,158614
49,158614
POST,158614
49,158914
47,158914
POST,158914
47,158914
49,158915
POST,158915
47,158915
49,158915
POST,158915
47,158915
49,158915
POST,158915
47,158915
49,158915
POST,158915
49,158915
47,158915
POST,158915
47,158986
49,158986
POST,158986
47,158986
49,158987
POST,158987
49,158987
47,158987
POST,158987
47,158987
49,158987
POST,158987
49,158987
47,158987
POST,158987
49,158988
47,158988
POST,158988
47,158988
49,158988
POST,158988
49,159362
47,159362
POST,159362
47,159362
49,159362
POST,159362
47,159362
49,159362
POST,159362
47,159362
49,159363
POST,159363
47,159363
49,159363
POST,159363
47,159363
49,159363
POST,159363
49,159363
47,159363
POST,159363
47,159529
49,159529
POST,159529
47,159529
49,159529
POST,159529
49,159529
47,159529
POST,159529
47,159529
49,159530
POST,159530
47,159530
49,159530
POST,159530
47,159530
49,159530
POST,159530
47,159831
49,159831
POST,159831
49,159831
47,159831
POST,159831
47,159831
49,159831
POST,159831
49,159831
47,159832
POST,159832
49,159832
47,159832
POST,159832
49,159832
47,159832
POST,159832
49,159832
47,160137
POST,160137
49,160137
47,160137
POST,160137
47,160137
49,160138
POST,160138
47,160138
49,160138
POST,160138
47,160138
49,160138
POST,160138
49,160138
47,160138
POST,160138
47,160138
49,160138
POST,160138
49,160139
47,160237
POST,160237
47,160237
49,160237
POST,160237
47,160238
49,160238
POST,160238
47,160238
49,160238
POST,160238
49,160238
47,160238
POST,160238
49,160239
47,160239
POST,160239
49,160239
47,160239
POST,160239
49,160750
47,160750
POST,160750
49,160751
47,160751
POST,160751
47,160751
49,160751
POST,160751
49,160751
47,160751
POST,160751
47,160751
49,160751
POST,160751
47,160751
49,160752
POST,160752
47,160752
49,160752
POST,160752
47,160752
49,160752
POST,160752
49,160753
47,160753
POST,160753
47,160753
49,160753
POST,160753
47,160753
49,160753
POST,160753
47,160753
49,160753
POST,160753
47,160753
49,160754
POST,160754
49,161059
47,161060
POST,161060
47,161060
49,161060
POST,161060
49,161060
47,161060
POST,161060
49,161060
47,161061
POST,161061
47,161061
49,161061
POST,161061
47,161061
49,161061
POST,161061
47,161061
49,161061
POST,161061
47,161367
49,161367
POST,161367
49,161368
47,161368
POST,161368
47,161368
49,161368
POST,161368
49,161369
47,161369
POST,161369
49,161369
47,161369
POST,161369
47,161369
49,161370
POST,161370
47,161486
49,161486
POST,161486
47,161486
49,161486
POST,161486
49,161487
47,161487
POST,161487
47,161487
49,161487
POST,161487
47,161487
49,161487
POST,161487
47,161487
49,161487
POST,161487
47,161487
49,161986
POST,161986
47,161986
49,161986
POST,161986
49,161986
47,161986
POST,161986
47,161986
49,161987
POST,161987
47,161987
49,161987
POST,161987
47,161987
49,161987
POST,161987
49,161987
47,161987
POST,161987
49,161988
47,161988
POST,161988
49,161988
47,161988
POST,161988
49,161988
47,161988
POST,161988
49,161988
47,161988
POST,161988
47,161988
49,161989
POST,161989
47,161989
49,161989
POST,161989
47,161989
49,161989
POST,161989
47,162288
49,162288
POST,162288
49,162288
47,162288
POST,162288
49,162289
47,162289
POST,162289
47,162289
49,162289
POST,162289
49,162289
47,162290
POST,162290
49,162290
47,162290
POST,162290
47,162594
49,162594
POST,162594
49,162594
47,162594
POST,162594
47,162595
49,162595
POST,162595
47,162595
49,162595
POST,162595
47,162595
49,162595
POST,162595
47,162596
49,162596
POST,162596
47,163217
49,163217
POST,163217
49,163217
47,163217
POST,163217
49,163237
47,163237
POST,163237
49,163237
47,163237
POST,163237
47,163515
49,163516
POST,163516
47,163516
49,163516
POST,163516
49,163516
47,163516
POST,163516
47,163516
49,163516
POST,163516
49,163516
47,163516
POST,163516
49,163516
47,163516
POST,163516
47,163516
49,163516
POST,163516
47,163824
49,163824
POST,163824
49,163824
47,163824
POST,163824
49,163824
47,163825
POST,163825
49,163825
47,163826
POST,163826
49,163826
47,163826
POST,163826
47,163826
49,163826
POST,163826
47,163826
49,163826
POST,163826
47,164130
49,164130
POST,164130
49,164130
47,164130
POST,164130
49,164131
47,164131
POST,164131
47,164131
49,164131
POST,164131
49,164131
47,164131
POST,164131
49,164131
47,164131
POST,164131
47,164236
49,164236
POST,164236
49,164236
47,164236
POST,164236
49,164236
47,164236
POST,164236
49,164237
47,164237
POST,164237
49,164237
47,164237
POST,164237
49,164238
47,164238
POST,164238
47,164746
49,164746
POST,164746
49,164747
47,164747
POST,164747
47,164747
49,164747
POST,164747
49,164747
47,164747
POST,164747
49,164747
47,164747
POST,164747
47,164747
49,164748
POST,164748
47,164748
49,164748
POST,164748
47,164748
49,164748
POST,164748
47,164748
49,164748
POST,164748
47,164748
49,164749
POST,164749
47,164749
49,164749
POST,164749
47,164749
49,164749
POST,164749
47,164749
49,164749
POST,164749
47,164749
49,164749
POST,164749
49,165054
47,165054
POST,165054
47,165054
49,165054
POST,165054
47,165054
49,165054
POST,165054
49,165054
47,165055
POST,165055
49,165055
47,165055
POST,165055
49,165055
47,165055
POST,165055
47,165317
49,165318
POST,165318
49,165318
47,165319
POST,165319
49,165319
47,165319
POST,165319
49,165319
47,165320
POST,165320
49,165320
47,165320
POST,165320
47,165320
49,165320
POST,165320
47,165320
49,165546
POST,165546
47,165546
49,165546
POST,165546
47,165546
49,165546
POST,165546
47,165546
49,165546
POST,165546
47,165547
49,165547
POST,165547
49,165547
47,165547
POST,165547
47,165547
49,165547
POST,165547
49,165984
47,165984
POST,165984
49,165984
47,165985
POST,165985
47,165985
49,165985
POST,165985
49,165985
47,165985
POST,165985
47,165985
49,165986
POST,165986
47,165986
49,165986
POST,165986
47,165986
49,165986
POST,165986
47,165986
49,165986
POST,165986
47,165987
49,165987
POST,165987
47,165987
49,165987
POST,165987
47,165987
49,165987
POST,165987
49,165987
47,165987
POST,165987
49,165987
47,165987
POST,165987
47,166281
49,166281
POST,166281
49,166281
47,166281
POST,166281
49,166282
47,166282
POST,166282
49,166282
47,166282
POST,166282
49,166282
47,166282
POST,166282
47,166282
49,166283
POST,166283
47,166283
49,166593
POST,166593
49,166593
47,166593
POST,166593
49,166594
47,166594
POST,166594
47,166594
49,166594
POST,166594
47,166594
49,166594
POST,166594
49,166594
47,166594
POST,166594
49,166594
47,166594
POST,166594
49,167205
47,167205
POST,167205
47,167205
49,167205
POST,167205
49,167205
47,167205
POST,167205
47,167206
49,167206
POST,167206
47,167206
49,167206
POST,167206
49,167206
47,167206
POST,167206
49,167206
47,167207
POST,167207
47,167207
49,167207
POST,167207
47,167208
49,167208
POST,167208
49,167208
47,167208
POST,167208
47,167208
49,167208
POST,167208
49,167208
47,167208
POST,167208
47,167209
49,167209
POST,167209
49,167236
47,167236
POST,167236
49,167236
47,167236
POST,167236
47,167236
49,167237
POST,167237
47,167237
49,167237
POST,167237
47,167237
49,167237
POST,167237
47,167237
49,167238
POST,167238
49,167238
47,167509
POST,167509
49,167509
47,167510
POST,167510
49,167510
47,167510
POST,167510
47,167510
49,167511
POST,167511
49,167511
47,167511
POST,167511
47,167512
49,167512
POST,167512
49,167512
47,167831
POST,167831
49,167831
47,167831
POST,167831
49,167831
47,167831
POST,167831
47,167832
49,167832
POST,167832
49,167832
47,167832
POST,167832
47,167832
49,167833
POST,167833
47,167833
49,167833
POST,167833
49,167833
47,168132
POST,168132
47,168132
49,168132
POST,168132
49,168132
47,168132
POST,168132
49,168132
47,168133
POST,168133
49,168133
47,168133
POST,168133
49,168133
47,168133
POST,168133
47,168235
49,168235
POST,168235
47,168236
49,168236
POST,168236
47,168236
49,168236
POST,168236
49,168236
47,168237
POST,168237
49,168237
47,168237
POST,168237
47,168237
49,168237
POST,168237
47,168793
49,168793
POST,168793
47,168793
49,168793
POST,168793
49,168794
47,168794
POST,168794
47,168794
49,168794
POST,168794
47,168794
49,168794
POST,168794
47,168794
49,168795
POST,168795
47,168795
49,168795
POST,168795
47,168795
49,168795
POST,168795
49,168795
47,168795
POST,168795
49,168795
47,168796
POST,168796
47,168796
49,168796
POST,168796
49,169052
47,169052
POST,169052
47,169052
49,169052
POST,169052
49,169052
47,169052
POST,169052
49,169052
47,169053
POST,169053
49,169053
47,169053
POST,169053
49,169053
47,169053
POST,169053
49,169358
47,169358
POST,169358
49,169358
47,169358
POST,169358
49,169358
47,169358
POST,169358
49,169358
47,169358
POST,169358
47,169358
49,169358
POST,169358
47,169358
49,169358
POST,169358
49,169678
47,169678
POST,169678
49,169679
47,169679
POST,169679
49,169679
47,169679
POST,169679
47,169679
49,169680
POST,169680
47,169680
49,169680
POST,169680
47,169680
49,169680
POST,169680
47,169680
49,169681
POST,169681
49,169735
47,169736
POST,169736
49,169736
47,169736
POST,169736
47,169736
49,169736
POST,169736
47,169736
49,169736
POST,169736
49,169737
47,169737
POST,169737
47,169737
49,169737
POST,169737
47,169737
49,170278
POST,170278
49,170278
47,170279
POST,170279
47,170279
49,170279
POST,170279
49,170279
47,170279
POST,170279
47,170279
49,170279
POST,170279
49,170280
47,170280
POST,170280
47,170280
49,170280
POST,170280
49,170280
47,170280
POST,170280
49,170281
47,170281
POST,170281
49,170281
47,170281
POST,170281
47,170281
49,170281
POST,170281
47,170281
49,170281
POST,170281
49,170281
47,170282
POST,170282
49,170914
47,170914
POST,170914
47,170914
49,170914
POST,170914
47,170914
49,170915
POST,170915
47,170915
49,170916
POST,170916
49,170916
47,170916
POST,170916
49,170916
47,170917
POST,170917
49,170917
47,170917
POST,170917
47,170917
49,170917
POST,170917
49,170917
47,170917
POST,170917
47,170917
49,170917
POST,170917
49,170918
47,170918
POST,170918
49,170918
47,170918
POST,170918
49,170980
47,170980
POST,170980
49,170980
47,170980
POST,170980
47,170980
49,170980
POST,170980
47,170980
49,170981
POST,170981
47,172124
49,172124
POST,172124
47,172124
49,172124
POST,172124
47,172235
49,172235
POST,172235
47,172235
49,172235
POST,172235
47,172236
49,172236
POST,172236
47,172735
49,172735
POST,172735
47,172736
49,172736
POST,172736
47,172736
49,172737
POST,172737
47,172737
49,172737
POST,172737
47,172738
49,172738
POST,172738
47,172738
49,172738
POST,172738
47,172738
49,172739
POST,172739
47,172739
49,172739
POST,172739
49,172739
47,172739
POST,172739
49,172740
47,172740
POST,172740
47,172740
49,172740
POST,172740
47,173048
49,173048
POST,173048
47,173048
49,173048
POST,173048
47,173048
49,173048
POST,173048
49,173048
47,173048
POST,173048
49,173049
47,173049
POST,173049
47,173049
49,173049
POST,173049
49,174275
47,174275
POST,174275
49,174275
47,174275
POST,174275
49,174275
47,174275
POST,174275
47,174276
49,174276
POST,174276
49,174276
47,174276
POST,174276
49,174276
47,174276
POST,174276
47,174579
49,174579
POST,174579
47,174580
49,174580
POST,174580
47,175197
49,175234
POST,175234
47,175235
49,175235
POST,175235
49,175235
47,175235
POST,175235
47,175236
49,175236
POST,175236
47,175236
49,175236
POST,175236
47,175236
49,175236
POST,175236
47,175237
49,175237
POST,175237
47,175503
49,175504
POST,175504
47,175504
49,175504
POST,175504
47,175504
49,175504
POST,175504
47,175504
49,175504
POST,175504
49,175504
47,175505
POST,175505
47,177038
49,177038
POST,177038
47,177038
49,177038
POST,177038
47,177038
49,177038
POST,177038
49,177038
47,177038
POST,177038
49,177038
47,177038
POST,177038
49,177039
47,177039
POST,177039
49,178926
47,178926
POST,178926
49,178926
47,178927
POST,178927
49,178927
47,178927
POST,178927
49,178927
47,178927
POST,178927
49,178928
47,178928
POST,178928
47,178928
49,178928
POST,178928
47,178928
49,178928
POST,178928
47,178928
49,178929
POST,178929
49,178929
47,178929
POST,178929
47,178929
49,178929
POST,178929
49,179500
47,179500
POST,179500
49,179501
47,179501
POST,179501
49,179501
47,179501
POST,179501
47,179501
49,179501
POST,179501
49,179501
47,179501
POST,179501
47,179501
49,179501
POST,179501
47,179905
49,179905
POST,179905
47,179905
49,179905
POST,179905
47,179983
49,179984
POST,179984
47,179984
49,179984
POST,179984
49,179984
47,179984
POST,179984
49,179984
47,179984
POST,179984
47,180412
49,180413
POST,180413
49,180413
47,180413
POST,180413
49,180413
47,180413
POST,180413
47,180413
49,180413
POST,180413
47,180414
49,180414
POST,180414
49,180414
47,180414
POST,180414
49,180414
47,180414
POST,180414
47,180488
49,180488
POST,180488
47,180488
49,180488
POST,180488
47,180489
49,180489
POST,180489
47,180489
49,180489
POST,180489
49,180489
47,180490
POST,180490
49,180490
47,180490
POST,180490
47,181038
49,181038
POST,181038
47,181038
49,181038
POST,181038
47,181038
49,181039
POST,181039
47,181039
49,181039
POST,181039
49,181039
47,181039
POST,181039
47,181039
49,181039
POST,181039
49,181039
47,181040
POST,181040
47,181040
49,181040
POST,181040
47,181040
49,181040
POST,181040
47,181041
49,181041
POST,181041
47,181041
49,181041
POST,181041
47,181041
49,181041
POST,181041
47,181041
49,181041
POST,181041
49,181338
47,181338
POST,181338
47,181339
49,181339
POST,181339
47,181339
49,181339
POST,181339
49,181339
47,181340
POST,181340
49,181340
47,181340
POST,181340
49,181340
47,181340
POST,181340
47,181663
49,181664
POST,181664
49,181664
47,181664
POST,181664
47,181735
49,181735
POST,181735
49,181735
47,181735
POST,181735
49,181736
47,181736
POST,181736
47,182257
49,182257
POST,182257
49,182258
47,182258
POST,182258
47,182258
49,182258
POST,182258
49,182259
47,182259
POST,182259
49,182259
47,182260
POST,182260
49,182260
47,182260
POST,182260
49,182260
47,182260
POST,182260
47,182261
49,182261
POST,182261
47,182261
49,182261
POST,182261
47,182483
49,182483
POST,182483
49,182483
47,182483
POST,182483
49,182484
47,182484
POST,182484
47,182484
49,182484
POST,182484
49,182485
47,182485
POST,182485
47,182485
49,182485
POST,182485
47,182882
49,182882
POST,182882
49,182882
47,182882
POST,182882
49,182882
47,182883
POST,182883
47,182883
49,182883
POST,182883
49,182883
47,182883
POST,182883
49,182883
47,182883
POST,182883
47,182884
49,182983
POST,182983
47,182983
49,182983
POST,182983
49,182983
47,182984
POST,182984
47,182984
49,182984
POST,182984
49,182984
47,182984
POST,182984
49,182984
47,182985
POST,182985
47,182985
49,182985
POST,182985
49,183274
47,183274
POST,183274
47,183274
49,183274
POST,183274
47,183274
49,183275
POST,183275
47,183275
49,183275
POST,183275
49,183275
47,183275
POST,183275
47,183275
49,183275
POST,183275
47,183275
49,183276
POST,183276
47,183499
49,183500
POST,183500
49,183500
47,183500
POST,183500
47,183500
49,183500
POST,183500
49,183500
47,183500
POST,183500
47,183500
49,183501
POST,183501
47,183501
49,183501
POST,183501
49,183803
47,183803
POST,183803
47,183803
49,183804
POST,183804
49,183804
47,183804
POST,183804
49,183804
47,183804
POST,183804
47,183804
49,183804
POST,183804
49,183804
47,183804
POST,183804
47,184108
49,184108
POST,184108
47,184108
49,184108
POST,184108
47,184113
49,184114
POST,184114
47,184114
49,184114
POST,184114
47,184114
49,184114
POST,184114
47,184115
49,184115
POST,184115
49,184416
47,184416
POST,184416
47,184416
49,184416
POST,184416
49,184416
47,184416
POST,184416
47,184416
49,184417
POST,184417
47,184417
49,184417
POST,184417
49,184417
47,184417
POST,184417
49,184417
47,184488
POST,184488
47,184488
49,184488
POST,184488
47,184489
49,184489
POST,184489
47,184489
49,184489
POST,184489
49,184489
47,184489
POST,184489
49,184489
47,184489
POST,184489
47,184490
49,184490
POST,184490
47,185030
49,185030
POST,185030
47,185030
49,185030
POST,185030
49,185030
47,185030
POST,185030
49,185030
47,185030
POST,185030
49,185031
47,185031
POST,185031
47,185031
49,185031
POST,185031
49,185031
47,185031
POST,185031
47,185031
49,185031
POST,185031
49,185031
47,185032
POST,185032
47,185032
49,185032
POST,185032
47,185032
49,185032
POST,185032
47,185032
49,185032
POST,185032
47,185032
49,185032
POST,185032
49,185314
47,185314
POST,185314
49,185314
47,185314
POST,185314
47,185314
49,185314
POST,185314
47,185316
49,185316
POST,185316
49,185316
47,185316
POST,185316
47,185316
49,185316
POST,185316
49,185486
47,185486
POST,185486
47,185486
49,185486
POST,185486
47,185486
49,185486
POST,185486
49,185486
47,185486
POST,185486
49,185486
47,185486
POST,185486
49,185487
47,185487
POST,185487
47,185487
49,185487
POST,185487
49,185948
47,185948
POST,185948
47,185948
49,185949
POST,185949
49,185949
47,185949
POST,185949
49,185949
47,185949
POST,185949
47,185949
49,185949
POST,185949
47,185949
49,185949
POST,185949
47,185950
49,185950
POST,185950
49,185985
47,185985
POST,185985
49,185986
47,185986
POST,185986
47,185986
49,185986
POST,185986
47,185986
49,185986
POST,185986
47,185986
49,185987
POST,185987
49,185987
47,185987
POST,185987
47,186253
49,186253
POST,186253
49,186254
47,186254
POST,186254
47,186254
49,186254
POST,186254
47,186254
49,186254
POST,186254
49,186255
47,186255
POST,186255
49,186255
47,186255
POST,186255
47,186882
49,186882
POST,186882
49,186882
47,186882
POST,186882
47,186882
49,186882
POST,186882
47,186883
49,186883
POST,186883
47,186883
49,186883
POST,186883
49,186883
47,186883
POST,186883
47,186883
49,186884
POST,186884
47,186884
49,186884
POST,186884
47,186884
49,186884
POST,186884
47,186884
49,186884
POST,186884
47,186884
49,186885
POST,186885
49,186885
47,186885
POST,186885
49,186885
47,186983
POST,186983
49,186983
47,186983
POST,186983
49,186983
47,186983
POST,186983
47,186983
49,186983
POST,186983
49,186984
47,186984
POST,186984
49,186984
47,186984
POST,186984
47,186984
49,186985
POST,186985
47,187240
49,187240
POST,187240
47,187240
49,187240
POST,187240
47,187240
49,187240
POST,187240
47,187241
49,187241
POST,187241
47,187241
49,187241
POST,187241
47,187241
49,187241
POST,187241
49,187241
47,187241
POST,187241
49,187793
47,187793
POST,187793
49,187794
47,187794
POST,187794
49,187794
47,187795
POST,187795
49,187795
47,187796
POST,187796
47,187796
49,187797
POST,187797
47,187797
49,187797
POST,187797
47,187797
49,187797
POST,187797
47,187797
49,187798
POST,187798
49,187798
47,187798
POST,187798
49,187798
47,187798
POST,187798
47,187798
49,187798
POST,187798
47,187799
49,187799
POST,187799
47,187982
49,187982
POST,187982
47,187983
49,187983
POST,187983
47,187983
49,187983
POST,187983
47,187983
49,187983
POST,187983
49,187983
47,187984
POST,187984
49,187984
47,187984
POST,187984
47,187984
49,188405
POST,188405
47,188405
49,188405
POST,188405
47,188405
49,188405
POST,188405
49,188405
47,188405
POST,188405
47,188406
49,188406
POST,188406
49,188406
47,188406
POST,188406
47,188406
49,188407
POST,188407
47,188407
49,188482
POST,188482
49,188482
47,188483
POST,188483
47,188483
49,188483
POST,188483
49,188483
47,188483
POST,188483
49,188483
47,188483
POST,188483
49,188484
47,188484
POST,188484
47,188484
49,188484
POST,188484
47,189015
49,189015
POST,189015
47,189016
49,189016
POST,189016
47,189016
49,189016
POST,189016
47,189016
49,189016
POST,189016
49,189016
47,189017
POST,189017
47,189017
49,189017
POST,189017
47,189017
49,189017
POST,189017
49,189017
47,189018
POST,189018
49,189018
47,189018
POST,189018
49,189018
47,189018
POST,189018
47,189018
49,189018
POST,189018
47,189019
49,189019
POST,189019
47,189936
49,189937
POST,189937
49,189937
47,189937
POST,189937
47,189937
49,189938
POST,189938
47,189938
49,189938
POST,189938
47,189938
49,189939
POST,189939
49,189939
47,189939
POST,189939
49,189939
47,189939
POST,189939
49,189939
47,189940
POST,189940
49,189940
47,189940
POST,189940
49,189940
47,189940
POST,189940
49,189940
47,189940
POST,189940
49,189941
47,189941
POST,189941
47,189941
49,189941
POST,189941
49,189941
47,189942
POST,189942
47,189942
49,189942
POST,189942
49,189942
47,189942
POST,189942
49,189942
47,189942
POST,189942
49,189942
47,189942
POST,189942
49,189943
47,189943
POST,189943
47,189943
49,189943
POST,189943
49,189983
47,189984
POST,189984
47,189984
49,189984
POST,189984
47,189984
49,189984
POST,189984
49,189985
47,189985
POST,189985
49,189985
47,189985
POST,189985
49,189985
47,189986
POST,189986
47,190248
49,190249
POST,190249
47,190249
49,190249
POST,190249
47,190249
49,190250
POST,190250
49,190250
47,190250
POST,190250
47,190250
49,190250
POST,190250
47,190250
49,190250
POST,190250
49,190251
47,190556
POST,190556
49,190556
47,190556
POST,190556
47,190557
49,190557
POST,190557
47,190557
49,190557
POST,190557
49,190557
47,190558
POST,190558
47,190558
49,190558
POST,190558
47,190558
49,190558
POST,190558
47,191171
49,191172
POST,191172
47,191172
49,191172
POST,191172
49,191172
47,191172
POST,191172
49,191172
47,191172
POST,191172
49,191172
47,191173
POST,191173
49,191174
47,191174
POST,191174
49,191174
47,191175
POST,191175
49,191175
47,191175
POST,191175
47,191175
49,191176
POST,191176
47,191176
49,191176
POST,191176
49,191176
47,191176
POST,191176
47,191176
49,191176
POST,191176
47,191176
49,191176
POST,191176
49,191232
47,191232
POST,191232
47,191233
49,191233
POST,191233
47,191233
49,191233
POST,191233
47,191233
49,191234
POST,191234
49,191234
47,191234
POST,191234
47,191234
49,191234
POST,191234
47,191794
49,191794
POST,191794
47,191794
49,191794
POST,191794
47,191794
49,191794
POST,191794
49,191794
47,191794
POST,191794
49,191795
47,191795
POST,191795
47,191795
49,191795
POST,191795
49,191795
47,191795
POST,191795
49,191795
47,191795
POST,191795
47,191796
49,191796
POST,191796
47,191796
49,191796
POST,191796
49,191796
47,191796
POST,191796
47,191796
49,191796
POST,191796
49,192413
47,192414
POST,192414
47,192414
49,192414
POST,192414
49,192414
47,192414
POST,192414
49,192414
47,192414
POST,192414
47,192415
49,192415
POST,192415
47,192415
49,192415
POST,192415
47,192415
49,192415
POST,192415
49,192415
47,192415
POST,192415
47,192416
49,192416
POST,192416
49,192416
47,192416
POST,192416
49,192416
47,192416
POST,192416
47,192417
49,192417
POST,192417
49,192482
47,192482
POST,192482
47,192483
49,192483
POST,192483
49,192483
47,192483
POST,192483
47,192483
49,192484
POST,192484
47,192484
49,192484
POST,192484
49,192484
47,192484
POST,192484
49,193110
47,193111
POST,193111
47,193111
49,193111
POST,193111
47,193111
49,193111
POST,193111
47,193112
49,193112
POST,193112
47,193112
49,193112
POST,193112
49,193112
47,193113
POST,193113
47,193113
49,193113
POST,193113
47,193113
49,193114
POST,193114
47,193114
49,193114
POST,193114
49,193114
47,193114
POST,193114
47,193114
49,193114
POST,193114
47,193115
49,193115
POST,193115
47,193319
49,193319
POST,193319
49,193319
47,193319
POST,193319
49,193320
47,193320
POST,193320
49,193320
47,193320
POST,193320
47,193320
49,193320
POST,193320
47,193320
49,193320
POST,193320
47,193629
49,193629
POST,193629
47,193630
49,193630
POST,193630
49,193630
47,193630
POST,193630
49,193630
47,193630
POST,193630
49,193733
47,193733
POST,193733
49,193734
47,193734
POST,193734
47,193734
49,193734
POST,193734
47,193734
49,193735
POST,193735
47,193735
49,193735
POST,193735
49,194243
47,194244
POST,194244
47,194248
49,194249
POST,194249
49,194249
47,194249
POST,194249
49,194249
47,194249
POST,194249
49,194249
47,194249
POST,194249
47,194250
49,194250
POST,194250
47,194250
49,194250
POST,194250
49,194250
47,194250
POST,194250
49,194250
47,194250
POST,194250
47,194549
49,194550
POST,194550
47,194550
49,194550
POST,194550
47,194550
49,194550
POST,194550
47,194550
49,194551
POST,194551
49,194551
47,194551
POST,194551
47,194551
49,194552
POST,194552
47,195165
49,195165
POST,195165
49,195165
47,195165
POST,195165
49,195165
47,195165
POST,195165
49,195165
47,195166
POST,195166
47,195166
49,195166
POST,195166
49,195166
47,195166
POST,195166
49,195166
47,195166
POST,195166
49,195166
47,195166
POST,195166
49,195167
47,195167
POST,195167
47,195167
49,195167
POST,195167
47,195233
49,195233
POST,195233
47,195233
49,195233
POST,195233
49,195233
47,195234
POST,195234
49,195234
47,195234
POST,195234
47,195234
49,195774
POST,195774
49,195774
47,195774
POST,195774
49,195774
47,195774
POST,195774
49,195774
47,195775
POST,195775
47,195775
49,195775
POST,195775
49,195775
47,195775
POST,195775
47,195775
49,195775
POST,195775
49,195776
47,195776
POST,195776
49,195776
47,195776
POST,195776
49,195776
47,195776
POST,195776
49,195776
47,195776
POST,195776
47,195776
49,195777
POST,195777
47,196089
49,196089
POST,196089
49,196090
47,196090
POST,196090
47,196393
49,196393
POST,196393
47,196393
49,196393
POST,196393
47,196394
49,196394
POST,196394
49,196394
47,196394
POST,196394
47,196394
49,196395
POST,196395
49,196395
47,196395
POST,196395
47,196395
49,196483
POST,196483
49,196484
47,196484
POST,196484
47,196484
49,196484
POST,196484
47,196484
49,196484
POST,196484
49,196484
47,196485
POST,196485
49,196485
47,196485
POST,196485
49,196485
47,196485
POST,196485
47,197013
49,197013
POST,197013
49,197013
47,197013
POST,197013
49,197014
47,197014
POST,197014
47,197014
49,197014
POST,197014
47,197015
49,197015
POST,197015
47,197015
49,197015
POST,197015
47,197015
49,197016
POST,197016
47,197016
49,197016
POST,197016
49,197016
47,197016
POST,197016
47,197017
49,197017
POST,197017
47,197017
49,197017
POST,197017
49,197017
47,197316
POST,197316
47,197316
49,197316
POST,197316
49,197317
47,197317
POST,197317
47,197317
49,197317
POST,197317
47,197317
49,197317
POST,197317
47,197317
49,197317
POST,197317
49,197317
47,197317
POST,197317
47,197318
49,197544
POST,197544
49,197545
47,197545
POST,197545
49,197545
47,197546
POST,197546
49,198867
47,198867
POST,198867
47,198867
49,198867
POST,198867
47,198867
49,198867
POST,198867
47,198867
49,198867
POST,198867
49,198868
47,198868
POST,198868
47,198868
49,198868
POST,198868
47,198981
49,198981
POST,198981
47,198982
49,198982
POST,198982
49,198982
47,198982
POST,198982
49,198982
47,198982
POST,198982
47,198982
49,198983
POST,198983
49,198983
47,198983
POST,198983
49,199462
47,199462
POST,199462
47,199462
49,199462
POST,199462
49,199462
47,199462
POST,199462
49,199463
47,199463
POST,199463
49,199463
47,199463
POST,199463
47,199463
49,199463
POST,199463
49,199482
47,199482
POST,199482
47,199482
49,199482
POST,199482
47,199482
49,199482
POST,199482
47,199482
49,199483
POST,199483
49,199483
47,199483
POST,199483
49,199483
47,199483
POST,199483
49,199768
47,199768
POST,199768
49,199769
47,199769
POST,199769
49,199769
47,199769
POST,199769
47,199769
49,199769
POST,199769
49,199769
47,199769
POST,199769
49,199769
47,199770
POST,199770
47,200077
49,200077
POST,200077
49,200077
47,200077
POST,200077
49,200077
47,200077
POST,200077
49,200078
47,200078
POST,200078
47,200078
49,200078
POST,200078
47,200078
49,200078
POST,200078
47,200078
49,200079
POST,200079
47,200382
49,200382
POST,200382
49,200382
47,200382
POST,200382
47,200382
49,200383
POST,200383
47,200383
49,200383
POST,200383
47,200383
49,200383
POST,200383
49,200383
47,200383
POST,200383
49,200383
47,200481
POST,200481
49,200482
47,200482
POST,200482
47,200482
49,200482
POST,200482
47,200482
49,200483
POST,200483
49,200483
47,200483
POST,200483
47,200483
49,200483
POST,200483
47,200483
49,200484
POST,200484
47,200996
49,200996
POST,200996
49,200996
47,200996
POST,200996
47,200997
49,200997
POST,200997
49,200997
47,200997
POST,200997
49,201617
47,201617
POST,201617
47,201617
49,201617
POST,201617
49,201617
47,201618
POST,201618
47,201618
49,201618
POST,201618
49,201618
47,201618
POST,201618
49,201618
47,201618
POST,201618
47,201732
49,201732
POST,201732
49,201733
47,201733
POST,201733
49,201733
47,201926
POST,201926
49,201926
47,201926
POST,201926
49,204230
47,204230
POST,204230
49,204230
47,204230
POST,204230
49,204231
47,204231
POST,204231
47,204231
49,204231
POST,204231
49,204231
47,204231
POST,204231
49,204231
47,204231
POST,204231
47,204692
49,204692
POST,204692
47,204692
49,204693
POST,204693
47,207485
49,207486
POST,207486
47,207486
49,207486
POST,207486
47,207487
49,207487
POST,207487
47,207487
49,207754
POST,207754
47,207755
49,207755
POST,207755
49,207755
47,207755
POST,207755
49,207756
47,207756
POST,207756
49,207756
47,207756
POST,207756
47,207756
49,207757
POST,207757
47,207757
49,207757
POST,207757
49,208065
47,208065
POST,208065
49,208065
47,208065
POST,208065
49,208065
47,208065
POST,208065
49,208066
47,208066
POST,208066
47,208066
49,208066
POST,208066
49,208066
47,208066
POST,208066
49,208374
47,208374
POST,208374
49,208375
47,208375
POST,208375
47,208375
49,208376
POST,208376
47,208376
49,208376
POST,208376
49,208376
47,208377
POST,208377
49,208377
47,208377
POST,208377
47,208377
49,208480
POST,208480
49,208480
47,208480
POST,208480
49,208480
47,208480
POST,208480
47,208480
49,208480
POST,208480
47,208481
49,208481
POST,208481
47,208481
49,208481
POST,208481
49,208481
47,208481
POST,208481
47,208676
49,208676
POST,208676
47,209293
49,209293
POST,209293
47,209294
49,209294
POST,209294
49,209294
47,209294
POST,209294
49,209294
47,209294
POST,209294
47,209294
49,209295
POST,209295
47,209295
49,209295
POST,209295
47,209295
49,209296
POST,209296
49,209296
47,209296
POST,209296
49,209296
47,209296
POST,209296
47,209296
49,209297
POST,209297
47,209297
49,209297
POST,209297
47,209297
49,209297
POST,209297
49,209297
47,209480
POST,209480
49,209480
47,209480
POST,209480
49,209480
47,209480
POST,209480
49,209481
47,209481
POST,209481
49,209481
47,209481
POST,209481
47,209481
49,209481
POST,209481
47,209481
49,209482
POST,209482
47,209482
49,209904
POST,209904
47,209904
49,209904
POST,209904
47,209904
49,209905
POST,209905
47,209905
49,209905
POST,209905
49,209905
47,209905
POST,209905
47,209905
49,209905
POST,209905
49,209905
47,209905
POST,209905
49,209991
47,209991
POST,209991
49,209991
47,209991
POST,209991
49,209992
47,209992
POST,209992
47,209992
49,209992
POST,209992
47,209992
49,209993
POST,209993
49,209993
47,209993
POST,209993
47,210528
49,210529
POST,210529
47,210529
49,210529
POST,210529
47,210529
49,210529
POST,210529
49,210529
47,210529
POST,210529
47,210530
49,210530
POST,210530
49,210530
47,210530
POST,210530
47,210530
49,210531
POST,210531
47,210531
49,210531
POST,210531
47,210531
49,210531
POST,210531
49,210532
47,210532
POST,210532
49,210532
47,210532
POST,210532
47,210532
49,210532
POST,210532
47,210532
49,210533
POST,210533
47,210828
49,210828
POST,210828
47,210829
49,210829
POST,210829
47,210829
49,210829
POST,210829
47,210829
49,210829
POST,210829
47,210829
49,210829
POST,210829
49,213060
47,213060
POST,213060
49,213061
47,213061
POST,213061
47,213061
49,213061
POST,213061
47,213061
49,213061
POST,213061
47,213061
49,213061
POST,213061
49,213061
47,213061
POST,213061
47,213062
49,213062
POST,213062
47,213294
49,213295
POST,213295
49,213295
47,213296
POST,213296
47,213296
49,213296
POST,213296
49,213296
47,213296
POST,213296
47,213599
49,213599
POST,213599
47,213599
49,213599
POST,213599
49,213599
47,213600
POST,213600
47,213600
49,213600
POST,213600
47,213600
49,213600
POST,213600
47,213600
49,213601
POST,213601
47,213898
49,213898
POST,213898
47,213898
49,213898
POST,213898
47,213898
49,213898
POST,213898
47,213898
49,213898
POST,213898
49,213899
47,213899
POST,213899
49,213899
47,213899
POST,213899
47,213980
49,213981
POST,213981
47,213981
49,213981
POST,213981
49,213981
47,213981
POST,213981
49,213981
47,213981
POST,213981
47,214214
49,214214
POST,214214
49,214214
47,214215
POST,214215
47,214517
49,214517
POST,214517
47,214517
49,214518
POST,214518
47,214518
49,214518
POST,214518
49,214839
47,214840
POST,214840
47,214840
49,214840
POST,214840
49,214840
47,214840
POST,214840
47,214843
49,214843
POST,214843
47,214844
49,214844
POST,214844
47,214844
49,214844
POST,214844
49,215139
47,215139
POST,215139
49,215140
47,215140
POST,215140
49,215140
47,215140
POST,215140
49,215140
47,215140
POST,215140
49,215140
47,215140
POST,215140
47,215141
49,215141
POST,215141
47,215141
49,215224
POST,215224
49,215224
47,215225
POST,215225
47,215225
49,215225
POST,215225
47,215748
49,215748
POST,215748
49,215749
47,215749
POST,215749
47,215749
49,215749
POST,215749
47,215749
49,215749
POST,215749
49,215749
47,215749
POST,215749
47,215749
49,215749
POST,215749
47,215750
49,215750
POST,215750
49,215750
47,215750
POST,215750
49,215750
47,215750
POST,215750
49,215750
47,215750
POST,215750
47,215751
49,215751
POST,215751
47,215751
49,215751
POST,215751
47,215751
49,215751
POST,215751
47,216397
49,216397
POST,216397
47,216397
49,216397
POST,216397
49,216401
47,216401
POST,216401
47,216402
49,216402
POST,216402
49,216402
47,216402
POST,216402
47,216402
49,216402
POST,216402
49,216402
47,216402
POST,216402
47,216402
49,216402
POST,216402
47,216402
49,216402
POST,216402
47,216402
49,216402
POST,216402
49,216403
47,216403
POST,216403
49,216403
47,216403
POST,216403
47,216403
49,216457
POST,216457
47,216457
49,216457
POST,216457
49,216457
47,216458
POST,216458
47,216731
49,216731
POST,216731
47,216731
49,217318
POST,217318
49,217318
47,217318
POST,217318
47,217318
49,217318
POST,217318
49,217318
47,217318
POST,217318
47,217319
49,217319
POST,217319
49,217319
47,217319
POST,217319
47,217319
49,217319
POST,217319
49,217320
47,217320
POST,217320
47,217320
49,217320
POST,217320
49,217320
47,217320
POST,217320
49,217320
47,217320
POST,217320
49,217320
47,217321
POST,217321
49,217321
47,217321
POST,217321
47,217480
49,217480
POST,217480
49,217480
47,217480
POST,217480
49,217481
47,217481
POST,217481
47,217481
49,217481
POST,217481
47,217481
49,217481
POST,217481
47,217481
49,217482
POST,217482
49,217482
47,217895
POST,217895
47,217895
49,217896
POST,217896
49,217896
47,217896
POST,217896
47,217896
49,217896
POST,217896
49,217896
47,217897
POST,217897
49,217897
47,217897
POST,217897
47,217897
49,217897
POST,217897
47,217898
49,217980
POST,217980
47,217981
49,217982
POST,217982
47,217982
49,217982
POST,217982
47,217982
49,217982
POST,217982
47,220355
49,220355
POST,220355
49,220355
47,220355
POST,220355
47,220355
49,220355
POST,220355
49,220356
47,220357
POST,220357
47,220357
49,220357
POST,220357
47,220357
49,220357
POST,220357
49,220357
47,220357
POST,220357
47,220357
49,220357
POST,220357
47,220662
49,220662
POST,220662
47,220662
49,220662
POST,220662
47,220662
49,220662
POST,220662
47,220662
49,220662
POST,220662
49,220662
47,220662
POST,220662
47,220663
49,220663
POST,220663
49,220728
47,220729
POST,220729
47,220729
49,220729
POST,220729
47,220729
49,220730
POST,220730
49,220730
47,220730
POST,220730
49,220730
47,220730
POST,220730
49,220731
47,220731
POST,220731
47,220731
49,221282
POST,221282
47,221282
49,221282
POST,221282
49,221282
47,221282
POST,221282
49,221282
47,221282
POST,221282
49,221283
47,221283
POST,221283
47,221283
49,221283
POST,221283
47,221283
49,221283
POST,221283
49,221581
47,221581
POST,221581
49,221581
47,221581
POST,221581
47,221581
49,221582
POST,221582
49,221582
47,221582
POST,221582
49,221847
47,221847
POST,221847
47,221849
49,221850
POST,221850
49,221850
47,221850
POST,221850
47,221850
49,221850
POST,221850
49,221978
47,221979
POST,221979
47,222809
49,222809
POST,222809
49,222810
47,222810
POST,222810
47,222810
49,222810
POST,222810
47,222810
49,222810
POST,222810
47,222810
49,222978
POST,222978
47,222979
49,222979
POST,222979
47,222979
49,222979
POST,222979
49,222979
47,222979
POST,222979
47,222979
49,222980
POST,222980
49,222980
47,222980
POST,222980
47,222980
49,222980
POST,222980
47,223228
49,223228
POST,223228
49,223228
47,223228
POST,223228
47,223229
49,223229
POST,223229
49,223229
47,223229
POST,223229
49,223229
47,223229
POST,223229
49,223229
47,223229
POST,223229
47,223230
49,223230
POST,223230
47,223480
49,223480
POST,223480
47,223480
49,223481
POST,223481
47,223481
49,223481
POST,223481
49,223481
47,223481
POST,223481
49,223481
47,223481
POST,223481
49,223481
47,223482
POST,223482
47,223730
49,223730
POST,223730
49,223730
47,223730
POST,223730
49,223730
47,223731
POST,223731
49,223731
47,223731
POST,223731
47,223731
49,223731
POST,223731
47,223731
49,223731
POST,223731
47,223981
49,223981
POST,223981
49,223982
47,223982
POST,223982
47,223982
49,223982
POST,223982
47,223982
49,223982
POST,223982
49,223983
47,223983
POST,223983
49,223983
47,223983
POST,223983
47,223983
49,223984
POST,223984
47,224350
49,224350
POST,224350
47,224351
49,224351
POST,224351
49,224351
47,224351
POST,224351
49,224352
47,224352
POST,224352
47,224352
49,224352
POST,224352
47,224352
49,224352
POST,224352
47,224352
49,224652
POST,224652
49,224652
47,224652
POST,224652
47,224652
49,224652
POST,224652
47,224653
49,224653
POST,224653
49,224653
47,224653
POST,224653
47,224653
49,224654
POST,224654
47,224654
49,224654
POST,224654
49,224729
47,224729
POST,224729
49,224729
47,224729
POST,224729
49,224729
47,224729
POST,224729
49,224729
47,224729
POST,224729
47,224732
49,224732
POST,224732
49,224732
47,224732
POST,224732
47,225272
49,225272
POST,225272
49,225272
47,225272
POST,225272
49,225272
47,225273
POST,225273
47,225273
49,225273
POST,225273
47,225273
49,225273
POST,225273
47,225273
49,225273
POST,225273
49,225274
47,225275
POST,225275
47,225276
49,225276
POST,225276
47,225276
49,225276
POST,225276
49,225276
47,225277
POST,225277
49,225277
47,225277
POST,225277
47,225277
49,225277
POST,225277
47,225277
49,225277
POST,225277
47,225277
49,225478
POST,225478
49,225478
47,225478
POST,225478
47,225478
49,225479
POST,225479
49,225479
47,225479
POST,225479
49,225479
47,225480
POST,225480
47,225480
49,225480
POST,225480
49,225480
47,225480
POST,225480
49,225879
47,225879
POST,225879
49,225879
47,225880
POST,225880
47,225880
49,225880
POST,225880
49,225880
47,225880
POST,225880
47,225880
49,225880
POST,225880
49,225880
47,225880
POST,225880
47,225979
49,225979
POST,225979
49,225980
47,225980
POST,225980
47,225980
49,225980
POST,225980
47,225980
49,225980
POST,225980
47,225980
49,225980
POST,225980
49,225980
47,225980
POST,225980
47,225981
49,226411
POST,226411
49,226411
47,226411
POST,226411
47,226411
49,226412
POST,226412
47,226412
49,226412
POST,226412
47,226412
49,226412
POST,226412
47,226412
49,226412
POST,226412
47,226412
49,226413
POST,226413
49,226477
47,226478
POST,226478
47,226478
49,226478
POST,226478
49,226478
47,226478
POST,226478
47,226478
49,226478
POST,226478
47,226478
49,226478
POST,226478
49,226479
47,226479
POST,226479
47,226479
49,226479
POST,226479
49,226728
47,226728
POST,226728
49,226728
47,226728
POST,226728
49,226728
47,226729
POST,226729
47,226729
49,226729
POST,226729
49,226729
47,226729
POST,226729
49,226729
47,226729
POST,226729
49,226979
47,226979
POST,226979
47,226979
49,226979
POST,226979
49,226979
47,226980
POST,226980
49,226980
47,226980
POST,226980
47,226980
49,226980
POST,226980
47,226980
49,226980
POST,226980
49,226980
47,226981
POST,226981
47,227296
49,227296
POST,227296
49,227296
47,227296
POST,227296
47,227296
49,227296
POST,227296
49,227296
47,227297
POST,227297
47,227297
49,227297
POST,227297
49,227297
47,227297
POST,227297
47,227297
49,227527
POST,227527
47,227527
49,227527
POST,227527
47,227528
49,227528
POST,227528
47,227528
49,227528
POST,227528
47,227528
49,227528
POST,227528
47,227528
49,227528
POST,227528
49,227528
47,227528
POST,227528
49,227784
47,227784
POST,227784
47,227784
49,227784
POST,227784
47,227784
49,227785
POST,227785
49,227785
47,227785
POST,227785
49,227785
47,227785
POST,227785
47,227785
49,227786
POST,227786
47,227977
49,227978
POST,227978
49,227978
47,227978
POST,227978
47,227978
49,227978
POST,227978
47,227978
49,227979
POST,227979
47,227979
49,227979
POST,227979
49,227979
47,227979
POST,227979
47,227979
49,227980
POST,227980
47,228227
49,228227
POST,228227
49,228228
47,228228
POST,228228
49,228228
47,228228
POST,228228
47,228228
49,228228
POST,228228
47,228229
49,228229
POST,228229
49,228229
47,228229
POST,228229
47,228229
49,228230
POST,228230
47,228661
49,228661
POST,228661
49,228662
47,228662
POST,228662
49,228662
47,228662
POST,228662
49,228663
47,228663
POST,228663
47,228663
49,228663
POST,228663
47,228663
49,228663
POST,228663
49,228728
47,228728
POST,228728
47,228728
49,228729
POST,228729
49,228729
47,228729
POST,228729
49,228729
47,228729
POST,228729
47,228729
49,228729
POST,228729
47,228729
49,228729
POST,228729
47,229295
49,229295
POST,229295
49,229295
47,229295
POST,229295
47,229296
49,229296
POST,229296
49,229296
47,229296
POST,229296
47,229296
49,229297
POST,229297
47,229297
49,229297
POST,229297
49,229297
47,229297
POST,229297
49,229298
47,229298
POST,229298
47,229298
49,229298
POST,229298
49,229298
47,229298
POST,229298
47,229298
49,229298
POST,229298
49,229299
47,229299
POST,229299
47,229572
49,229572
POST,229572
47,229572
49,229572
POST,229572
49,229572
47,229573
POST,229573
47,229573
49,229573
POST,229573
49,229573
47,229573
POST,229573
49,229574
47,229574
POST,229574
49,229574
47,229897
POST,229897
47,229897
49,229897
POST,229897
47,229897
49,229897
POST,229897
49,229897
47,229897
POST,229897
47,229898
49,229898
POST,229898
47,229898
49,229898
POST,229898
49,229898
47,229898
POST,229898
49,229898
47,229980
POST,229980
47,229981
49,229981
POST,229981
49,229981
47,229981
POST,229981
49,229981
47,229981
POST,229981
47,229981
49,229982
POST,229982
49,229982
47,229982
POST,229982
49,229982
47,229982
POST,229982
49,230508
47,230508
POST,230508
49,230508
47,230508
POST,230508
47,230508
49,230508
POST,230508
47,230508
49,230508
POST,230508
47,230508
49,230509
POST,230509
47,230509
49,230509
POST,230509
47,230509
49,230509
POST,230509
47,230509
49,230509
POST,230509
47,230510
49,230510
POST,230510
47,230510
49,230510
POST,230510
49,230510
47,230510
POST,230510
49,230510
47,230511
POST,230511
49,230799
47,230800
POST,230800
49,230800
47,230800
POST,230800
49,230800
47,230802
POST,230802
47,230802
49,230802
POST,230802
49,230802
47,230803
POST,230803
47,230803
49,230803
POST,230803
49,230803
47,230803
POST,230803
49,231105
47,231105
POST,231105
49,231106
47,231106
POST,231106
47,231106
49,231106
POST,231106
47,231106
49,231107
POST,231107
47,231107
49,231107
POST,231107
49,231107
47,231107
POST,231107
49,231422
47,231422
POST,231422
47,231422
49,231422
POST,231422
49,231423
47,231423
POST,231423
47,231423
49,231423
POST,231423
47,231423
49,231423
POST,231423
49,231424
47,231424
POST,231424
49,231424
47,231424
POST,231424
47,231477
49,231477
POST,231477
47,231477
49,231477
POST,231477
49,231477
47,231478
POST,231478
47,231478
49,231478
POST,231478
49,231478
47,231478
POST,231478
47,231480
49,231481
POST,231481
49,232030
47,232030
POST,232030
47,232030
49,232031
POST,232031
49,232031
47,232031
POST,232031
49,232031
47,232031
POST,232031
47,232031
49,232031
POST,232031
47,232031
49,232031
POST,232031
47,232032
49,232032
POST,232032
47,232032
49,232032
POST,232032
47,232032
49,232032
POST,232032
49,232033
47,232033
POST,232033
49,232033
47,232033
POST,232033
49,232033
47,232033
POST,232033
47,232033
49,232033
POST,232033
49,232339
47,232339
POST,232339
47,232339
49,232339
POST,232339
49,232340
47,232340
POST,232340
47,232340
49,232340
POST,232340
47,232340
49,232340
POST,232340
49,232341
47,232341
POST,232341
47,232341
49,232638
POST,232638
47,232638
49,232638
POST,232638
47,232639
49,232639
POST,232639
49,232639
47,232639
POST,232639
49,232639
47,232639
POST,232639
47,232639
49,232640
POST,232640
47,232640
49,232640
POST,232640
49,232727
47,232727
POST,232727
49,232727
47,232727
POST,232727
47,232727
49,232728
POST,232728
49,232728
47,232728
POST,232728
47,232728
49,232728
POST,232728
47,232728
49,232728
POST,232728
49,232977
47,232977
POST,232977
47,232977
49,232978
POST,232978
49,232978
47,232978
POST,232978
49,232978
47,232978
POST,232978
49,232978
47,232978
POST,232978
47,232978
49,232978
POST,232978
47,232979
49,232979
POST,232979
47,233269
49,233269
POST,233269
49,233269
47,233269
POST,233269
47,233269
49,233269
POST,233269
49,233270
47,233270
POST,233270
49,233270
47,233270
POST,233270
47,233270
49,233270
POST,233270
49,233270
47,233271
POST,233271
49,233563
47,233563
POST,233563
47,233563
49,233563
POST,233563
