0,-41,26,49,10,-32,524,525,0
0,-41,26,49,3,-29,523,524,0
0,-41,26,49,14,-27,-37,48,0
-24,-10,31,40,0,-41,-5,41,0
-24,-10,31,40,-1512,-34,-9,1512,0
-24,-10,31,40,9,-38,-6,40,0
-29,-36,11,48,12,-33,531,532,0
-29,-36,11,48,-1518,-31,-22,1518,0
-29,-36,11,48,-1508,-54,-5,1509,0
2,47,-22,52,-4,-31,-7,32,0
2,-2,79,79,-4,-31,-7,32,0
-7,-48,1,49,14,-33,522,523,0
-7,-48,1,49,3,-30,-4,30,0
-7,-48,1,49,10,-37,529,530,0
-23,-26,11,36,3,-17,543,543,0
-23,-26,11,36,-7,-1,-28,29,0
-23,-26,11,36,3,-14,2,14,0
-10,-3,-11,15,12,3,-28,31,0
-10,-3,-11,15,-2,-12,-9,15,0
-10,10,-14,20,-2,-12,-9,15,0
-5,-2,-3,6,-2,-12,-9,15,0
-5,-2,-3,6,5,1,-21,22,0
-14,-4,8,17,5,1,-21,22,0
-14,-4,8,17,-1,5,-3,6,0
-6,-20,25,33,-1,5,-3,6,0
-6,-20,25,33,10,-9,-18,22,0
-13,-17,6,22,10,-9,-18,22,0
-13,-17,6,22,-1,5,-26,26,0
-14,3,5,15,-1,5,-26,26,0
-14,3,5,15,5,0,-23,24,0
-8,-1,7,11,5,0,-23,24,0
14,20,5,25,5,0,-23,24,0
14,20,5,25,-11,26,-28,40,0
-7,3,9,12,-11,26,-28,40,0
-7,3,9,12,0,-10,-3,10,0
2,8,20,22,0,-10,-3,10,0
2,8,20,22,-3,0,-22,22,0
-14,-6,0,15,-3,0,-22,22,0
-14,-6,0,15,7,3,-4,9,0
-10,20,9,24,7,3,-4,9,0
-10,20,9,24,7,4,1,8,0
-15,5,15,22,7,4,1,8,0
-15,5,15,22,-1509,-55,527,1599,0
-19,-62,5,65,-1509,-55,527,1599,0
-19,-62,5,65,-1494,-49,-15,1495,0
-27,-35,-4,44,11,-52,533,536,0
-27,-35,-4,44,3,-40,522,524,0
-25,-34,3,42,3,-40,522,524,0
-25,-34,3,42,14,-54,-9,57,0
-1,-12,29,31,-1516,-35,-9,1516,0
-1,-12,29,31,-1511,-32,-28,1512,0
2,-27,-18,33,-1511,-32,-28,1512,0
2,-27,-18,33,1,-20,-5,21,0
-7,-23,15,28,1,-20,-5,21,0
-13,-31,25,42,1,-20,-5,21,0
-13,-31,25,42,12,-17,524,524,0
-8,-11,5,14,12,-17,524,524,0
-8,-11,5,14,-11,-11,-21,26,0
-14,-9,14,22,-11,-11,-21,26,0
-14,-9,14,22,-4,-9,-4,11,0
-15,-28,18,37,-4,-9,-4,11,0
-15,-28,18,37,2,-21,-25,33,0
-4,-22,22,31,2,-21,-25,33,0
-4,-22,22,31,0,-8,528,528,0
-24,-25,8,36,0,-8,528,528,0
-17,-16,24,33,0,-8,528,528,0
-17,-16,24,33,8,-20,5,22,0
-3,-18,10,21,8,-20,5,22,0
-3,-18,10,21,14,-14,-18,27,0
-12,-10,-12,20,14,-14,-18,27,0
-12,-10,-12,20,10,-10,529,529,0
-7,-14,22,27,10,-10,529,529,0
-7,-14,22,27,4,-23,526,527,0
-11,-26,38,47,4,-23,526,527,0
-11,-26,38,47,8,-20,5,22,0
-9,-34,-1,35,8,-20,5,22,0
-15,-17,-8,24,8,-20,5,22,0
-15,-17,-8,24,5,-13,-23,27,0
-3,-17,32,36,5,-13,-23,27,0
-3,-17,32,36,0,-3,3,4,0
-5,-21,49,54,0,-3,3,4,0
-5,-21,49,54,10,-21,-4,24,0
0,-14,-6,15,10,-21,-4,24,0
0,-14,-6,15,4,-20,4,21,0
-7,-19,12,24,4,-20,4,21,0
-7,-19,12,24,5,-11,-3,12,0
-3,-28,3,28,5,-11,-3,12,0
-5,3,23,24,5,-11,-3,12,0
-5,3,23,24,7,-23,6,25,0
-10,-18,32,38,7,-23,6,25,0
-10,-18,32,38,-1518,-23,-1,1518,0
-3,-25,35,43,-1518,-23,-1,1518,0
-3,-25,35,43,9,-2,3,10,0
-10,-28,-2,30,9,-2,3,10,0
-10,-28,-2,30,6,-25,526,527,0
-11,-13,26,31,6,-25,526,527,0
-11,-13,26,31,0,-21,-9,23,0
-4,-21,34,40,0,-21,-9,23,0
-4,-21,34,40,-3,-14,-31,34,0
-15,-7,50,53,-3,-14,-31,34,0
-12,-21,30,39,-3,-14,-31,34,0
-12,-21,30,39,-4,-8,-26,27,0
-2,-6,19,20,-4,-8,-26,27,0
-2,-6,19,20,-20,-11,-19,30,0
-13,-12,22,28,-20,-11,-19,30,0
-13,-12,22,28,-14,4,-10,18,0
6,-4,34,35,-14,4,-10,18,0
6,-4,34,35,-11,0,2,11,0
0,-7,12,14,-11,0,2,11,0
0,-7,12,14,-11,-13,0,17,0
-10,9,34,37,-11,-13,0,17,0
-11,-10,2,15,-11,-13,0,17,0
-11,-10,2,15,-13,3,5,14,0
-4,-3,21,22,-13,3,5,14,0
-4,-3,21,22,-11,-4,-14,18,0
-4,-18,20,27,-11,-4,-14,18,0
-4,-18,20,27,0,-11,2,11,0
-3,-6,10,12,0,-11,2,11,0
-3,-6,10,12,-13,-1,525,525,0
3,-11,-5,12,-13,-1,525,525,0
3,-11,-5,12,11,-30,6,33,0
-21,-37,-2,43,11,-30,6,33,0
-21,-37,-2,43,-8,-11,-10,17,0
-19,-10,20,29,-8,-11,-10,17,0
-4,-20,8,22,-8,-11,-10,17,0
-4,-20,8,22,-1519,-14,-22,1519,0
14,-8,-6,17,-1519,-14,-22,1519,0
14,-8,-6,17,14,2,-12,19,0
-6,2,20,21,14,2,-12,19,0
-6,2,20,21,3,-8,520,520,0
-1,-16,4,17,3,-8,520,520,0
-1,-16,4,17,-7,-1,5,9,0
-7,1,-8,11,-7,-1,5,9,0
-7,1,-8,11,-4,-1,6,7,0
-13,7,4,15,-4,-1,6,7,0
0,12,7,14,-4,-1,6,7,0
0,12,7,14,-10,1,5,11,0
-8,2,0,8,-10,1,5,11,0
-8,2,0,8,-13,24,-15,31,0
0,9,3,9,-13,24,-15,31,0
0,9,3,9,1,4,-16,17,0
-5,3,22,23,1,4,-16,17,0
-5,3,22,23,-15,26,-12,32,0
0,-7,0,7,-15,26,-12,32,0
0,-7,0,7,-5,-1,-13,14,0
-1,2,5,5,-5,-1,-13,14,0
-7,7,-8,13,-5,-1,-13,14,0
-7,7,-8,13,-18,11,-26,33,0
18,9,27,34,-18,11,-26,33,0
18,9,27,34,-3,11,2,12,0
10,-11,-17,23,-3,11,2,12,0
10,-11,-17,23,6,7,-24,26,0
7,18,21,29,6,7,-24,26,0
7,18,21,29,-8,0,-29,30,0
6,3,29,30,-8,0,-29,30,0
6,3,29,30,-6,14,-34,37,0
12,3,29,32,-6,14,-34,37,0
12,3,29,32,-5,26,-14,30,0
-1,7,8,11,-5,26,-14,30,0
11,-10,18,23,-5,26,-14,30,0
11,-10,18,23,-18,6,-19,27,0
2,-6,20,21,-18,6,-19,27,0
2,-6,20,21,11,3,-23,26,0
16,0,39,42,11,3,-23,26,0
16,0,39,42,-5,14,-5,16,0
6,11,11,17,-5,14,-5,16,0
6,11,11,17,-5,7,-41,42,0
3,13,-5,14,-5,7,-41,42,0
3,13,-5,14,0,4,-28,28,0
25,11,18,33,0,4,-28,28,0
3,27,18,33,0,4,-28,28,0
3,27,18,33,-4,2,-21,21,0
15,25,37,47,-4,2,-21,21,0
15,25,37,47,-4,6,-18,19,0
-2,13,21,25,-4,6,-18,19,0
-2,13,21,25,-5,4,-14,15,0
10,1,29,31,-5,4,-14,15,0
10,1,29,31,9,3,-23,25,0
-7,-2,29,30,9,3,-23,25,0
-7,-2,29,30,-9,10,-18,22,0
-8,4,3,9,-9,10,-18,22,0
-8,4,3,9,-13,-10,-24,29,0
10,7,30,32,-13,-10,-24,29,0
4,-5,55,55,-13,-10,-24,29,0
4,-5,55,55,-19,18,-47,54,0
7,-11,20,24,-19,18,-47,54,0
7,-11,20,24,-10,17,-33,38,0
-8,1,41,42,-10,17,-33,38,0
-8,1,41,42,-9,0,-40,41,0
30,7,15,34,-9,0,-40,41,0
30,7,15,34,-4,20,-19,28,0
0,-9,17,19,-4,20,-19,28,0
0,-9,17,19,-10,-15,-28,33,0
17,6,-5,19,-10,-15,-28,33,0
2,12,1,12,-10,-15,-28,33,0
2,12,1,12,6,7,-12,15,0
14,-22,11,28,6,7,-12,15,0
14,-22,11,28,-17,15,-28,36,0
10,-14,22,28,-17,15,-28,36,0
10,-14,22,28,13,-2,-32,35,0
677,-32,77,682,-87,-1728,-2,1730,1
686,-45,64,690,-87,-1728,-2,1730,1
686,-45,64,690,-118,-1739,531,1822,1
688,-35,-1451,1606,-118,-1739,531,1822,1
688,-35,-1451,1606,-133,-1721,533,1807,1
678,-44,74,683,-133,-1721,533,1807,1
678,-44,74,683,-162,-1744,565,1840,1
692,-29,74,697,-162,-1744,565,1840,1
692,-25,67,696,-162,-1744,565,1840,1
692,-25,67,696,-178,-1728,568,1828,1
683,-16,44,685,-178,-1728,568,1828,1
683,-16,44,685,-126,5,535,550,1
719,27,37,720,-126,5,535,550,1
719,27,37,720,89,-25,-7,93,1
722,9,13,722,89,-25,-7,93,1
722,9,13,722,-102,-1982,-31,1985,1
707,5,48,709,-102,-1982,-31,1985,1
707,5,48,709,104,-2014,-11,2017,1
704,16,6,704,99,14,-2,100,1
704,16,6,704,86,19,6,88,1
714,-2,27,715,86,19,6,88,1
714,-2,27,715,46,-1990,-14,1991,1
702,-6,7,702,46,-1990,-14,1991,1
702,-6,7,702,131,-37,-31,140,1
728,0,3,728,131,-37,-31,140,1
728,0,3,728,324,-92,616,702,1
685,-19,-11,685,-107,-46,528,541,1
685,-19,-11,685,0,-48,-769,770,1
711,-28,2,712,-73,-4228,586,4269,1
711,-28,2,712,-34,-97,598,607,1
694,-32,-7,695,846,-4311,-820,4469,1
694,-32,-7,695,-112,-4041,-275,4052,1
698,-37,-13,699,-105,-75,-330,354,1
698,-37,-13,699,622,-4728,-625,4810,1
698,-37,-13,699,792,-4320,633,4437,1
680,-42,-6,681,-6,16,-599,599,1
680,-42,-6,681,787,-4292,521,4395,1
680,-42,-6,681,384,-4563,-518,4608,1
699,-28,-2,700,843,-62,-309,900,1
699,-28,-2,700,892,-1,-357,961,1
699,-28,-2,700,-1,-93,554,562,1
677,-20,-11,677,-16,-4285,532,4318,1
677,-20,-11,677,785,-11,-536,951,1
677,-20,-11,677,-64,-88,636,645,1
677,-20,-6,677,6,-4007,-605,4052,1
677,-20,-6,677,-38,-4000,-565,4040,1
708,24,-3,708,548,-3540,-548,3624,1
708,24,-3,708,833,-3695,-768,3865,1
692,-55,-20,694,833,-3695,-768,3865,1
692,-55,-20,694,654,-3707,-602,3812,1
677,-42,22,679,654,-3707,-602,3812,1
677,-42,22,679,-18,-83,-553,559,1
696,-39,-1,697,-18,-83,-553,559,1
696,-39,-1,697,528,-9,-555,766,1
693,-43,7,694,528,-9,-555,766,1
687,-62,0,690,528,-9,-555,766,1
687,-62,0,690,-16,-3534,-519,3572,1
677,-63,16,680,-16,-3534,-519,3572,1
677,-63,16,680,-17,-3516,-524,3555,1
698,-46,8,700,-17,-3516,-524,3555,1
698,-46,8,700,-9,-3517,-525,3556,1
696,-34,15,697,-9,-3517,-525,3556,1
696,-34,15,697,534,-3455,-516,3534,1
699,-40,12,700,534,-3455,-516,3534,1
696,-44,-6,697,534,-3455,-516,3534,1
696,-44,-6,697,558,-39,525,767,1
691,-31,19,692,558,-39,525,767,1
691,-31,19,692,538,-3546,536,3626,1
702,-29,14,703,538,-3546,536,3626,1
702,-29,14,703,538,-3536,548,3618,1
699,-22,20,700,538,-3536,548,3618,1
699,-22,20,700,564,-3530,530,3614,1
707,-23,15,708,564,-3530,530,3614,1
707,-23,15,708,564,-3512,537,3597,1
700,-26,15,701,564,-3512,537,3597,1
710,-15,6,710,564,-3512,537,3597,1
710,-15,6,710,594,-3518,526,3606,1
698,-42,11,699,594,-3518,526,3606,1
698,-42,11,699,588,-3520,-520,3606,1
689,-20,10,689,588,-3520,-520,3606,1
689,-20,10,689,607,-3495,-505,3583,1
697,-21,24,698,607,-3495,-505,3583,1
697,-21,24,698,621,-3508,-528,3601,1
694,-25,-4,694,621,-3508,-528,3601,1
694,-25,-4,694,600,-3502,-519,3591,1
696,-20,13,696,600,-3502,-519,3591,1
701,-30,-5,702,600,-3502,-519,3591,1
701,-30,-5,702,628,-3512,-523,3606,1
714,-21,10,714,628,-3512,-523,3606,1
714,-21,10,714,600,-3465,536,3557,1
698,-35,22,699,600,-3465,536,3557,1
698,-35,22,699,590,-3455,-516,3543,1
704,-35,29,705,590,-3455,-516,3543,1
704,-35,29,705,612,-3457,-532,3551,1
696,-20,18,697,612,-3457,-532,3551,1
696,-20,18,697,598,-3469,-525,3559,1
694,-32,0,695,598,-3469,-525,3559,1
694,-32,0,695,605,-106,-516,802,1
689,-35,25,690,605,-106,-516,802,1
722,-33,33,724,605,-106,-516,802,1
722,-33,33,724,604,-3440,-541,3534,1
712,-41,40,714,604,-3440,-541,3534,1
712,-41,40,714,591,-3441,-533,3532,1
705,-32,24,706,591,-3441,-533,3532,1
705,-32,24,706,598,-103,-529,805,1
706,-40,4,707,598,-103,-529,805,1
706,-40,4,707,606,-94,-549,823,1
723,-28,12,724,606,-94,-549,823,1
723,-28,12,724,585,-88,-530,794,1
709,-40,19,710,585,-88,-530,794,1
695,-41,10,696,585,-88,-530,794,1
695,-41,10,696,638,-3441,-528,3539,1
712,-13,15,712,638,-3441,-528,3539,1
712,-13,15,712,625,-55,-537,826,1
701,-14,2,701,625,-55,-537,826,1
701,-14,2,701,625,-43,529,820,1
718,-28,25,719,625,-43,529,820,1
718,-28,25,719,-110,-71,-532,548,1
702,-46,12,704,-110,-71,-532,548,1
702,-46,12,704,638,-3438,-561,3541,1
702,-44,-18,704,638,-3438,-561,3541,1
694,-34,14,695,638,-3438,-561,3541,1
694,-34,14,695,626,-59,-524,818,1
707,-30,8,708,626,-59,-524,818,1
707,-30,8,708,636,-37,-551,842,1
701,-42,21,703,636,-37,-551,842,1
701,-42,21,703,617,10,-515,804,1
695,-30,-10,696,617,10,-515,804,1
695,-30,-10,696,623,-6,-526,815,1
702,-30,23,703,623,-6,-526,815,1
702,-30,23,703,642,17,-537,837,1
704,-34,20,705,642,17,-537,837,1
696,-33,27,697,642,17,-537,837,1
696,-33,27,697,636,-43,-536,833,1
710,-31,19,711,636,-43,-536,833,1
710,-31,19,711,652,-3532,-520,3629,1
709,-38,15,710,652,-3532,-520,3629,1
709,-38,15,710,-85,-3523,-546,3566,1
698,-30,26,699,-85,-3523,-546,3566,1
698,-30,26,699,639,-3456,-513,3552,1
695,-27,11,696,639,-3456,-513,3552,1
695,-27,11,696,633,-98,539,837,1
704,-23,31,705,633,-98,539,837,1
704,-23,31,705,-97,-3444,-513,3483,1
712,-22,39,713,-97,-3444,-513,3483,1
713,-18,26,714,-97,-3444,-513,3483,1
713,-18,26,714,-75,-3464,525,3504,1
718,-5,25,718,-75,-3464,525,3504,1
718,-5,25,718,-109,-3490,546,3534,1
709,-16,36,710,-109,-3490,546,3534,1
709,-16,36,710,611,-100,558,833,1
707,-37,11,708,611,-100,558,833,1
707,-37,11,708,605,-54,563,828,1
699,-23,22,700,605,-54,563,828,1
716,-29,-5,717,605,-54,563,828,1
712,-21,31,713,646,-3506,547,3607,1
715,-14,15,715,646,-3506,547,3607,1
715,-14,15,715,-55,-3518,625,3574,1
732,-13,13,732,-55,-3518,625,3574,1
732,-13,13,732,-112,-77,-339,365,1
720,-17,19,720,-112,-77,-339,365,1
720,-17,19,720,-49,-57,-373,380,1
726,-21,14,726,-49,-57,-373,380,1
726,-21,14,726,-98,-2,-360,373,1
705,-21,48,707,-98,-2,-360,373,1
705,-21,48,707,346,-37,-337,484,1
722,-11,32,723,346,-37,-337,484,1
705,-6,43,706,346,-37,-337,484,1
705,-6,43,706,370,-8,-320,489,1
732,-7,40,733,370,-8,-320,489,1
732,-7,40,733,328,-18,-351,481,1
713,-7,20,713,328,-18,-351,481,1
713,-7,20,713,347,4,-307,463,1
702,-9,11,702,347,4,-307,463,1
702,-9,11,702,393,-20,-343,522,1
701,-19,27,702,393,-20,-343,522,1
701,-19,27,702,341,6,-321,468,1
698,-3,22,698,341,6,-321,468,1
708,10,15,708,341,6,-321,468,1
708,10,15,708,-31,-3491,-270,3502,1
712,-18,31,713,-31,-3491,-270,3502,1
712,-18,31,713,384,-3555,-536,3616,1
695,-22,25,696,384,-3555,-536,3616,1
695,-22,25,696,547,-74,-522,760,1
713,-31,21,714,547,-74,-522,760,1
713,-31,21,714,540,-16,535,760,1
709,-30,29,710,540,-16,535,760,1
709,-30,29,710,9,-3295,540,3339,1
702,-18,17,702,9,-3295,540,3339,1
695,-19,38,696,9,-3295,540,3339,1
695,-19,38,696,533,-3291,523,3375,1
727,-4,45,728,533,-3291,523,3375,1
727,-4,45,728,-8,-72,-595,599,1
699,-35,38,701,-8,-72,-595,599,1
699,-35,38,701,2,-3559,635,3615,1
704,-24,12,705,2,-3559,635,3615,1
704,-24,12,705,274,-3559,624,3624,1
699,-25,6,699,274,-3559,624,3624,1
699,-25,6,699,283,15,624,685,1
710,-17,21,711,283,15,624,685,1
56,17,-1365,1366,-1247,-38,640,1402,2
68,20,-1371,1373,-1247,-38,640,1402,2
68,20,-1371,1373,-1256,-13,-71,1258,2
73,28,-1410,1412,-1256,-13,-71,1258,2
73,28,-1410,1412,-1,-5,-15,16,2
611,41,-1369,1500,-1,-5,-15,16,2
611,41,-1369,1500,6,-14,-21,26,2
620,37,-1381,1514,6,-14,-21,26,2
620,37,-1381,1514,-15,-231,7,232,2
86,33,-1396,1399,-15,-231,7,232,2
86,30,-1368,1371,-15,-231,7,232,2
86,30,-1368,1371,4,-10,-10,15,2
82,28,-1364,1367,4,-10,-10,15,2
82,28,-1364,1367,-43,10,541,543,2
85,30,-1359,1362,-43,10,541,543,2
85,30,-1359,1362,-10,1,4,11,2
77,16,-1371,1373,-10,1,4,11,2
77,16,-1371,1373,-9,2,5,10,2
608,28,-1358,1488,-9,2,5,10,2
608,28,-1358,1488,-20,-2,553,553,2
611,23,-1347,1479,-20,-2,553,553,2
617,33,-1358,1492,-20,-2,553,553,2
617,33,-1358,1492,-19,5,0,20,2
608,37,-1357,1487,-19,5,0,20,2
608,37,-1357,1487,-21,-6,529,529,2
610,29,-1373,1503,-21,-6,529,529,2
610,29,-1373,1503,-34,-9,565,566,2
611,38,-1343,1476,-34,-9,565,566,2
611,38,-1343,1476,-34,14,543,544,2
609,31,-1360,1490,-34,14,543,544,2
609,31,-1360,1490,-29,-2,536,537,2
612,34,-1331,1465,-29,-2,536,537,2
86,35,-1341,1344,-29,-2,536,537,2
86,35,-1341,1344,-38,-11,570,571,2
86,36,-1411,1414,-38,-11,570,571,2
86,36,-1411,1414,7,-14,-31,35,2
89,30,-1392,1395,7,-14,-31,35,2
89,30,-1392,1395,1,0,2,2,2
70,33,-1391,1393,1,0,2,2,2
70,33,-1391,1393,7,-12,-5,15,2
78,37,-1373,1376,7,-12,-5,15,2
78,37,-1373,1376,-4,-3,-13,14,2
69,28,-1391,1393,-4,-3,-13,14,2
78,15,-1372,1374,-4,-3,-13,14,2
78,15,-1372,1374,7,-23,-22,33,2
87,31,-1399,1402,7,-23,-22,33,2
87,31,-1399,1402,-7,-7,0,10,2
75,16,-1394,1396,-7,-7,0,10,2
75,16,-1394,1396,-4,-6,-13,15,2
78,31,-1388,1391,-4,-6,-13,15,2
78,31,-1388,1391,11,-17,-21,29,2
76,30,-1383,1385,11,-17,-21,29,2
76,30,-1383,1385,-21,-9,-26,35,2
75,32,-1366,1368,-21,-9,-26,35,2
89,43,-1400,1403,-21,-9,-26,35,2
89,43,-1400,1403,-21,-229,529,577,2
609,24,-1373,1502,-21,-229,529,577,2
609,24,-1373,1502,-15,12,544,544,2
609,32,-1381,1510,-15,12,544,544,2
609,32,-1381,1510,-17,-15,529,529,2
94,41,-1352,1356,-17,-15,529,529,2
94,41,-1352,1356,-6,9,536,536,2
79,31,-1395,1398,-6,9,536,536,2
79,31,-1395,1398,-7,2,-9,12,2
89,43,-1386,1390,-7,2,-9,12,2
89,43,-1386,1390,-17,4,5,18,2
88,35,-1395,1398,-17,4,5,18,2
608,28,-1406,1532,-17,4,5,18,2
608,28,-1406,1532,-5,-4,549,549,2
82,24,-1391,1394,-5,-4,549,549,2
82,24,-1391,1394,-11,-13,545,545,2
82,41,-1388,1391,-11,-13,545,545,2
82,41,-1388,1391,-15,-3,552,552,2
611,27,-1392,1520,-15,-3,552,552,2
611,27,-1392,1520,-8,1,520,520,2
83,28,-1404,1407,-8,1,520,520,2
83,28,-1404,1407,-8,-15,533,533,2
94,31,-1381,1385,-8,-15,533,533,2
94,28,-1382,1385,-8,-15,533,533,2
94,28,-1382,1385,-19,-2,548,548,2
84,30,-1386,1389,-19,-2,548,548,2
84,30,-1386,1389,-8,3,526,526,2
82,33,-1388,1391,-8,3,526,526,2
82,33,-1388,1391,-7,4,7,11,2
618,27,-1390,1521,-7,4,7,11,2
618,27,-1390,1521,-15,5,529,529,2
81,26,-1395,1398,-15,5,529,529,2
81,26,-1395,1398,-19,10,549,549,2
73,35,-1393,1395,-19,10,549,549,2
73,35,-1393,1395,-7,-7,557,557,2
94,29,-1391,1394,-7,-7,557,557,2
87,33,-1392,1395,-7,-7,557,557,2
87,33,-1392,1395,-9,5,526,526,2
91,26,-1378,1381,-9,5,526,526,2
91,26,-1378,1381,-11,3,524,524,2
86,27,-1358,1361,-11,3,524,524,2
86,27,-1358,1361,6,0,550,550,2
79,14,-1396,1398,6,0,550,550,2
79,14,-1396,1398,-1256,-19,-21,1256,2
76,12,-1411,1413,-1256,-19,-21,1256,2
76,12,-1411,1413,9,-17,-20,28,2
70,13,-1393,1395,9,-17,-20,28,2
75,-2,-1395,1397,9,-17,-20,28,2
75,-2,-1395,1397,-1262,-19,-14,1262,2
91,11,-1384,1387,-1262,-19,-14,1262,2
91,11,-1384,1387,10,-26,-29,40,2
89,3,-1389,1392,10,-26,-29,40,2
89,3,-1389,1392,2,-31,-19,36,2
75,0,-1422,1424,2,-31,-19,36,2
75,0,-1422,1424,4,-26,5,27,2
61,26,-1395,1397,4,-26,5,27,2
61,26,-1395,1397,1,-2,-29,29,2
70,20,-1390,1392,1,-2,-29,29,2
70,20,-1390,1392,-1,-20,524,524,2
71,17,-1399,1401,-1,-20,524,524,2
74,10,-1401,1403,-1,-20,524,524,2
74,10,-1401,1403,1,-39,4,39,2
83,19,-1383,1386,1,-39,4,39,2
83,19,-1383,1386,-1255,-21,-12,1255,2
65,10,-1417,1419,-1255,-21,-12,1255,2
65,10,-1417,1419,-1257,-11,-7,1257,2
80,5,-1412,1414,-1257,-11,-7,1257,2
80,5,-1412,1414,-1261,-26,-15,1261,2
62,-2,-1376,1377,-1261,-26,-15,1261,2
62,-2,-1376,1377,8,-23,1,24,2
85,24,-1385,1388,8,-23,1,24,2
87,13,-1391,1394,8,-23,1,24,2
87,13,-1391,1394,4,-16,1,17,2
86,16,-1374,1377,4,-16,1,17,2
86,16,-1374,1377,-7,-26,-20,34,2
86,26,-1367,1370,-7,-26,-20,34,2
86,26,-1367,1370,-9,-20,-7,23,2
77,24,-1369,1371,-9,-20,-7,23,2
77,24,-1369,1371,-10,-18,0,21,2
72,13,-1395,1397,-10,-18,0,21,2
72,13,-1395,1397,-25,-22,-10,35,2
610,26,-1366,1496,-25,-22,-10,35,2
610,26,-1366,1496,-7,-16,543,543,2
67,3,-1374,1376,-7,-16,543,543,2
83,24,-1368,1371,-7,-16,543,543,2
83,24,-1368,1371,-11,-7,-2,13,2
80,22,-1364,1367,-11,-7,-2,13,2
80,22,-1364,1367,-12,7,-8,16,2
85,44,-1357,1360,-12,7,-8,16,2
85,44,-1357,1360,-2,11,-28,30,2
92,61,-1381,1385,-2,11,-28,30,2
92,61,-1381,1385,-11,21,-46,52,2
610,52,-1371,1501,-11,21,-46,52,2
610,52,-1371,1501,-20,12,532,533,2
90,51,-1367,1371,-20,12,532,533,2
613,51,-1372,1504,-20,12,532,533,2
613,51,-1372,1504,-25,21,520,521,2
612,38,-1371,1502,-25,21,520,521,2
612,38,-1371,1502,0,16,4,16,2
611,42,-1350,1482,0,16,4,16,2
611,42,-1350,1482,-35,-224,1,227,2
615,50,-1389,1520,-35,-224,1,227,2
615,50,-1389,1520,-17,-227,534,580,2
93,44,-1355,1359,-17,-227,534,580,2
93,44,-1355,1359,-43,15,527,529,2
85,44,-1342,1345,-43,15,527,529,2
85,44,-1342,1345,-24,-234,528,578,2
615,50,-1372,1504,-24,-234,528,578,2
615,24,-1373,1505,-24,-234,528,578,2
615,24,-1373,1505,-21,12,525,526,2
93,45,-1370,1374,-21,12,525,526,2
93,45,-1370,1374,-24,12,533,534,2
92,52,-1377,1381,-24,12,533,534,2
92,52,-1377,1381,-33,-221,4,223,2
613,43,-1372,1503,-33,-221,4,223,2
613,43,-1372,1503,-25,-230,529,577,2
94,50,-1354,1358,-25,-230,529,577,2
94,50,-1354,1358,-34,7,542,543,2
611,44,-1377,1507,-34,7,542,543,2
93,44,-1354,1358,-34,7,542,543,2
93,44,-1354,1358,-32,-225,540,586,2
615,51,-1381,1513,-32,-225,540,586,2
615,51,-1381,1513,-37,-234,538,588,2
619,51,-1377,1511,-37,-234,538,588,2
619,51,-1377,1511,-28,-228,558,603,2
614,64,-1381,1513,-28,-228,558,603,2
614,64,-1381,1513,-34,-206,538,577,2
623,61,-1386,1521,-34,-206,538,577,2
623,61,-1386,1521,-49,-230,533,583,2
611,59,-1362,1494,-49,-230,533,583,2
611,59,-1362,1494,-36,-234,560,608,2
611,44,-1354,1486,-36,-234,560,608,2
635,56,-1350,1493,-36,-234,560,608,2
635,56,-1350,1493,-34,-216,536,579,2
624,52,-1341,1480,-34,-216,536,579,2
624,52,-1341,1480,-53,-229,-3,235,2
623,37,-1369,1505,-53,-229,-3,235,2
623,37,-1369,1505,-45,-226,542,589,2
613,54,-1352,1485,-45,-226,542,589,2
613,54,-1352,1485,-43,-218,538,582,2
631,54,-1353,1494,-43,-218,538,582,2
631,54,-1353,1494,-38,-220,521,567,2
628,58,-1364,1503,-38,-220,521,567,2
617,43,-1364,1498,-38,-220,521,567,2
617,43,-1364,1498,-39,-219,539,583,2
-648,855,-32,1073,-1416,-130,523,1515,3
-648,855,-32,1073,-1429,-138,-26,1436,3
-665,808,-23,1047,-1429,-138,-26,1436,3
-665,808,-23,1047,-1430,-122,530,1530,3
-659,807,-24,1042,-1430,-122,530,1530,3
-659,807,-24,1042,-1438,-115,-30,1443,3
-662,794,-23,1034,-1438,-115,-30,1443,3
-661,776,-21,1020,-1438,-115,-30,1443,3
-661,776,-21,1020,-1432,-115,0,1437,3
-603,-14,-33,604,-1432,-115,0,1437,3
-603,-14,-33,604,-1443,-131,-9,1449,3
-628,783,-31,1004,-1443,-131,-9,1449,3
-628,783,-31,1004,-1429,-121,6,1434,3
-615,-9,-48,617,-1429,-121,6,1434,3
-615,-9,-48,617,-1435,-111,523,1531,3
-573,-47,-591,825,-1435,-111,523,1531,3
-573,-47,-591,825,-1416,-112,2,1420,3
-579,-35,-588,826,-1416,-112,2,1420,3
-579,-35,-588,826,-1424,-115,520,1520,3
-575,-34,-591,825,-1411,-129,548,1519,3
-575,-34,-591,825,-1413,-110,538,1516,3
-598,-10,-578,832,-1413,-110,538,1516,3
-598,-10,-578,832,-1440,-111,527,1537,3
-571,-12,-587,819,-1440,-111,527,1537,3
-571,-12,-587,819,-1437,-104,531,1535,3
-557,-33,64,562,-1437,-104,531,1535,3
-557,-33,64,562,-1440,-103,7,1444,3
-566,-16,-683,887,-1440,-103,7,1444,3
-576,-26,60,580,-1440,-103,7,1444,3
-576,-26,60,580,-1422,-103,4,1426,3
-586,-38,-668,889,-1422,-103,4,1426,3
-586,-38,-668,889,-1440,-107,531,1539,3
-566,-61,-660,872,-1440,-107,531,1539,3
-566,-61,-660,872,-1426,-133,526,1526,3
-573,-80,-688,899,-1426,-133,526,1526,3
-573,-80,-688,899,-1426,-128,527,1526,3
-32,-92,74,122,-1426,-128,527,1526,3
-32,-92,74,122,-1426,-124,550,1533,3
-32,-92,74,122,-1433,-105,532,1532,3
7,-95,55,110,-1426,-121,558,1536,3
7,-95,55,110,-1438,-104,559,1546,3
61,836,-632,1050,-1438,-104,559,1546,3
61,836,-632,1050,-1441,-84,-39,1444,3
72,-129,-581,599,-1441,-84,-39,1444,3
72,-129,-581,599,-1447,-124,-5,1452,3
78,856,-586,1040,-1447,-124,-5,1452,3
-638,826,-647,1228,-1447,-124,-5,1452,3
-638,826,-647,1228,-1439,-114,2,1444,3
-642,801,-647,1213,-1439,-114,2,1444,3
-642,801,-647,1213,-1434,-121,3,1439,3
-629,803,-652,1211,-1434,-121,3,1439,3
-629,803,-652,1211,-1435,-115,-26,1440,3
-634,807,-677,1229,-1435,-115,-26,1440,3
-634,807,-677,1229,-1437,-113,-3,1441,3
-633,782,-669,1208,-1437,-113,-3,1441,3
-633,782,-669,1208,-1418,-105,-1,1422,3
-626,786,-664,1204,-1418,-105,-1,1422,3
-626,780,-668,1203,-1418,-105,-1,1422,3
-626,780,-668,1203,-1434,-120,-13,1439,3
-635,803,-672,1225,-1434,-120,-13,1439,3
-635,803,-672,1225,-1442,-99,-6,1445,3
-611,773,75,988,-1442,-99,-6,1445,3
-611,773,75,988,-1429,-101,4,1433,3
-617,-22,-686,923,-1429,-101,4,1433,3
-617,-22,-686,923,-1438,-117,533,1538,3
-629,-12,-655,908,-1438,-117,533,1538,3
-620,-10,-672,914,-1438,-117,533,1538,3
-620,-10,-672,914,-1433,-106,-22,1437,3
-620,-10,-672,914,-1440,-113,536,1541,3
-566,-79,21,572,-1444,-123,550,1550,3
-566,-79,21,572,-1434,-129,541,1538,3
-570,-105,25,580,-1434,-129,541,1538,3
-570,-105,25,580,-1429,-128,523,1527,3
-578,-21,36,580,-1429,-128,523,1527,3
-578,-21,36,580,-1440,-123,-3,1445,3
-586,-20,35,587,-1440,-123,-3,1445,3
-586,-20,35,587,-1433,-134,7,1439,3
-580,-41,10,582,-1433,-134,7,1439,3
-580,-41,10,582,-1425,-140,2,1432,3
-556,-18,-2,556,-1425,-140,2,1432,3
-559,-65,38,564,-1425,-140,2,1432,3
-559,-65,38,564,-1428,-125,-1,1433,3
-581,-86,20,588,-1428,-125,-1,1433,3
-581,-86,20,588,-1431,-140,530,1532,3
-577,-76,10,582,-1431,-140,530,1532,3
-577,-76,10,582,-1430,-132,524,1529,3
-564,-74,30,570,-1430,-132,524,1529,3
-564,-74,30,570,-1422,-144,520,1521,3
-561,-56,6,564,-1422,-144,520,1521,3
-561,-56,6,564,-1435,-120,-5,1440,3
-572,-67,31,577,-1435,-120,-5,1440,3
-576,-77,4,581,-1435,-120,-5,1440,3
-576,-77,4,581,-1426,-135,526,1526,3
-561,-66,27,566,-1426,-135,526,1526,3
-561,-66,27,566,-1441,-118,-1,1446,3
-555,-80,7,561,-1441,-118,-1,1446,3
-555,-80,7,561,-1432,-130,521,1529,3
-565,-84,19,572,-1432,-130,521,1529,3
-565,-84,19,572,-1428,-135,-7,1434,3
-566,-88,6,573,-1428,-135,-7,1434,3
-566,-88,6,573,-1423,-120,5,1428,3
-26,-80,-16,86,-1423,-120,5,1428,3
-551,-81,-10,557,-1423,-120,5,1428,3
-551,-81,-10,557,-1431,-132,527,1531,3
-32,-82,-23,91,-1431,-132,527,1531,3
-32,-82,-23,91,-1413,-142,-3,1420,3
-22,-51,-42,70,-1413,-142,-3,1420,3
-22,-51,-42,70,-1416,-137,-12,1423,3
-548,-36,-40,551,-1416,-137,-12,1423,3
-548,-36,-40,551,-1426,-111,-12,1430,3
-19,-41,-49,67,-1426,-111,-12,1430,3
-19,-41,-49,67,-1423,-107,-15,1427,3
-28,-75,-48,93,-1423,-107,-15,1427,3
-19,-89,-844,849,-1423,-107,-15,1427,3
-19,-89,-844,849,-1423,-118,6,1428,3
-18,-63,-839,842,-1423,-118,6,1428,3
-18,-63,-839,842,-1410,-134,-11,1416,3
-21,-70,-837,840,-1410,-134,-11,1416,3
-21,-70,-837,840,-1416,-146,-19,1424,3
-22,-69,-863,866,-1416,-146,-19,1424,3
-22,-69,-863,866,-1426,-122,-16,1431,3
-15,-45,-831,832,-1426,-122,-16,1431,3
-15,-45,-831,832,-1433,-104,-17,1437,3
22,-65,-885,888,-1433,-104,-17,1437,3
22,-65,-885,888,-1424,-101,-19,1428,3
-613,797,5,1005,-1413,-138,-11,1420,3
-613,797,5,1005,-1419,-134,-12,1425,3
-613,797,5,1005,-1418,-149,-18,1426,3
-564,783,-851,1287,-1416,-144,-15,1423,3
-564,783,-851,1287,-1419,-132,5,1425,3
-562,-17,-851,1020,-1407,-120,-38,1413,3
-562,-17,-851,1020,-1405,-129,-19,1411,3
-562,-17,-851,1020,-1422,-121,-14,1427,3
-558,-20,-878,1041,-1421,-144,-46,1429,3
-558,-20,-878,1041,-1413,-120,-27,1418,3
-546,773,-918,1318,-1434,-132,530,1534,3
-546,773,-918,1318,-1416,-118,529,1516,3
-546,773,-918,1318,-1425,-130,-5,1431,3
7,-15,-870,870,-1418,-134,5,1424,3
7,-15,-870,870,-1425,-129,-21,1431,3
29,779,-881,1176,-1425,-129,-21,1431,3
29,779,-881,1176,-1433,-117,-8,1438,3
-1,779,-878,1174,-1433,-117,-8,1438,3
-1,779,-878,1174,-1429,-114,-12,1434,3
-2,772,-866,1160,-1429,-114,-12,1434,3
-2,772,-866,1160,-1421,-115,-9,1426,3
20,-34,-867,868,-1421,-115,-9,1426,3
22,-44,-43,65,-1421,-115,-9,1426,3
22,-44,-43,65,-1444,-115,7,1449,3
39,-35,20,56,-1444,-115,7,1449,3
39,-35,20,56,-1429,-110,0,1433,3
43,-76,-677,683,-1429,-110,0,1433,3
43,-76,-677,683,-1443,-107,531,1541,3
44,-77,-670,676,-1443,-107,531,1541,3
44,-77,-670,676,-1431,-115,-23,1436,3
94,811,-3,816,-1431,-115,-23,1436,3
-416,815,10,915,-1431,-115,-23,1436,3
-416,815,10,915,-1454,-103,-1,1458,3
46,811,-27,813,-1454,-103,-1,1458,3
46,811,-27,813,-1422,-118,-14,1427,3
73,817,-25,821,-1422,-118,-14,1427,3
73,817,-25,821,-1446,-118,530,1545,3
82,848,-34,853,-1446,-118,530,1545,3
82,848,-34,853,-1421,-114,-31,1426,3
67,827,-21,830,-1421,-114,-31,1426,3
67,827,-21,830,-1416,-131,524,1516,3
53,770,-20,772,-1416,-131,524,1516,3
53,770,-20,772,-1432,-112,-31,1437,3
69,-38,-3,79,-1421,-115,-6,1426,3
69,-38,-3,79,-1432,-118,-9,1437,3
62,-33,-16,72,-1432,-118,-9,1437,3
62,-33,-16,72,-1437,-112,5,1441,3
51,-26,-34,67,-1437,-112,5,1441,3
46,776,-818,1128,-1437,-112,5,1441,3
46,776,-818,1128,-1440,-123,-1,1445,3
49,-13,-32,60,-1440,-123,-1,1445,3
49,-13,-32,60,-1446,-119,520,1541,3
72,-3,-25,76,-1446,-119,520,1541,3
72,-3,-25,76,-1445,-117,-1,1450,3
61,776,-17,779,-1445,-117,-1,1450,3
61,776,-17,779,-1443,-124,-4,1448,3
60,771,12,773,-1443,-124,-4,1448,3
60,771,12,773,-1440,-101,-7,1444,3
41,772,-23,773,-1440,-101,-7,1444,3
73,-9,-15,75,-1440,-101,-7,1444,3
73,-9,-15,75,-1429,-115,521,1525,3
62,-13,11,64,-1429,-115,521,1525,3
62,-13,11,64,-1427,-125,3,1432,3
61,769,-13,772,-1427,-125,3,1432,3
61,769,-13,772,-1434,-136,7,1440,3
70,-8,-10,71,-1434,-136,7,1440,3
70,-8,-10,71,-1435,-120,-13,1440,3
55,-5,-1,55,-1435,-120,-13,1440,3
55,-5,-1,55,-1429,-118,-21,1434,3
47,-5,-22,52,-1429,-118,-21,1434,3
47,773,-14,775,-1429,-118,-21,1434,3
47,773,-14,775,-1426,-121,528,1525,3
63,774,-10,777,-1426,-121,528,1525,3
63,774,-10,777,-1430,-123,-12,1435,3
57,-5,5,57,-1430,-123,-12,1435,3
697,-1,15,697,-5852,-468,-2354,6325,4
697,-1,15,697,-5844,-448,-2371,6323,4
708,-2,-5,708,-5844,-448,-2371,6323,4
708,-2,-5,708,-5841,-470,-2365,6319,4
711,-14,12,711,-5841,-470,-2365,6319,4
690,-11,15,690,-5841,-470,-2365,6319,4
690,-11,15,690,-22,-476,640,798,4
711,-11,19,711,-22,-476,640,798,4
711,-11,19,711,-7,-485,-2420,2468,4
709,-2,10,709,-7,-485,-2420,2468,4
709,-2,10,709,-5834,-44,-2352,6290,4
705,-13,21,705,-5834,-44,-2352,6290,4
705,-13,21,705,-5843,-19,-2354,6299,4
712,-2,39,713,-5843,-19,-2354,6299,4
712,-2,39,713,-5795,-444,-2297,6249,4
705,-31,29,706,-5795,-444,-2297,6249,4
715,-3,29,716,-5795,-444,-2297,6249,4
715,-3,29,716,-40,-683,638,935,4
694,-16,48,696,-40,-683,638,935,4
694,-16,48,696,-42,18,621,623,4
707,-24,39,708,-42,18,621,623,4
707,-24,39,708,-31,9,607,608,4
701,-27,38,703,-31,9,607,608,4
701,-27,38,703,-76,-52,-2068,2070,4
678,-32,39,680,-76,-52,-2068,2070,4
678,-32,39,680,1,-37,566,567,4
703,-9,22,703,1,-37,566,567,4
691,-18,44,693,1,-37,566,567,4
691,-18,44,693,-29,-47,-2053,2054,4
715,-13,12,715,-29,-47,-2053,2054,4
715,-13,12,715,-5587,-79,600,5620,4
725,-34,30,726,-5587,-79,600,5620,4
725,-34,30,726,-5864,-12,577,5892,4
707,-23,43,709,-5864,-12,577,5892,4
707,-23,43,709,-24,9,636,637,4
715,-18,52,717,-24,9,636,637,4
702,-29,15,703,-24,9,636,637,4
702,-29,15,703,-82,-80,585,596,4
703,-23,48,705,-82,-80,585,596,4
703,-23,48,705,-5757,-7,-2080,6121,4
711,-37,33,713,-5757,-7,-2080,6121,4
711,-37,33,713,7,-94,585,593,4
704,-29,9,705,7,-94,585,593,4
704,-29,9,705,-5841,-67,538,5866,4
697,-26,29,698,-5841,-67,538,5866,4
697,-26,29,698,-87,-1409,634,1548,4
709,-27,27,710,-87,-1409,634,1548,4
699,-27,25,700,-87,-1409,634,1548,4
699,-27,25,700,-6073,-1502,-2043,6581,4
694,-17,-5,694,-6073,-1502,-2043,6581,4
694,-17,-5,694,-12,-1392,-2152,2563,4
707,-35,18,708,-12,-1392,-2152,2563,4
707,-35,18,708,-69,-12,616,620,4
708,-17,11,708,-69,-12,616,620,4
708,-17,11,708,-6017,-1235,563,6168,4
691,-17,23,692,-6017,-1235,563,6168,4
691,-17,23,692,-38,-1422,617,1551,4
704,-18,32,705,-38,-1422,617,1551,4
704,-18,32,705,-6073,-4,-1832,6343,4
712,-36,53,715,-6073,-4,-1832,6343,4
704,-32,12,705,-6073,-4,-1832,6343,4
704,-32,12,705,-40,-1473,-1595,2171,4
713,-18,7,713,-40,-1473,-1595,2171,4
713,-18,7,713,-61,-63,548,555,4
723,-17,33,724,-61,-63,548,555,4
723,-17,33,724,-6772,-16,-1789,7004,4
706,-25,15,707,-6772,-16,-1789,7004,4
706,-25,15,707,-92,-988,-2165,2382,4
707,-30,31,708,-92,-988,-2165,2382,4
707,-30,31,708,-6891,-52,524,6911,4
698,-25,10,699,-6891,-52,524,6911,4
701,-22,16,702,-6891,-52,524,6911,4
701,-22,16,702,-47,-1134,-2107,2393,4
696,-31,-1,697,-47,-1134,-2107,2393,4
696,-31,-1,697,-61,-1135,612,1291,4
717,-14,19,717,-61,-1135,612,1291,4
717,-14,19,717,-6819,-35,597,6845,4
712,-2,15,712,-6819,-35,597,6845,4
712,-2,15,712,-3,-913,-2045,2240,4
702,-3,6,702,-3,-913,-2045,2240,4
702,-3,6,702,-16,-956,612,1135,4
708,10,12,708,-16,-956,612,1135,4
708,10,12,708,-41,-1175,-1569,1961,4
719,-14,27,720,-41,-1175,-1569,1961,4
719,-25,16,720,-41,-1175,-1569,1961,4
719,-25,16,720,-106,-16,578,588,4
713,-16,45,715,-106,-16,578,588,4
713,-16,45,715,-6539,-72,-2421,6973,4
718,-27,28,719,-6539,-72,-2421,6973,4
718,-27,28,719,-7,-56,-2138,2139,4
703,-27,12,704,-7,-56,-2138,2139,4
703,-27,12,704,-15,-1140,-2342,2605,4
722,-7,6,722,-15,-1140,-2342,2605,4
722,-7,6,722,-78,-85,-2624,2627,4
711,-11,-1,711,-78,-85,-2624,2627,4
711,-11,-1,711,-7294,-1219,-2089,7685,4
710,-22,-8,710,-7294,-1219,-2089,7685,4
691,-4,-10,691,-7294,-1219,-2089,7685,4
691,-4,-10,691,-30,-1132,-2678,2908,4
698,-28,5,699,-30,-1132,-2678,2908,4
698,-28,5,699,-6887,-1180,602,7013,4
705,-22,10,705,-6887,-1180,602,7013,4
705,-22,10,705,-9,12,-2874,2874,4
702,-12,19,702,-9,12,-2874,2874,4
702,-12,19,702,-7083,-1147,-2843,7718,4
706,-17,-26,707,-7083,-1147,-2843,7718,4
706,-17,-26,707,-7124,-1148,-2560,7657,4
687,-4,13,687,-7124,-1148,-2560,7657,4
702,-19,-7,702,-7124,-1148,-2560,7657,4
702,-19,-7,702,-6522,-2,-2654,7041,4
702,-37,-14,703,-6522,-2,-2654,7041,4
702,-37,-14,703,-31,-59,-2817,2818,4
683,-35,-3,684,-31,-59,-2817,2818,4
683,-35,-3,684,-7146,-695,642,7208,4
726,-24,-4,726,-7146,-695,642,7208,4
726,-24,-4,726,-7326,-697,-2924,7919,4
695,-17,-8,695,-7326,-697,-2924,7919,4
695,-17,-8,695,-87,-898,535,1049,4
682,-34,-7,683,-87,-898,535,1049,4
696,-30,3,697,-87,-898,535,1049,4
696,-30,3,697,-31,-904,-2853,2993,4
705,-23,-22,706,-31,-904,-2853,2993,4
705,-23,-22,706,-59,-99,-2931,2933,4
687,-32,5,688,-59,-99,-2931,2933,4
687,-32,5,688,-6863,-930,-2923,7517,4
696,-27,0,697,-6863,-930,-2923,7517,4
696,-27,0,697,-62,-971,-2828,2991,4
691,-30,-14,692,-62,-971,-2828,2991,4
691,-30,-14,692,-81,-68,-2850,2852,4
696,-35,-10,697,-81,-68,-2850,2852,4
696,-35,-10,697,-6821,-95,642,6852,4
705,-35,-1,706,-6821,-95,642,6852,4
705,-23,-11,705,-6821,-95,642,6852,4
705,-23,-11,705,1,-921,551,1073,4
701,-13,21,701,1,-921,551,1073,4
701,-13,21,701,-109,-996,616,1176,4
695,-46,-1,697,-109,-996,616,1176,4
695,-46,-1,697,-6577,-982,574,6675,4
711,-7,23,711,-6577,-982,574,6675,4
711,-7,23,711,-25,-984,-2876,3040,4
702,-24,-20,703,-25,-984,-2876,3040,4
702,-24,-20,703,-6515,18,589,6542,4
698,-23,-7,698,-6515,18,589,6542,4
700,-24,-16,701,-6515,18,589,6542,4
700,-24,-16,701,-33,16,-2665,2665,4
692,-35,-8,693,-33,16,-2665,2665,4
692,-35,-8,693,-6566,-8,521,6587,4
692,-44,-2,693,-6566,-8,521,6587,4
692,-44,-2,693,-6358,-74,-2670,6896,4
682,-36,-12,683,-6358,-74,-2670,6896,4
682,-36,-12,683,-18,-44,631,633,4
692,-30,8,693,-18,-44,631,633,4
692,-30,8,693,-84,-24,606,612,4
705,-20,28,706,-84,-24,606,612,4
705,-20,28,706,-26,4,-2633,2633,4
698,-24,19,699,-26,4,-2633,2633,4
689,-3,21,689,-26,4,-2633,2633,4
689,-3,21,689,-109,-932,-2371,2550,4
682,-28,16,683,-109,-932,-2371,2550,4
682,-28,16,683,-6045,-921,588,6143,4
713,-23,24,714,-6045,-921,588,6143,4
713,-23,24,714,-39,-655,-2158,2256,4
716,-5,29,717,-39,-655,-2158,2256,4
716,-5,29,717,-26,-76,-1842,1844,4
708,-13,19,708,-26,-76,-1842,1844,4
708,-13,19,708,-106,-659,-2337,2430,4
705,-2,37,706,-106,-659,-2337,2430,4
707,-18,14,707,-106,-659,-2337,2430,4
707,-18,14,707,-6019,-709,-1869,6342,4
702,13,16,702,-6019,-709,-1869,6342,4
702,13,16,702,-95,-649,-2056,2158,4
718,-11,9,718,-95,-649,-2056,2158,4
718,-11,9,718,-6354,-676,-2047,6710,4
720,10,19,720,-6354,-676,-2047,6710,4
720,10,19,720,-6601,-87,602,6629,4
693,1,7,693,-6601,-87,602,6629,4
693,1,7,693,-6362,-684,-2146,6749,4
716,-10,16,716,-6362,-684,-2146,6749,4
708,-8,0,708,-6362,-684,-2146,6749,4
708,-8,0,708,-6266,-704,-2083,6641,4
685,-17,12,685,-6266,-704,-2083,6641,4
685,-17,12,685,-83,-706,562,906,4
691,-26,23,692,-83,-706,562,906,4
691,-26,23,692,-10,-719,592,931,4
708,-21,13,708,-10,-719,592,931,4
708,-21,13,708,-10,-661,598,891,4
702,-28,24,703,-10,-661,598,891,4
702,-28,24,703,-6265,-698,-2167,6666,4
689,-20,8,689,-6265,-698,-2167,6666,4
689,-20,8,689,-107,-705,619,944,4
691,-24,3,691,-107,-705,619,944,4
689,-9,18,689,-107,-705,619,944,4
689,-9,18,689,-6365,-694,-2323,6811,4
701,-18,11,701,-6365,-694,-2323,6811,4
701,-18,11,701,-6368,-653,-2324,6810,4
685,-5,16,685,-6368,-653,-2324,6810,4
685,-5,16,685,-44,-14,562,564,4
673,-4,15,673,-44,-14,562,564,4
673,-4,15,673,-6096,-78,-2168,6471,4
688,-25,14,689,-6096,-78,-2168,6471,4
9,-68,44,81,-63,-11,-104,122,5
13,-80,13,82,-63,-11,-104,122,5
13,-80,13,82,-74,-17,-86,115,5
23,-70,31,80,-74,-17,-86,115,5
23,-70,31,80,-73,-7,645,649,5
36,-52,37,73,-73,-7,645,649,5
36,-52,37,73,-83,7,-68,108,5
39,-68,27,83,-83,7,-68,108,5
39,-68,27,83,-66,10,-104,124,5
47,-63,18,81,-66,10,-104,124,5
48,-66,12,82,-66,10,-104,124,5
48,-66,12,82,-79,4,-84,115,5
44,-78,8,90,-79,4,-84,115,5
44,-78,8,90,-90,3,-71,115,5
24,-77,12,82,-90,3,-71,115,5
24,-77,12,82,-83,4,-110,138,5
45,-70,22,86,-83,4,-110,138,5
45,-70,22,86,-77,12,-81,112,5
40,-63,12,76,-77,12,-81,112,5
40,-63,12,76,-83,-224,-80,252,5
35,-70,6,78,-83,-224,-80,252,5
36,-64,10,74,-83,-224,-80,252,5
36,-64,10,74,-80,14,-78,113,5
39,-77,-9,87,-80,14,-78,113,5
39,-77,-9,87,-89,-232,-43,252,5
35,-83,0,90,-89,-232,-43,252,5
35,-83,0,90,-69,21,-61,94,5
21,-76,8,79,-69,21,-61,94,5
21,-76,8,79,-67,16,-30,75,5
26,-80,48,97,-67,16,-30,75,5
26,-80,48,97,-73,-2,-76,105,5
24,-83,33,92,-73,-2,-76,105,5
26,-80,28,89,-73,-2,-76,105,5
26,-80,28,89,-63,4,-103,121,5
32,-79,-7,86,-63,4,-103,121,5
32,-79,-7,86,-66,0,-84,107,5
17,-77,-5,79,-66,0,-84,107,5
17,-77,-5,79,-49,-1,-68,84,5
24,-80,-12,84,-49,-1,-68,84,5
24,-80,-12,84,-53,0,-91,105,5
24,-75,-13,80,-53,0,-91,105,5
24,-75,-13,80,-50,10,-78,93,5
34,-85,-3,92,-50,10,-78,93,5
27,-72,-23,80,-50,10,-78,93,5
27,-72,-23,80,-53,12,-80,97,5
23,-63,24,71,-53,12,-80,97,5
23,-63,24,71,-79,11,-82,114,5
29,-72,7,78,-79,11,-82,114,5
29,-72,7,78,-67,15,-99,120,5
30,-93,-2,98,-67,15,-99,120,5
30,-93,-2,98,-58,-3,-99,115,5
24,-76,-13,81,-58,-3,-99,115,5
24,-76,-13,81,-70,0,-71,100,5
22,-72,28,80,-70,0,-71,100,5
34,-85,20,94,-70,0,-71,100,5
34,-85,20,94,-65,10,-66,93,5
25,-79,22,86,-65,10,-66,93,5
25,-79,22,86,-46,1,-65,80,5
35,-87,24,97,-46,1,-65,80,5
35,-87,24,97,-58,3,-82,100,5
31,-85,4,91,-58,3,-82,100,5
31,-85,4,91,-58,19,-59,85,5
20,-81,12,84,-58,19,-59,85,5
20,-81,12,84,-55,13,-74,93,5
29,-74,35,87,-55,13,-74,93,5
28,-76,36,89,-55,13,-74,93,5
28,-76,36,89,-64,12,-62,90,5
33,-85,1,91,-64,12,-62,90,5
33,-85,1,91,-49,19,-74,91,5
25,-73,23,81,-49,19,-74,91,5
25,-73,23,81,-54,16,-96,111,5
37,-80,26,92,-54,16,-96,111,5
37,-80,26,92,-66,-225,-78,247,5
28,-85,-19,91,-66,-225,-78,247,5
28,-85,-19,91,-73,21,-83,113,5
33,-76,12,84,-73,21,-83,113,5
33,-76,12,84,-57,-217,-55,231,5
35,-73,12,82,-57,-217,-55,231,5
27,-69,2,74,-57,-217,-55,231,5
27,-69,2,74,-53,-234,-70,250,5
34,-72,4,80,-53,-234,-70,250,5
34,-72,4,80,-55,12,-88,104,5
53,-70,34,94,-55,12,-88,104,5
53,-70,34,94,-61,11,-78,100,5
43,-67,7,80,-61,11,-78,100,5
43,-67,7,80,-48,15,-75,90,5
37,-70,15,81,-48,15,-75,90,5
37,-70,15,81,-63,10,-64,90,5
20,-91,33,99,-63,10,-64,90,5
20,-91,33,99,-62,10,-43,76,5
40,-63,-17,77,-62,10,-43,76,5
31,-73,5,79,-62,10,-43,76,5
31,-73,5,79,-63,12,-74,98,5
34,-50,18,63,-63,12,-74,98,5
34,-50,18,63,-64,-223,-74,244,5
31,-88,7,94,-64,-223,-74,244,5
31,-88,7,94,-73,-231,-102,263,5
45,-90,42,109,-73,-231,-102,263,5
45,-90,42,109,-82,-219,-73,245,5
30,-83,17,90,-82,-219,-73,245,5
30,-83,17,90,-69,-232,-78,254,5
45,-72,15,86,-69,-232,-78,254,5
65,-75,22,102,-69,-232,-78,254,5
65,-75,22,102,-74,16,-67,101,5
38,-85,6,93,-74,16,-67,101,5
38,-85,6,93,-68,-230,-74,251,5
47,-68,37,91,-68,-230,-74,251,5
47,-68,37,91,-62,-227,-62,243,5
32,-55,27,69,-62,-227,-62,243,5
32,-55,27,69,-60,-6,-54,81,5
35,-62,2,71,-60,-6,-54,81,5
35,-62,2,71,-53,5,-53,75,5
36,-62,11,73,-53,5,-53,75,5
36,-62,11,73,-50,14,-78,94,5
25,-77,37,89,-50,14,-78,94,5
41,-67,41,89,-50,14,-78,94,5
41,-67,41,89,-62,5,-36,72,5
30,-41,-10,52,-62,5,-36,72,5
30,-41,-10,52,-65,19,-88,111,5
25,-68,1,72,-65,19,-88,111,5
25,-68,1,72,-70,5,-65,96,5
33,-69,27,81,-70,5,-65,96,5
33,-69,27,81,-67,14,-74,101,5
34,-53,7,63,-67,14,-74,101,5
34,-53,7,63,-88,18,-89,126,5
28,-70,27,80,-88,18,-89,126,5
32,-40,17,54,-88,18,-89,126,5
32,-40,17,54,-73,19,-78,109,5
15,-70,19,74,-73,19,-78,109,5
15,-70,19,74,-59,5,-82,101,5
27,-65,18,73,-59,5,-82,101,5
27,-65,18,73,-67,15,-73,100,5
42,-76,1,87,-67,15,-73,100,5
42,-76,1,87,-57,17,-74,95,5
13,-53,15,57,-57,17,-74,95,5
13,-53,15,57,-69,6,-78,104,5
28,-55,-5,62,-69,6,-78,104,5
25,-55,-4,61,-69,6,-78,104,5
25,-55,-4,61,-76,2,-68,102,5
29,-55,-20,65,-76,2,-68,102,5
29,-55,-20,65,-59,-208,-52,222,5
35,-56,-17,68,-59,-208,-52,222,5
35,-56,-17,68,-48,12,-62,79,5
37,-51,-4,63,-48,12,-62,79,5
37,-51,-4,63,-62,18,-92,112,5
31,-70,-9,77,-62,18,-92,112,5
31,-70,-9,77,-66,10,-66,94,5
49,-54,8,73,-66,10,-66,94,5
49,-54,8,73,-70,6,-36,79,5
51,-65,-9,83,-70,6,-36,79,5
35,-59,7,69,-70,6,-36,79,5
35,-59,7,69,-68,-218,-70,239,5
21,-65,0,68,-68,-218,-70,239,5
21,-65,0,68,-61,-226,-61,242,5
44,-51,-20,70,-61,-226,-61,242,5
44,-51,-20,70,-52,-230,-90,252,5
23,-55,1,60,-52,-230,-90,252,5
23,-55,1,60,-77,-213,-77,239,5
45,-65,-9,80,-77,-213,-77,239,5
45,-65,-9,80,-78,-224,-81,251,5
40,-55,19,71,-78,-224,-81,251,5
40,-55,19,71,-80,-228,-69,251,5
38,-56,26,72,-80,-228,-69,251,5
41,-58,-9,72,-80,-228,-69,251,5
41,-58,-9,72,-67,10,-95,117,5
35,-54,15,66,-67,10,-95,117,5
35,-54,15,66,-60,5,-55,82,5
25,-82,3,86,-60,5,-55,82,5
25,-82,3,86,-39,17,-95,104,5
24,-86,13,90,-39,17,-95,104,5
24,-86,13,90,-52,-234,-64,248,5
30,-74,22,83,-52,-234,-64,248,5
30,-74,22,83,-62,10,-80,102,5
32,-61,3,69,-62,10,-80,102,5
20,-70,27,78,-62,10,-80,102,5
20,-70,27,78,-50,-234,-83,253,5
35,-74,-13,83,-50,-234,-83,253,5
35,-74,-13,83,-54,-1,-61,81,5
20,-67,-7,70,-54,-1,-61,81,5
20,-67,-7,70,-64,5,-107,125,5
29,-69,10,76,-64,5,-107,125,5
29,-69,10,76,-56,5,-79,97,5
30,-72,29,83,-56,5,-79,97,5
30,-72,29,83,-69,-6,-77,104,5
25,-67,-8,72,-69,-6,-77,104,5
25,-67,-8,72,-61,-3,-94,112,5
40,-75,10,86,-61,-3,-94,112,5
27,-65,-8,71,-61,-3,-94,112,5
27,-65,-8,71,-62,4,-97,115,5
38,-81,-1,89,-62,4,-97,115,5
38,-81,-1,89,-64,12,-63,91,5
19,-61,22,68,-64,12,-63,91,5
19,-61,22,68,-53,-2,-79,95,5
38,-70,6,80,-53,-2,-79,95,5
38,-70,6,80,-56,-2,-43,71,5
9,-86,9,87,-56,-2,-43,71,5
9,-86,9,87,-70,-231,-85,256,5
35,-62,-6,71,-70,-231,-85,256,5
28,-58,-20,67,-70,-231,-85,256,5
28,-58,-20,67,-63,17,-100,119,5
-90,-719,34,725,-1397,-184,602,1532,6
-98,-745,20,752,-1397,-184,602,1532,6
-98,-745,20,752,-1402,-181,610,1540,6
-81,-742,20,747,-1402,-181,610,1540,6
-81,-742,20,747,-104,-179,597,632,6
-91,-752,5,758,-104,-179,597,632,6
-92,-728,16,734,-104,-179,597,632,6
-92,-728,16,734,-1396,-188,609,1535,6
-101,-738,47,746,-1396,-188,609,1535,6
-101,-738,47,746,-1395,-196,624,1541,6
-95,-709,69,719,-1395,-196,624,1541,6
-95,-709,69,719,-103,-189,642,677,6
-111,-701,76,714,-103,-189,642,677,6
-111,-701,76,714,-104,-196,604,643,6
-110,-690,-1696,1834,-104,-196,604,643,6
-110,-690,-1696,1834,-103,-189,606,643,6
-128,-690,72,705,-103,-189,606,643,6
-142,-684,-1702,1840,-103,-189,606,643,6
-142,-684,-1702,1840,-1403,-184,602,1538,6
-137,-690,77,708,-1403,-184,602,1538,6
-137,-690,77,708,-110,-185,591,629,6
95,-702,-1681,1824,-110,-185,591,629,6
95,-702,-1681,1824,-1406,-189,610,1544,6
79,-689,-1679,1817,-1406,-189,610,1544,6
79,-689,-1679,1817,-107,-196,602,642,6
74,-734,41,739,-107,-196,602,642,6
74,-734,41,739,-108,-198,628,667,6
70,-754,70,760,-108,-198,628,667,6
42,-752,76,757,-108,-198,628,667,6
42,-752,76,757,-107,-197,617,656,6
15,-732,-1691,1843,-107,-197,617,656,6
15,-732,-1691,1843,-1398,-210,621,1544,6
23,-755,-1704,1864,-1398,-210,621,1544,6
23,-755,-1704,1864,-107,-187,640,675,6
32,-735,-1706,1858,-107,-187,640,675,6
32,-735,-1706,1858,-101,-197,628,666,6
20,-682,-1695,1827,-101,-197,628,666,6
20,-682,-1695,1827,-1402,-191,618,1544,6
25,-130,-1649,1654,-1402,-191,618,1544,6
25,-130,-1649,1654,-104,-198,614,653,6
20,-82,-1620,1622,-104,-198,614,653,6
23,-68,-1598,1600,-104,-198,614,653,6
23,-68,-1598,1600,-100,-206,630,670,6
37,-59,-1595,1597,-100,-206,630,670,6
37,-59,-1595,1597,-1402,-189,-112,1419,6
61,-37,-44,84,-1402,-189,-112,1419,6
61,-37,-44,84,-1404,-188,-107,1421,6
25,-6,-12,28,-1404,-188,-107,1421,6
25,-6,-12,28,-1399,-198,-109,1417,6
-344,-28,-1690,1725,-1399,-198,-109,1417,6
-344,-28,-1690,1725,-111,-194,-113,250,6
-29,-16,-1704,1704,-111,-194,-113,250,6
2,-50,77,92,-111,-194,-113,250,6
2,-50,77,92,-1407,-193,-93,1423,6
27,-81,33,92,-1407,-193,-93,1423,6
27,-81,33,92,-1408,-189,-100,1424,6
88,-26,38,99,-1408,-189,-100,1424,6
88,-26,38,99,-1408,-176,-97,1422,6
41,-41,52,78,-1408,-176,-97,1422,6
41,-41,52,78,-1402,-182,-85,1416,6
28,-69,35,82,-1402,-182,-85,1416,6
28,-69,35,82,-1405,-178,-115,1421,6
72,-29,68,103,-1405,-178,-115,1421,6
79,-45,-1709,1711,-1405,-178,-115,1421,6
79,-45,-1709,1711,-1401,-179,-99,1416,6
61,-61,64,107,-1401,-179,-99,1416,6
61,-61,64,107,-1402,-189,-115,1419,6
34,-57,68,95,-1402,-189,-115,1419,6
34,-57,68,95,-1401,-172,640,1550,6
29,-74,72,107,-1401,-172,640,1550,6
29,-74,72,107,-1409,-164,-88,1421,6
34,-67,57,94,-1409,-164,-88,1421,6
34,-67,57,94,-1402,-182,-111,1418,6
40,-32,71,88,-1402,-182,-111,1418,6
40,-32,71,88,-1399,-196,-108,1417,6
48,-55,-1694,1696,-1399,-196,-108,1417,6
52,-68,58,103,-1399,-196,-108,1417,6
52,-68,58,103,-1398,-173,629,1543,6
48,-59,64,99,-1398,-173,629,1543,6
48,-59,64,99,-1398,-177,645,1550,6
70,-52,67,110,-1398,-177,645,1550,6
70,-52,67,110,-1399,-180,-90,1413,6
67,-64,57,109,-1399,-180,-90,1413,6
67,-64,57,109,-1397,-185,614,1537,6
33,-68,-1685,1687,-1397,-185,614,1537,6
33,-68,-1685,1687,-1410,-166,-99,1423,6
35,-60,73,101,-1410,-166,-99,1423,6
54,-80,60,114,-1410,-166,-99,1423,6
54,-80,60,114,-1404,-165,633,1549,6
55,-69,57,105,-1404,-165,633,1549,6
55,-69,57,105,-107,-182,-111,239,6
30,-57,53,83,-107,-182,-111,239,6
30,-57,53,83,-1409,-180,629,1553,6
60,-112,-1711,1716,-1409,-180,629,1553,6
60,-112,-1711,1716,-1397,-159,638,1544,6
74,-107,69,147,-1397,-159,638,1544,6
74,-107,69,147,-1397,-173,-107,1412,6
64,-88,-1703,1706,-1397,-173,-107,1412,6
64,-88,-1703,1706,-1406,-172,-114,1421,6
81,-75,75,133,-1406,-172,-114,1421,6
86,-103,54,145,-1406,-172,-114,1421,6
86,-103,54,145,-112,-180,638,672,6
73,-93,42,125,-112,-180,638,672,6
73,-93,42,125,-1398,-177,-99,1413,6
77,-50,57,108,-1398,-177,-99,1413,6
77,-50,57,108,-1402,-177,632,1548,6
-137,-81,49,167,-1402,-177,632,1548,6
-137,-81,49,167,-1402,-173,-106,1417,6
-137,-99,25,171,-1402,-173,-106,1417,6
-137,-99,25,171,-104,-168,635,665,6
95,-82,50,135,-104,-168,635,665,6
76,-80,56,124,-104,-168,635,665,6
76,-80,56,124,-1398,-156,-110,1411,6
91,-82,60,136,-1398,-156,-110,1411,6
91,-82,60,136,-1397,-168,637,1545,6
-152,-81,57,181,-1397,-168,637,1545,6
-152,-81,57,181,-1408,-162,633,1552,6
70,-66,72,120,-1408,-162,633,1552,6
70,-66,72,120,-1402,-182,-120,1419,6
34,-58,-1706,1707,-1402,-182,-120,1419,6
34,-58,-1706,1707,-1397,-175,-108,1412,6
82,-69,57,121,-1397,-175,-108,1412,6
82,-69,57,121,-1405,-182,-114,1421,6
58,-54,66,103,-1405,-182,-114,1421,6
-157,-683,6,701,-1405,-182,-114,1421,6
-157,-683,6,701,-1409,-183,-95,1424,6
-144,-670,12,685,-1409,-183,-95,1424,6
-144,-670,12,685,-1409,-162,-120,1423,6
71,-676,8,680,-1409,-162,-120,1423,6
71,-676,8,680,-1404,-173,642,1553,6
70,-667,-2,671,-1404,-173,642,1553,6
70,-667,-2,671,-1401,-158,-101,1413,6
-147,-662,11,678,-1401,-158,-101,1413,6
-147,-662,11,678,-1409,-185,-113,1426,6
-149,-656,21,673,-1409,-185,-113,1426,6
68,-104,31,128,-1409,-185,-113,1426,6
68,-104,31,128,-1397,-186,645,1550,6
80,-106,35,137,-1397,-186,645,1550,6
80,-106,35,137,-1403,-173,637,1551,6
-144,-643,14,659,-1403,-173,637,1551,6
-144,-643,14,659,-1402,-169,-109,1416,6
91,-650,3,656,-1402,-169,-109,1416,6
91,-650,3,656,-112,-179,-119,242,6
62,-103,35,125,-112,-179,-119,242,6
62,-103,35,125,-110,-172,638,670,6
70,-98,35,125,-110,-172,638,670,6
88,-70,52,124,-110,-172,638,670,6
88,-70,52,124,-1415,-174,630,1559,6
82,-69,52,119,-1415,-174,630,1559,6
82,-69,52,119,-1411,-166,629,1554,6
74,-659,16,663,-1411,-166,629,1554,6
74,-659,16,663,-1422,-166,630,1564,6
64,-77,43,109,-1422,-166,630,1564,6
64,-77,43,109,-1403,-163,630,1547,6
-132,-105,-1702,1710,-1403,-163,630,1547,6
-132,-105,-1702,1710,-1403,-165,-101,1416,6
90,-103,66,152,-1403,-165,-101,1416,6
90,-103,66,152,-1418,-166,-101,1431,6
68,-106,-1710,1715,-1418,-166,-101,1431,6
75,-103,-1709,1714,-1418,-166,-101,1431,6
75,-103,-1709,1714,-1413,-154,635,1557,6
78,-120,47,151,-1413,-154,635,1557,6
78,-120,47,151,-1413,-156,631,1555,6
68,-111,66,146,-1413,-156,631,1555,6
68,-111,66,146,-1411,-176,641,1560,6
32,-100,66,124,-1411,-176,641,1560,6
32,-100,66,124,-1414,-154,-114,1427,6
81,-97,34,131,-1414,-154,-114,1427,6
81,-97,34,131,-1413,-179,-113,1429,6
-151,-102,45,188,-1413,-179,-113,1429,6
90,-107,24,142,-1413,-179,-113,1429,6
90,-107,24,142,-1403,-156,642,1551,6
94,-91,12,131,-1403,-156,642,1551,6
94,-91,12,131,-1397,-160,642,1546,6
-143,-123,-20,190,-1397,-160,642,1546,6
-143,-123,-20,190,-1413,-166,-112,1427,6
72,-650,11,654,-1413,-166,-112,1427,6
72,-650,11,654,-1411,-169,-106,1425,6
60,-121,14,136,-1411,-169,-106,1425,6
60,-121,14,136,-1398,-163,-116,1412,6
74,-101,17,126,-1398,-163,-116,1412,6
74,-101,17,126,-1419,-157,-120,1433,6
65,-107,20,127,-1419,-157,-120,1433,6
61,-119,21,135,-1419,-157,-120,1433,6
61,-119,21,135,-1417,-170,645,1566,6
48,-105,33,120,-1417,-170,645,1566,6
48,-105,33,120,-1418,-153,-115,1431,6
60,-120,8,134,-1418,-153,-115,1431,6
60,-120,8,134,-1410,-174,-118,1426,6
54,-124,8,135,-1410,-174,-118,1426,6
54,-124,8,135,-1395,-169,-113,1410,6
36,-119,23,126,-1395,-169,-113,1410,6
36,-119,23,126,-1405,-158,-102,1418,6
19,-645,17,646,-1405,-158,-102,1418,6
51,-653,18,655,-1405,-158,-102,1418,6
51,-653,18,655,-1409,-175,-99,1423,6
43,-128,29,138,-1409,-175,-99,1423,6
43,-128,29,138,-1408,-158,638,1554,6
17,-118,32,123,-1408,-158,638,1554,6
17,-118,32,123,-1407,-158,-115,1421,6