-5,31,16,-18,30,-32,0
5,3,1,-18,30,-32,0
5,3,1,1511,29,-15,0
6,23,16,1511,29,-15,0
6,23,16,-16,37,-15,0
7,19,8,-16,37,-15,0
11,12,4,-16,37,-15,0
11,12,4,1514,23,8,0
-11,-1,-8,1514,23,8,0
-11,-1,-8,-15,19,1,0
13,13,11,-15,19,1,0
13,13,11,1509,8,9,0
-19,3,-20,1509,8,9,0
-19,3,-20,1502,-7,21,0
1,-7,-5,1502,-7,21,0
1,-7,-5,-14,4,-2,0
-18,-14,17,-14,4,-2,0
-6,-2,8,-14,4,-2,0
-6,-2,8,-5,19,-4,0
-11,10,1,-5,19,-4,0
-11,10,1,1513,3,-21,0
-5,16,-1,1513,3,-21,0
-5,16,-1,1506,-4,0,0
-2,-10,4,1506,-4,0,0
-2,-10,4,-13,10,-27,0
-19,-6,7,-13,10,-27,0
-19,-6,7,1511,28,-11,0
-12,13,-1,1511,28,-11,0
-5,5,0,1511,28,-11,0
-5,5,0,1502,26,-3,0
-6,16,-6,1502,26,-3,0
-6,16,-6,1504,23,-17,0
-7,27,-3,1504,23,-17,0
-7,27,-3,1502,16,0,0
10,20,-3,1502,16,0,0
10,20,-3,-18,18,19,0
1,24,32,-18,18,19,0
-4,3,-9,-18,18,19,0
-4,3,-9,1507,24,-9,0
2,13,9,1507,24,-9,0
2,13,9,1509,24,-17,0
-9,10,8,1509,24,-17,0
-9,10,8,1516,21,-11,0
-8,3,6,1516,21,-11,0
-8,3,6,1513,23,-29,0
-11,12,-9,1513,23,-29,0
-11,12,-9,2,6,-25,0
0,6,15,2,6,-25,0
9,0,31,2,6,-25,0
9,0,31,-9,21,-36,0
-11,21,35,-9,21,-36,0
-11,21,35,1513,26,-60,0
-3,12,37,1513,26,-60,0
-3,12,37,1514,19,-15,0
-12,30,16,1514,19,-15,0
-12,30,16,1511,18,-27,0
-27,0,-1487,1511,18,-27,0
-27,0,-1487,1509,23,-27,0
-1,13,33,1509,23,-27,0
-1,13,33,1493,2,-37,0
-2,2,30,1493,2,-37,0
-6,30,13,1493,2,-37,0
-6,30,13,-7,26,-39,0
13,-2,7,-7,26,-39,0
13,-2,7,-14,14,-48,0
-4,5,19,-14,14,-48,0
-4,5,19,1516,10,-38,0
8,10,-3,1516,10,-38,0
8,10,-3,1517,14,-48,0
-9,13,9,1517,14,-48,0
-9,13,9,1511,15,-14,0
-4,-3,11,1511,15,-14,0
9,2,6,1511,15,-14,0
9,2,6,-17,18,-13,0
6,14,13,-17,18,-13,0
6,14,13,1505,24,-20,0
15,22,36,1505,24,-20,0
15,22,36,1508,25,-23,0
5,8,11,1508,25,-23,0
5,8,11,-15,22,-7,0
11,26,3,-15,22,-7,0
11,26,3,1510,35,-23,0
11,19,1,1510,35,-23,0
11,19,1,1508,17,2,0
15,16,3,1508,17,2,0
-17,-61,8,1508,17,2,0
-17,-61,8,1,-53,-43,0
-8,-21,6,1,-53,-43,0
-8,-21,6,1,-18,-15,0
-13,-28,27,1,-18,-15,0
-26,-46,14,1,-18,-15,0
-19,-33,13,-9,-43,-19,0
-1,-53,20,-9,-43,-19,0
-1,-53,20,-10,-34,-18,0
-15,-34,-5,-10,-34,-18,0
-29,-35,15,-10,-34,-18,0
-30,-38,16,4,-15,-24,0
-23,-33,11,4,-15,-24,0
-13,-45,7,4,-15,-24,0
-13,-45,7,-8,-19,-12,0
-2,-28,0,-8,-19,-12,0
-2,-28,0,-6,-27,-5,0
-6,-26,15,-6,-27,-5,0
-6,-26,15,-16,-24,-29,0
-15,-26,22,-16,-24,-29,0
-15,-26,22,-18,-32,-29,0
-26,-28,1,-18,-32,-29,0
-19,-16,27,-18,-32,-29,0
-9,-26,25,-7,-19,-38,0
-23,-39,21,-7,-19,-38,0
-18,-22,5,-7,-19,-38,0
-18,-22,5,-7,-28,-33,0
-23,-17,13,-7,-28,-33,0
-23,-17,13,-10,-21,-34,0
-18,-21,23,-10,-21,-34,0
-18,-21,23,-13,-18,-39,0
-16,-8,28,-13,-18,-39,0
-16,-8,28,1513,-22,-35,0
-12,-17,-1492,1513,-22,-35,0
-12,-17,-1492,-13,-18,-51,0
-9,-16,20,-13,-18,-51,0
-9,-16,20,1515,-20,-30,0
-5,-13,39,1515,-20,-30,0
-4,-7,10,1515,-20,-30,0
-4,-7,10,-1,1,-44,0
-7,7,32,-1,1,-44,0
-7,7,32,-4,-3,-30,0
-21,-12,38,-4,-3,-30,0
-21,-12,38,1510,20,-8,0
-12,25,28,1510,20,-8,0
-12,25,28,1503,21,-41,0
19,26,-1492,1503,21,-41,0
698,-79,25,1503,21,-41,0
7,36,-2,1516,42,-1,0
9,43,-17,1516,42,-1,0
9,43,-17,1515,30,-20,0
-6,25,-2,1515,30,-20,0
-6,25,-2,1502,37,-4,0
1,16,-13,1502,37,-4,0
-2,36,21,1502,37,-4,0
-2,36,21,-13,35,-10,0
12,10,-4,-13,35,-10,0
12,10,-4,1516,10,-18,0
-6,-2,17,1516,10,-18,0
-6,-2,17,1516,-10,-31,0
-11,-9,13,1516,-10,-31,0
-11,-9,13,-14,1,-8,0
4,-1,4,-14,1,-8,0
4,-1,4,-17,17,-23,0
2,5,14,-17,17,-23,0
2,5,14,1505,31,669,0
-9,20,-1448,1505,31,669,0
-2,13,26,1505,31,669,0
-2,13,26,-13,7,-22,0
9,19,25,-13,7,-22,0
9,19,25,-13,37,-15,0
2,7,-1,-13,37,-15,0
2,7,-1,1505,47,-39,0
13,26,31,1505,47,-39,0
13,26,31,1515,42,-19,0
0,26,9,1515,42,-19,0
0,26,9,1503,30,-15,0
-12,30,7,1503,30,-15,0
-6,19,24,1503,30,-15,0
-6,19,24,1511,29,-20,0
12,34,3,1511,29,-20,0
12,34,3,1513,29,-25,0
5,29,20,1513,29,-25,0
5,29,20,1497,40,-34,0
0,33,27,1497,40,-34,0
0,33,27,1503,29,-27,0
-6,23,31,1503,29,-27,0
-6,23,31,1510,31,-22,0
-7,27,25,1510,31,-22,0
-7,27,25,1508,33,-10,0
9,25,12,1508,33,-10,0
-5,36,21,1508,33,-10,0
-5,36,21,1512,52,-39,0
12,44,37,1512,52,-39,0
12,44,37,1507,52,-10,0
-2,35,2,1507,52,-10,0
-2,35,2,1506,41,-46,0
22,59,19,1506,41,-46,0
22,59,19,1501,40,-27,0
3,44,25,1501,40,-27,0
3,44,25,1499,49,-32,0
7,31,7,1499,49,-32,0
12,44,25,1499,49,-32,0
12,44,25,1485,61,-36,0
19,56,32,1485,61,-36,0
19,56,32,1506,62,-30,0
24,48,32,1506,62,-30,0
24,48,32,-17,42,-56,0
18,64,11,-17,42,-56,0
18,64,11,1502,53,-41,0
5,40,23,1502,53,-41,0
5,40,23,1486,55,-52,0
17,52,-1491,1486,55,-52,0
17,52,-1491,1495,94,-69,0
20,67,-1471,1495,94,-69,0
708,18,34,2668,-1670,218,1
711,6,-1489,2668,-1670,218,1
711,6,-1489,2549,-901,610,1
722,20,1,2549,-901,610,1
722,20,1,1508,-896,626,1
715,14,15,1508,-896,626,1
711,17,16,1508,-896,626,1
711,17,16,2545,-906,553,1
714,17,21,2545,-906,553,1
714,17,21,1511,-902,560,1
715,12,28,1511,-902,560,1
715,12,28,1510,-915,586,1
723,6,-1475,1510,-915,586,1
723,6,-1475,1479,-899,597,1
713,19,-1492,1479,-899,597,1
717,22,-1487,1479,-899,597,1
717,22,-1487,1474,-877,583,1
713,26,22,1474,-877,583,1
713,26,22,1470,-861,614,1
705,25,28,1470,-861,614,1
705,25,28,1477,-855,612,1
716,1,16,1477,-855,612,1
716,1,16,1469,-863,581,1
718,12,30,1469,-863,581,1
718,12,30,1451,-70,556,1
722,16,29,1451,-70,556,1
722,16,29,1431,-68,586,1
710,13,-1488,1431,-68,586,1
697,18,31,1431,-68,586,1
697,18,31,1444,-841,543,1
704,25,30,1444,-841,543,1
704,25,30,1466,-841,576,1
710,25,30,1466,-841,576,1
710,25,30,1426,-62,603,1
710,7,-1487,1426,-62,603,1
710,7,-1487,1432,-57,569,1
705,7,-1480,1432,-57,569,1
718,21,18,1432,-57,569,1
718,21,18,1401,-48,563,1
718,3,34,1401,-48,563,1
718,3,34,1421,-54,564,1
694,1,-1494,1421,-54,564,1
694,1,-1494,1409,-52,533,1
698,16,-1485,1409,-52,533,1
698,16,-1485,1420,-64,568,1
718,5,-1478,1420,-64,568,1
718,5,-1478,1418,-59,590,1
708,9,35,1418,-59,590,1
708,9,35,1415,-24,590,1
689,1,36,1415,-24,590,1
694,-7,29,1415,-24,590,1
694,-7,29,1398,-28,559,1
700,-8,-1490,1398,-28,559,1
700,-8,-1490,1452,-53,507,1
693,-21,37,1452,-53,507,1
693,-21,37,1441,-27,484,1
707,-17,33,1441,-27,484,1
707,-17,33,1434,-42,502,1
681,-12,37,1434,-42,502,1
681,-12,37,1447,-39,514,1
700,0,-1482,1447,-39,514,1
701,5,-1489,1447,-39,514,1
701,5,-1489,1452,-31,505,1
710,-18,-1486,1452,-31,505,1
710,-18,-1486,1407,-46,551,1
704,-9,30,1407,-46,551,1
704,-9,30,1416,-51,544,1
722,-9,-1485,1416,-51,544,1
722,-9,-1485,1430,-26,498,1
705,1,39,1430,-26,498,1
705,1,39,1424,-34,526,1
704,-5,15,1424,-34,526,1
700,-12,32,1424,-34,526,1
700,-12,32,1437,-23,505,1
696,-2,-1493,1437,-23,505,1
696,-2,-1493,1402,0,475,1
706,-13,-1478,1402,0,475,1
706,-13,-1478,1402,-6,481,1
700,-18,39,1402,-6,481,1
700,-18,39,1410,-34,511,1
702,-13,-1490,1410,-34,511,1
702,-13,-1490,1439,-21,444,1
705,-8,-1485,1439,-21,444,1
705,-8,-1485,1427,-44,490,1
705,-8,-1485,1404,-48,482,1
701,-8,-1488,2396,-38,499,1
701,-8,-1488,1402,-50,525,1
701,-22,-1454,1402,-50,525,1
701,-22,-1454,2399,-21,498,1
700,-19,-1479,2399,-21,498,1
704,-5,8,2399,-21,498,1
704,-5,8,2400,-16,511,1
703,17,28,2400,-16,511,1
703,17,28,2400,-7,481,1
703,-2,-1492,2400,-7,481,1
703,-2,-1492,2399,-24,483,1
701,-12,41,2399,-24,483,1
701,-12,41,2392,-23,479,1
709,-12,-1487,2392,-23,479,1
709,-12,-1487,2406,-26,491,1
700,-15,-1492,2406,-26,491,1
703,-13,-1493,2406,-26,491,1
703,-13,-1493,2399,-35,474,1
701,-2,32,2399,-35,474,1
701,-2,32,2387,-33,466,1
703,-14,28,2387,-33,466,1
703,-14,28,2390,-33,498,1
692,-21,31,2390,-33,498,1
692,-21,31,2323,-17,637,1
711,-30,6,2323,-17,637,1
711,-30,6,1890,26,550,1
708,-7,-2,1890,26,550,1
695,2,12,1890,26,550,1
695,2,12,1475,-26,650,1
691,-10,1,1475,-26,650,1
691,-10,1,2884,-872,670,1
699,-5,6,2884,-872,670,1
699,-5,6,2882,-874,173,1
705,5,18,2882,-874,173,1
705,5,18,2813,-915,269,1
710,12,31,2813,-915,269,1
710,12,31,1486,-931,642,1
704,-9,11,1486,-931,642,1
700,11,20,1486,-931,642,1
700,11,20,1449,-919,606,1
712,-3,21,1449,-919,606,1
712,-3,21,1504,-914,565,1
704,-5,9,1504,-914,565,1
704,-5,9,1468,-903,573,1
690,-25,20,1468,-903,573,1
690,-25,20,1437,-914,596,1
703,-20,37,1437,-914,596,1
703,-20,37,1431,-943,580,1
698,-7,-1492,1431,-943,580,1
696,-10,41,1431,-943,580,1
696,-10,41,1437,-968,600,1
701,-14,17,1437,-968,600,1
701,-14,17,1436,-965,614,1
696,-13,37,1436,-965,614,1
696,-13,37,1449,50,599,1
688,2,-1494,1449,50,599,1
688,2,-1494,1439,50,593,1
688,-26,28,1439,50,593,1
688,-26,28,1430,-959,572,1
692,-19,-1481,1430,-959,572,1
692,-14,-1485,1430,-959,572,1
692,-14,-1485,1446,-950,576,1
687,-16,40,1446,-950,576,1
687,-16,40,1433,-943,576,1
686,-17,-1476,1433,-943,576,1
686,-17,-1476,1448,-933,558,1
679,-11,37,1448,-933,558,1
679,-11,37,1476,-967,599,1
695,-12,-1480,1476,-967,599,1
695,-12,-1480,1438,-946,582,1
696,-14,-1494,1438,-946,582,1
696,-14,-1494,1437,-967,573,1
693,-24,-1470,1437,-967,573,1
699,-11,-1472,1437,-967,573,1
699,-11,-1472,1460,-963,270,1
704,-21,-1478,1460,-963,270,1
704,-21,-1478,1484,-950,260,1
697,-41,30,1484,-950,260,1
697,-41,30,1473,-932,252,1
699,-20,-1483,1473,-932,252,1
686,-40,23,1473,-932,252,1
678,-41,35,1488,-935,246,1
697,-32,-1486,1488,-935,246,1
697,-32,-1486,2838,-967,207,1
700,-20,-1482,2838,-967,207,1
700,-20,-1482,2827,31,189,1
691,-12,-1492,2827,31,189,1
693,-40,-1483,2827,31,189,1
686,-40,35,2923,40,-27,1
672,-33,19,2923,40,-27,1
672,-33,19,2891,-10,1,1
690,-28,14,2891,-10,1,1
684,-30,22,2891,-10,1,1
684,-30,22,2897,-36,562,1
702,-9,-1487,2897,-36,562,1
702,-9,-1487,2921,-48,551,1
701,-24,35,2921,-48,551,1
701,-24,35,2901,-42,30,1
697,-45,34,2901,-42,30,1
697,-45,34,2880,-69,583,1
700,-33,17,2880,-69,583,1
700,-33,17,2925,-42,554,1
686,-26,36,2925,-42,554,1
686,-26,36,2895,-57,593,1
703,-33,-1476,2895,-57,593,1
683,-30,-1465,2895,-57,593,1
683,-30,-1465,2887,-64,591,1
687,-26,-1492,2887,-64,591,1
687,-26,-1492,2914,-59,545,1
697,-28,35,2914,-59,545,1
680,-25,29,2914,-59,545,1
690,-28,34,2923,-1100,573,1
698,-24,-1494,2923,-1100,573,1
698,-24,-1494,2912,-1099,564,1
685,-32,-1488,2912,-1099,564,1
23,-14,-1378,241,-88,611,2
37,-9,-1378,241,-88,611,2
37,-9,-1378,246,-88,584,2
41,-25,-69,246,-88,584,2
41,-25,-69,239,-88,591,2
32,-21,-1367,239,-88,591,2
32,-21,-1367,250,-79,587,2
33,-5,-67,250,-79,587,2
29,-31,-60,250,-79,587,2
29,-31,-60,248,-68,621,2
29,-29,-64,248,-68,621,2
29,-29,-64,243,-110,602,2
27,-27,-68,243,-110,602,2
27,-27,-68,1513,-85,600,2
34,-20,-85,1513,-85,600,2
34,-20,-85,248,-74,599,2
24,-7,-1367,248,-74,599,2
24,-7,-1367,243,-96,588,2
30,-26,-68,243,-96,588,2
30,-26,-68,241,-101,609,2
24,-13,-65,241,-101,609,2
30,-12,-62,241,-101,609,2
30,-12,-62,1509,-100,604,2
25,-38,-1369,1509,-100,604,2
25,-38,-1369,1516,-101,587,2
41,-31,-66,1516,-101,587,2
41,-31,-66,1515,-99,601,2
22,-29,-68,1515,-99,601,2
22,-29,-68,1517,-100,623,2
39,-13,-63,1517,-100,623,2
39,-13,-63,241,-104,613,2
55,-7,-50,241,-104,613,2
51,7,-40,241,-104,613,2
51,7,-40,1513,-81,608,2
30,-14,-54,1513,-81,608,2
30,-14,-54,1503,-101,591,2
38,-22,-68,1503,-101,591,2
38,-22,-68,1509,-114,577,2
48,-28,-40,1509,-114,577,2
48,-28,-40,1506,-115,559,2
34,-34,-42,1506,-115,559,2
34,-34,-42,263,-133,570,2
34,-28,-44,263,-133,570,2
37,-14,-74,263,-133,570,2
37,-14,-74,259,-146,560,2
61,-18,-63,259,-146,560,2
61,-18,-63,261,-106,564,2
41,-14,-80,261,-106,564,2
41,-14,-80,249,-131,599,2
26,-16,-74,249,-131,599,2
26,-16,-74,255,-142,587,2
39,-41,-81,255,-142,587,2
39,-41,-81,255,-127,578,2
46,-21,-1372,255,-127,578,2
51,-21,-50,255,-127,578,2
51,-21,-50,254,-112,600,2
46,-15,-67,254,-112,600,2
46,-15,-67,257,-123,575,2
31,-24,-79,257,-123,575,2
31,-24,-79,240,-125,583,2
40,-21,-82,240,-125,583,2
40,-21,-82,245,-125,574,2
57,-14,-56,245,-125,574,2
57,-14,-56,1507,-108,582,2
43,-16,-73,1507,-108,582,2
44,-8,-66,1507,-108,582,2
44,-8,-66,253,-141,572,2
38,-9,-45,253,-141,572,2
38,-9,-45,256,-107,588,2
42,-20,-67,256,-107,588,2
42,-20,-67,242,-107,592,2
50,-9,-62,242,-107,592,2
50,-9,-62,241,-114,594,2
55,-12,-57,241,-114,594,2
55,-12,-57,245,-126,601,2
61,-15,-80,245,-126,601,2
42,-4,-50,245,-126,601,2
42,-4,-50,239,-101,625,2
60,-22,-69,239,-101,625,2
60,-22,-69,1516,-115,647,2
45,-19,-70,1516,-115,647,2
45,-19,-70,1508,-108,609,2
46,-8,-63,1508,-108,609,2
46,-8,-63,245,-100,596,2
45,-22,-1367,245,-100,596,2
45,-22,-1367,253,-121,587,2
43,-7,-1368,253,-121,587,2
43,-7,-1368,256,-107,567,2
43,-7,-1368,251,-125,608,2
52,-36,-78,260,-121,629,2
52,-36,-78,246,-121,648,2
51,-28,-59,246,-121,648,2
51,-28,-59,245,-118,638,2
49,-25,-70,245,-118,638,2
47,-24,-59,245,-118,638,2
47,-24,-59,241,-120,628,2
54,-48,-1372,241,-120,628,2
54,-48,-1372,1510,-115,637,2
38,-18,-77,1510,-115,637,2
38,-18,-77,238,-126,633,2
36,-32,-78,238,-126,633,2
36,-32,-78,239,-115,623,2
41,-29,-84,239,-115,623,2
41,-29,-84,1508,-129,640,2
55,-44,-48,1508,-129,640,2
46,-50,-62,1508,-129,640,2
46,-50,-62,1509,-120,647,2
48,-31,-68,1509,-120,647,2
48,-31,-68,1498,-115,637,2
62,-39,-81,1498,-115,637,2
62,-39,-81,1512,-112,646,2
56,-46,-75,1512,-112,646,2
56,-46,-75,246,-115,631,2
49,-51,-63,246,-115,631,2
49,-51,-63,245,-115,644,2
43,-40,-81,245,-115,644,2
48,-50,-1367,245,-115,644,2
48,-50,-1367,246,-121,660,2
53,-40,-74,246,-121,660,2
53,-40,-74,246,-127,613,2
50,-24,-61,246,-127,613,2
50,-24,-61,1515,-121,640,2
16,-38,-1386,1515,-121,640,2
16,-38,-1386,240,-60,608,2
-18,-118,-1473,240,-60,608,2
-26,-57,-1484,240,-60,608,2
-26,-57,-1484,257,-94,576,2
-22,-53,-1482,257,-94,576,2
-22,-53,-1482,280,-77,563,2
-21,-71,-1461,280,-77,563,2
-21,-71,-1461,280,-80,588,2
-25,-70,-1481,280,-80,588,2
-25,-70,-1481,283,-63,559,2
-25,-70,-1481,271,-65,555,2
-2,-59,-1473,276,-84,587,2
-2,-59,-1473,264,-70,558,2
-12,-69,7,264,-70,558,2
-34,-72,18,264,-70,558,2
-34,-72,18,273,-88,14,2
-34,-72,18,261,-90,575,2
-30,-61,-1459,286,-69,573,2
-30,-61,-1459,283,-62,568,2
-30,-61,-1459,265,-70,603,2
-18,-67,-1478,275,-77,597,2
-18,-67,-1478,282,-62,566,2
28,-59,-1368,1516,-112,645,2
28,-59,-1368,251,-91,659,2
27,-66,-1401,251,-91,659,2
27,-66,-1401,259,-104,638,2
20,-49,-1442,259,-104,638,2
20,-49,-1442,240,-66,164,2
30,-67,-1400,240,-66,164,2
30,-67,-1400,250,-81,650,2
42,-49,-1379,250,-81,650,2
39,-57,-1379,250,-81,650,2
39,-57,-1379,253,-74,644,2
39,-73,-1373,253,-74,644,2
39,-73,-1373,244,-129,643,2
34,-61,-1389,244,-129,643,2
34,-61,-1389,260,-94,617,2
21,-63,-1370,260,-94,617,2
21,-63,-1370,267,-110,642,2
20,-55,-1388,267,-110,642,2
20,-55,-1388,263,-129,629,2
24,-65,-85,263,-129,629,2
22,-67,-1379,263,-129,629,2
22,-67,-1379,267,-98,651,2
42,-71,-1383,267,-98,651,2
42,-71,-1383,260,-117,651,2
29,-64,-1384,260,-117,651,2
29,-64,-1384,247,-102,643,2
23,-47,-78,247,-102,643,2
23,-47,-78,268,-90,583,2
40,-51,-1376,268,-90,583,2
40,-51,-1376,259,-110,642,2
44,-65,-1384,259,-110,642,2
44,-65,-1384,256,-115,637,2
25,-56,-50,256,-115,637,2
36,-40,-60,256,-115,637,2
36,-40,-60,256,-94,623,2
31,-59,-1375,256,-94,623,2
31,-59,-1375,260,-116,638,2
51,-53,-77,260,-116,638,2
51,-53,-77,264,-107,587,2
24,-40,-1374,264,-107,587,2
24,-40,-1374,265,-114,603,2
44,-61,-1380,265,-114,603,2
43,-39,-1378,265,-114,603,2
43,-39,-1378,260,-104,622,2
32,-51,-1374,260,-104,622,2
32,-51,-1374,259,-93,627,2
31,-42,-1379,259,-93,627,2
31,-42,-1379,269,-98,619,2
26,-36,-1377,269,-98,619,2
26,-36,-1377,273,-101,606,2
34,-48,-76,273,-101,606,2
34,-48,-76,255,-104,630,2
31,-36,-1374,255,-104,630,2
25,-42,-1377,255,-104,630,2
25,-42,-1377,271,-80,630,2
25,-3729,-1737,36,19,655,3
25,-3729,-1737,31,37,652,3
-21,-3979,-1896,31,37,652,3
3,-14,-1701,31,37,652,3
3,-14,-1701,36,24,656,3
-141,-3442,-71,36,24,656,3
-141,-3442,-71,23,25,160,3
-84,39,-1675,23,25,160,3
-84,39,-1675,42,14,649,3
-89,-19,-1686,42,14,649,3
-89,-19,-1686,36,27,650,3
1,-3750,-1710,36,27,650,3
1,-3750,-1710,34,24,631,3
14,-3758,-1733,34,24,631,3
-3,-3777,-1732,34,24,631,3
-3,-3777,-1732,34,24,654,3
21,8,16,34,24,654,3
21,8,16,38,30,653,3
42,-72,-17,38,30,653,3
42,-72,-17,29,19,657,3
38,-3921,-16,29,19,657,3
38,-3921,-16,34,25,654,3
30,11,21,34,25,654,3
30,11,21,15,31,661,3
-5,-3919,-14,15,31,661,3
36,-3935,-22,15,31,661,3
36,-3935,-22,33,17,650,3
35,-3923,-37,33,17,650,3
35,-3923,-37,10,26,165,3
35,-3923,-37,22,13,643,3
45,-3926,-31,14,60,162,3
55,-3926,-27,14,60,162,3
55,-3926,-27,25,42,180,3
58,-3932,-18,25,42,180,3
58,-3932,-18,18,20,652,3
39,-30,-12,18,20,652,3
39,-30,-12,24,33,655,3
32,-3763,32,24,33,655,3
32,-3763,32,55,-11,642,3
32,51,41,55,-11,642,3
-102,26,30,62,-60,635,3
-102,26,30,16,31,655,3
8,32,8,16,31,655,3
34,-3765,-1746,16,31,655,3
34,-3765,-1746,1,56,656,3
-14,-59,-1666,1,56,656,3
-14,-59,-1666,28,31,657,3
-23,-3703,-1721,28,31,657,3
-23,-3703,-1721,11,30,661,3
-26,-3703,-1731,11,30,661,3
-26,-3703,-1731,28,33,659,3
-6,-3788,27,28,33,659,3
-6,-3788,27,7,24,668,3
6,43,-40,7,24,668,3
1141,33,-20,7,24,668,3
1141,33,-20,2,12,662,3
684,-50,-1900,2,12,662,3
684,-50,-1900,10,17,166,3
696,30,-63,10,17,166,3
696,30,-63,23,19,653,3
686,-15,-74,23,19,653,3
686,-15,-74,37,20,665,3
673,29,-61,37,20,665,3
673,29,-61,32,22,654,3
665,15,-1886,32,22,654,3
678,10,-79,32,22,654,3
678,10,-79,28,38,166,3
682,-15,-1900,28,38,166,3
682,-15,-1900,16,20,656,3
663,-39,-1889,16,20,656,3
663,-39,-1889,23,24,165,3
152,-27,-1672,23,24,165,3
152,-27,-1672,28,16,655,3
-414,-3197,-1441,28,16,655,3
-414,-3197,-1441,50,-7,168,3
-2,-3251,-1466,50,-7,168,3
-641,-3183,-1456,50,-7,168,3
-641,-3183,-1456,55,-2,159,3
-642,-3172,-1484,55,-2,159,3
-642,-3172,-1484,49,21,669,3
-645,-3200,-1485,49,21,669,3
-645,-3200,-1485,37,9,658,3
45,-3525,-62,37,9,658,3
45,-3525,-62,48,11,663,3
86,-18,-1906,48,11,663,3
86,-18,-1906,9,30,189,3
63,35,-1890,9,30,189,3
1461,19,-1891,9,30,189,3
1461,19,-1891,30,11,167,3
1436,-21,-1928,30,11,167,3
1436,-21,-1928,17,3,668,3
1413,20,-1900,17,3,668,3
1413,20,-1900,15,0,660,3
1405,6,-1905,15,0,660,3
1405,6,-1905,23,7,649,3
1444,19,-1946,23,7,649,3
1444,19,-1946,18,6,658,3
1396,34,-1880,18,6,658,3
1396,-4543,-76,18,6,658,3
1396,-4543,-76,30,9,160,3
82,-4487,-46,30,9,160,3
82,-4487,-46,30,3,177,3
1471,-4432,-18,30,3,177,3
1471,-4432,-18,11,31,166,3
1382,-4233,-1728,11,31,166,3
1382,-4233,-1728,5,9,163,3
62,-42,-1668,5,9,163,3
62,-42,-1668,11,21,168,3
35,0,-1663,11,21,168,3
35,0,-1663,17,28,663,3
1204,-4014,-79,17,28,663,3
1213,-3935,-39,17,28,663,3
1213,-3935,-39,3,44,165,3
-33,1,22,3,44,165,3
-33,1,22,1,52,172,3
77,11,34,1,52,172,3
77,11,34,-7,74,666,3
78,50,-1477,-7,74,666,3
78,50,-1477,-9,60,658,3
1201,-3752,-1431,-9,60,658,3
1201,-3752,-1431,10,58,661,3
1205,-3964,-11,10,58,661,3
1205,-3964,-11,46,28,168,3
20,50,-1429,46,28,168,3
1118,9,-1475,46,28,168,3
1118,9,-1475,13,33,160,3
1131,-3786,-1453,13,33,160,3
1131,-3786,-1453,8,37,662,3
53,-22,35,8,37,662,3
53,-22,35,18,31,667,3
-19,-3749,-1448,18,31,667,3
-19,-3749,-1448,21,25,636,3
-16,-3760,-1429,21,25,636,3
-16,-3760,-1429,18,21,652,3
939,-3678,-1393,18,21,652,3
942,-3698,-1387,18,21,652,3
942,-3698,-1387,1,31,641,3
951,-3703,-1398,1,31,641,3
951,-3703,-1398,-5,28,179,3
944,-3699,-1390,-5,28,179,3
944,-3699,-1390,7,40,173,3
953,-3783,-1429,7,40,173,3
946,-3746,-1405,7,40,173,3
918,-3710,-1383,8,49,159,3
85,30,-1425,8,49,159,3
85,30,-1425,13,33,657,3
926,30,-1425,13,33,657,3
926,30,-1425,10,18,670,3
41,-72,16,10,18,670,3
41,-72,16,18,22,636,3
702,-4699,-1889,18,22,636,3
702,-4699,-1889,10,34,646,3
916,-4974,12,10,34,646,3
30,43,-19,10,34,646,3
30,43,-19,19,47,656,3
47,-29,-62,19,47,656,3
47,-29,-62,11,26,633,3
3,-4005,25,11,26,633,3
3,-4005,25,13,23,635,3
465,-3925,-1478,13,23,635,3
465,-3925,-1478,8,40,649,3
460,20,-1427,8,40,649,3
460,20,-1427,14,30,626,3
437,-3787,-1430,14,30,626,3
-4,-26,-48,14,30,626,3
-4,-26,-48,5,63,639,3
55,-3680,-59,5,63,639,3
55,-3680,-59,3,63,659,3
35,-3698,-62,3,63,659,3
35,-3698,-62,2,52,658,3
37,-3694,-56,2,52,658,3
37,-3694,-56,7,47,650,3
37,-3740,-79,7,47,650,3
37,-3740,-79,26,40,620,3
29,-3508,7,26,40,620,3
29,-3508,7,35,41,633,3
197,-3999,-1493,35,41,633,3
659,-69,-65,35,41,633,3
659,-69,-65,5,42,655,3
624,-3929,-1388,5,42,655,3
624,-3929,-1388,7,45,658,3
87,-3788,-39,7,45,658,3
87,-3788,-39,28,37,159,3
-23,-6,-66,28,37,159,3
-23,-6,-66,29,34,656,3
460,-3772,-35,29,34,656,3
460,-3772,-35,21,35,668,3
53,-3774,-25,21,35,668,3
44,46,-39,21,35,668,3
44,46,-39,3,57,638,3
673,-35,-1228,3,57,638,3
673,-35,-1228,-1,68,657,3
-29,-3665,39,-1,68,657,3
-29,-3665,39,28,41,651,3
713,-27,29,28,41,651,3
713,-27,29,13,48,170,3
680,-5,-1236,13,48,170,3
680,-5,-1236,20,60,661,3
-28,-41,32,20,60,661,3
-28,-41,32,8,48,630,3
681,22,16,-527,-65,-1046,4
691,24,8,-527,-65,-1046,4
691,24,8,-508,-61,-1055,4
691,24,4,-508,-61,-1055,4
691,24,4,-505,-40,-1062,4
709,51,1,-505,-40,-1062,4
709,51,1,1483,-48,631,4
688,16,11,1483,-48,631,4
688,16,11,1510,-68,636,4
708,23,1,1510,-68,636,4
683,24,-11,1510,-68,636,4
683,24,-11,1503,-43,657,4
664,36,-6,1503,-43,657,4
664,36,-6,1509,-62,639,4
697,22,23,1509,-62,639,4
697,22,23,1505,-50,-1103,4
687,31,-1,1505,-50,-1103,4
687,31,-1,1407,-1110,565,4
697,66,-1476,1407,-1110,565,4
694,56,-1459,1407,-1110,565,4
694,56,-1459,1407,19,-1017,4
691,57,-1476,1407,19,-1017,4
691,57,-1476,1424,-3,-1006,4
694,46,-1453,1424,-3,-1006,4
694,46,-1453,1443,4,-1028,4
704,75,-1452,1443,4,-1028,4
704,75,-1452,1432,-1,-1031,4
706,53,-1489,1432,-1,-1031,4
706,53,-1489,1497,-877,-525,4
698,-19,-24,1497,-877,-525,4
712,-22,-3,1497,-877,-525,4
712,-22,-3,1425,-919,-542,4
704,-24,-18,1425,-919,-542,4
704,-24,-18,1446,-889,-547,4
710,-14,-30,1446,-889,-547,4
710,-14,-30,1438,-894,-516,4
708,0,-32,1438,-894,-516,4
708,0,-32,1421,-907,-526,4
699,-21,-14,1421,-907,-526,4
699,-21,-14,1416,-917,-545,4
697,-13,3,1416,-917,-545,4
697,-13,3,-187,-37,552,4
697,13,8,-187,-37,552,4
714,-5,-1,-187,-37,552,4
714,-5,-1,1402,3,577,4
700,-2,3,1402,3,577,4
700,-2,3,1427,9,613,4
680,-5,-6,1427,9,613,4
680,-5,-6,1473,46,619,4
701,7,9,1473,46,619,4
701,7,9,1474,39,613,4
697,-2,-2,1474,39,613,4
697,-2,-2,1444,52,604,4
686,3,7,1444,52,604,4
694,12,6,1444,52,604,4
694,12,6,1475,-2,617,4
698,3,-9,1475,-2,617,4
698,3,-9,1407,-1130,642,4
713,90,-1440,1407,-1130,642,4
713,90,-1440,-1513,-181,-229,4
727,101,-1405,-1513,-181,-229,4
727,101,-1405,1501,-8,-235,4
-38,78,-1407,1501,-8,-235,4
-38,78,-1407,-1727,-675,-591,4
709,62,-1458,-1727,-675,-591,4
724,-14,-30,-1727,-675,-591,4
724,-14,-30,1488,-68,-251,4
-29,-7,25,1488,-68,-251,4
-29,-7,25,1464,-927,-269,4
708,-4,18,1464,-927,-269,4
708,-4,18,1463,-932,-278,4
722,0,6,1463,-932,-278,4
722,0,6,1476,-910,-271,4
711,-29,25,1476,-910,-271,4
711,-29,25,1469,-894,-251,4
715,-6,-21,1469,-894,-251,4
718,-4,11,1469,-894,-251,4
718,-4,11,1393,-930,-305,4
695,20,-1459,1393,-930,-305,4
695,20,-1459,1500,-48,594,4
722,87,-1388,1500,-48,594,4
722,87,-1388,-1464,-34,667,4
726,-18,16,-1464,-34,667,4
726,-18,16,1420,-7,-263,4
-34,10,-1486,1420,-7,-263,4
-34,10,-1486,279,-1209,-561,4
714,63,37,279,-1209,-561,4
714,63,37,41,-1439,568,4
-32,31,-25,41,-1439,568,4
70,20,-84,41,-1439,568,4
70,20,-84,1324,132,622,4
57,12,-77,1324,132,622,4
57,12,-77,1494,129,763,4
54,23,-55,1494,129,763,4
54,23,-55,1455,84,728,4
54,17,-55,1455,84,728,4
54,17,-55,1437,5,655,4
37,32,-41,1437,5,655,4
37,32,-41,1027,-364,270,4
0,34,-19,1027,-364,270,4
0,34,-19,1486,53,-861,4
-37,122,38,1486,53,-861,4
-22,148,-1462,1486,53,-861,4
-22,148,-1462,1393,37,-1014,4
-20,164,-1449,1393,37,-1014,4
-20,164,-1449,-2213,-31,-843,4
-25,165,-1437,-2213,-31,-843,4
-25,165,-1437,-2298,-52,595,4
727,128,-1482,-2298,-52,595,4
727,128,-1482,1482,-1735,633,4
-29,73,2,1482,-1735,633,4
-29,73,2,1461,-444,416,4
11,34,-43,1461,-444,416,4
-23,37,30,1461,-444,416,4
-23,37,30,1464,-1146,615,4
-20,69,32,1464,-1146,615,4
-20,69,32,1508,-1198,-315,4
713,85,-1451,1508,-1198,-315,4
713,85,-1451,1446,-47,-1281,4
-25,114,-1406,1446,-47,-1281,4
-25,114,-1406,-664,50,-1076,4
721,18,8,-664,50,-1076,4
721,18,8,315,24,-487,4
723,28,30,315,24,-487,4
-18,-8,-19,315,24,-487,4
-18,-8,-19,268,-44,-307,4
-3,-14,-49,268,-44,-307,4
-3,-14,-49,866,-398,177,4
714,58,-1459,866,-398,177,4
714,58,-1459,-988,-1395,-788,4
723,82,-1431,-988,-1395,-788,4
723,82,-1431,1440,-954,627,4
718,75,-1433,1440,-954,627,4
718,75,-1433,1488,9,-771,4
-37,26,28,1488,9,-771,4
-37,26,28,1513,-606,655,4
2,-18,-47,1513,-606,655,4
16,-52,-61,1513,-606,655,4
16,-52,-61,1402,3,521,4
715,37,-1479,1402,3,521,4
715,37,-1479,-526,-23,-571,4
727,70,-1433,-526,-23,-571,4
727,70,-1433,-1459,-1610,-847,4
720,67,-1424,-1459,-1610,-847,4
720,67,-1424,1459,-1365,-855,4
713,66,-1441,1459,-1365,-855,4
713,66,-1441,1467,-916,639,4
-19,101,-1416,1467,-916,639,4
-19,101,-1416,1511,40,-845,4
722,80,-1443,1511,40,-845,4
721,-11,11,1511,40,-845,4
721,-11,11,1390,-1125,613,4
8,-50,-36,1390,-1125,613,4
8,-50,-36,1432,-43,535,4
707,43,-1473,1432,-43,535,4
707,43,-1473,-1809,46,655,4
-27,101,-1413,-1809,46,655,4
-27,101,-1413,1508,-23,-350,4
720,84,-1425,1508,-23,-350,4
720,84,-1425,1348,38,446,4
31,-31,-51,1348,38,446,4
722,77,-1465,1348,38,446,4
722,77,-1465,-997,-1874,-801,4
-26,95,-1419,-997,-1874,-801,4
-26,95,-1419,-2480,-64,651,4
25,-26,-44,-2480,-64,651,4
25,-26,-44,1276,372,726,4
712,36,-1453,1276,372,726,4
712,36,-1453,1463,-1432,-568,4
-12,101,-1430,1463,-1432,-568,4
-12,101,-1430,820,-1206,-72,4
43,-24,-1629,820,-1206,-72,4
43,-24,-1629,1452,33,666,4
-39,28,27,1452,33,666,4
721,80,-1455,1452,33,666,4
721,80,-1455,1452,13,584,4
-33,72,-1466,1452,13,584,4
-33,72,-1466,1482,13,-1058,4
707,56,40,1482,13,-1058,4
707,56,40,1417,-1922,-1006,4
708,50,-1492,1417,-1922,-1006,4
708,50,-1492,1458,-1903,564,4
688,53,-1482,1458,-1903,564,4
688,53,-1482,-767,-30,589,4
705,68,-1476,-767,-30,589,4
711,38,30,-767,-30,589,4
711,38,30,-774,-38,565,4
718,44,41,-774,-38,565,4
718,44,41,-757,-19,637,4
708,52,38,-757,-19,637,4
708,52,38,-740,38,653,4
714,-3,-21,-740,38,653,4
714,-3,-21,791,-646,615,4
17,-42,-49,791,-646,615,4
17,-42,-49,1110,-99,538,4
12,-47,-80,1110,-99,538,4
12,-47,-80,-7,-48,-281,4
700,51,39,-7,-48,-281,4
712,71,-1470,-7,-48,-281,4
712,71,-1470,1416,-1626,-861,4
68,-99,-4,1476,-14,27,5
76,12,-1466,1476,-14,27,5
76,12,-1466,1420,-97,-34,5
17,0,-68,1420,-97,-34,5
17,0,-68,1460,129,663,5
77,-46,40,1460,129,663,5
77,-46,40,17,39,637,5
600,166,-58,17,39,637,5
72,38,-1392,17,39,637,5
72,38,-1392,76,47,652,5
40,-333,-1692,76,47,652,5
40,-333,-1692,1441,170,664,5
709,19,-36,1441,170,664,5
709,19,-36,1462,17,604,5
73,143,-75,1462,17,604,5
73,143,-75,1451,-45,-236,5
635,-48,-70,1451,-45,-236,5
635,-48,-70,103,26,631,5
71,-53,38,103,26,631,5
36,-32,-1652,103,26,631,5
36,-32,-1652,1430,175,194,5
662,-191,-1484,1430,175,194,5
662,-191,-1484,1468,48,668,5
70,140,-1375,1468,48,668,5
70,140,-1375,1436,-69,-274,5
613,149,-75,1436,-69,-274,5
613,149,-75,92,3,627,5
621,-133,41,92,3,627,5
621,-133,41,1459,122,201,5
41,-32,-66,1459,122,201,5
41,-32,-66,1484,1,643,5
73,-25,-1459,1484,1,643,5
630,178,-64,1484,1,643,5
630,178,-64,1423,-348,-280,5
669,-155,32,1423,-348,-280,5
669,-155,32,1429,168,546,5
726,-202,31,1429,168,546,5
726,-202,31,1469,-19,632,5
74,119,-1376,1469,-19,632,5
74,119,-1376,90,-24,575,5
86,-110,-10,90,-24,575,5
30,-4,-57,90,-24,575,5
30,-4,-57,1426,178,222,5
71,-135,-6,1426,178,222,5
71,-135,-6,1483,-68,549,5
600,151,-86,1483,-68,549,5
600,151,-86,-159,-339,-284,5
56,-93,-7,-159,-339,-284,5
56,-93,-7,1478,62,658,5
46,-14,-66,1478,62,658,5
46,-14,-66,1479,45,637,5
62,-52,-1483,1479,45,637,5
606,147,-1377,1479,45,637,5
606,147,-1377,-14,-336,548,5
49,3,-1427,-14,-336,548,5
49,3,-1427,1432,46,-51,5
6,-1,-38,1432,46,-51,5
6,-1,-38,1406,151,263,5
62,-85,-1489,1406,151,263,5
62,-85,-1489,1390,15,651,5
643,-72,-46,1390,15,651,5
643,-72,-46,-170,-3,545,5
48,124,-1401,-170,-3,545,5
48,124,-1401,1435,172,218,5
67,-50,-1640,1435,172,218,5
52,2,-1470,1435,172,218,5
52,2,-1470,1454,-130,-20,5
643,-67,-1371,1454,-130,-20,5
643,-67,-1371,1401,-69,-296,5
645,-164,7,1401,-69,-296,5
645,-164,7,1478,93,202,5
18,-21,-39,1478,93,202,5
18,-21,-39,1480,8,621,5
26,19,-1460,1480,8,621,5
26,19,-1460,1433,-70,-266,5
84,167,-1373,1433,-70,-266,5
621,-204,-56,1433,-70,-266,5
621,-204,-56,1512,-59,575,5
-30,-11,-24,1512,-59,575,5
-30,-11,-24,1457,119,243,5
48,78,-1422,1457,119,243,5
48,78,-1422,49,-48,584,5
622,171,-82,49,-48,584,5
622,171,-82,1442,-381,-299,5
630,171,-54,1442,-381,-299,5
630,171,-54,1429,31,606,5
71,-180,-29,1429,31,606,5
71,-180,-29,1395,161,248,5
720,-22,-56,1395,161,248,5
76,106,-78,1395,161,248,5
76,106,-78,103,-26,642,5
604,177,-1370,103,-26,642,5
604,177,-1370,1447,-68,-247,5
82,-170,-37,1447,-68,-247,5
82,-170,-37,1441,152,212,5
-21,6,-54,1441,152,212,5
-21,6,-54,1471,-41,587,5
55,3,-1489,1471,-41,587,5
55,3,-1489,-2,-45,593,5
615,-59,-76,-2,-45,593,5
58,-56,-1490,-2,-45,593,5
58,-56,-1490,1445,-167,-9,5
33,-53,-80,1445,-167,-9,5
33,-53,-80,1411,157,258,5
72,-88,24,1411,157,258,5
72,-88,24,1453,-151,18,5
620,-69,-1375,1453,-151,18,5
620,-69,-1375,1413,-52,-248,5
86,163,-1407,1413,-52,-248,5
86,163,-1407,3,-41,-237,5
41,45,-1477,3,-41,-237,5
41,45,-1477,1456,109,205,5
10,-5,-63,1456,109,205,5
609,-126,-19,1456,109,205,5
609,-126,-19,1463,57,190,5
76,166,-1417,1463,57,190,5
76,166,-1417,1462,-55,-233,5
621,-71,-1419,1462,-55,-233,5
621,-71,-1419,21,-32,585,5
52,2,-1482,21,-32,585,5
52,2,-1482,1480,10,668,5
65,5,-82,1480,10,668,5
65,5,-82,1462,141,211,5
611,-33,41,1462,141,211,5
611,-33,41,1444,-33,-234,5
646,-55,-80,1444,-33,-234,5
630,-44,33,1444,-33,-234,5
630,-44,33,1438,-31,583,5
83,-203,-84,1438,-31,583,5
83,-203,-84,1416,-67,279,5
69,147,-1388,1416,-67,279,5
69,147,-1388,1414,-50,579,5
629,-54,-66,1414,-50,579,5
629,-54,-66,10,-22,612,5
608,7,-1443,10,-22,612,5
608,7,-1443,1408,142,208,5
706,34,-31,1408,142,208,5
606,-76,-58,1408,142,208,5
606,-76,-58,1510,-25,560,5
618,-61,-1371,1510,-25,560,5
618,-61,-1371,1474,-18,608,5
668,-161,-27,1474,-18,608,5
668,-161,-27,1440,139,272,5
39,32,-58,1440,139,272,5
39,32,-58,1452,91,215,5
62,9,-1438,1452,91,215,5
62,9,-1438,1470,-45,604,5
648,-57,-1383,1470,-45,604,5
648,-57,-1383,1428,-155,4,5
600,-20,11,1428,-155,4,5
871,-10,-1650,1428,-155,4,5
871,-10,-1650,98,-48,276,5
627,-87,-28,98,-48,276,5
627,-87,-28,1457,-45,635,5
613,-72,-1402,1457,-45,635,5
613,-72,-1402,53,7,-64,5
717,-204,-1624,53,7,-64,5
717,-204,-1624,103,-62,567,5
48,20,-1625,103,-62,567,5
48,20,-1625,1455,14,653,5
57,56,-1486,1455,14,653,5
607,-37,-67,1455,14,653,5
607,-37,-67,-189,-190,613,5
-29,-201,-49,-189,-190,613,5
-29,-201,-49,1458,154,225,5
663,-180,-66,1458,154,225,5
663,-180,-66,1471,-11,557,5
46,26,-1436,1471,-11,557,5
46,26,-1436,35,-43,594,5
630,164,-71,35,-43,594,5
630,164,-71,1437,-335,-232,5
644,-51,-77,1437,-335,-232,5
644,-51,-77,1401,-174,-80,5
67,-78,20,1401,-174,-80,5
70,7,-56,1401,-174,-80,5
70,7,-56,1401,170,260,5
58,-14,-1459,1401,170,260,5
58,-14,-1459,1426,-112,545,5
643,-62,-61,1426,-112,545,5
643,-62,-61,-186,-22,597,5
633,-65,-1377,-186,-22,597,5
633,-65,-1377,32,-27,583,5
610,-180,-53,32,-27,583,5
610,-180,-53,98,179,266,5
87,37,-83,98,179,266,5
87,37,-83,1459,-52,554,5
67,66,22,1459,-52,554,5
663,-8,-1393,1459,-52,554,5
663,-8,-1393,-223,1,555,5
63,59,30,-223,1,555,5
63,59,30,1452,-36,590,5
72,15,-69,1452,-36,590,5
72,15,-69,1415,165,241,5
81,50,-1453,1415,165,241,5
81,50,-1453,1494,3,577,5
624,153,-1376,1494,3,577,5
624,153,-1376,-151,-71,-260,5
85,133,-1375,-151,-71,-260,5
626,-174,-33,-151,-71,-260,5
626,-174,-33,1481,-21,608,5
432,-1159,17,38,-41,669,6
-4,9,-2931,38,-41,669,6
-4,9,-2931,55,61,550,6
77,-1476,-26,55,61,550,6
77,-1476,-26,-2,-59,606,6
632,-1470,-22,-2,-59,606,6
632,-1470,-22,48,64,561,6
3175,-67,-3478,48,64,561,6
21,-168,-1207,48,64,561,6
21,-168,-1207,2,-89,586,6
2921,-1449,9,2,-89,586,6
2921,-1449,9,46,52,589,6
641,-44,-31,46,52,589,6
641,-44,-31,26,-57,635,6
451,-1108,-69,26,-57,635,6
451,-1108,-69,69,64,27,6
2399,-1706,-2668,69,64,27,6
2399,-1706,-2668,75,8,-26,6
121,-712,-1637,75,8,-26,6
-106,16,-1378,75,8,-26,6
-106,16,-1378,43,-121,645,6
2447,25,-2440,43,-121,645,6
2447,25,-2440,60,24,588,6
1678,-2489,-68,60,24,588,6
1678,-2489,-68,24,28,-33,6
136,-939,23,24,28,-33,6
136,-939,23,57,-13,571,6
2483,-2467,-2,57,-13,571,6
2483,-2467,-2,56,10,642,6
2705,-7,-41,56,10,642,6
115,-52,-1418,56,10,642,6
115,-52,-1418,50,-49,-8,6
4,-1924,-29,50,-49,-8,6
4,-1924,-29,68,30,583,6
2227,-2411,-46,68,30,583,6
2227,-2411,-46,81,-32,5,6
70,-26,-59,81,-32,5,6
70,-26,-59,67,13,590,6
3280,-1227,-64,67,13,590,6
3280,-1227,-64,90,-23,30,6
124,-931,-33,90,-23,30,6
61,-2166,-2956,90,-23,30,6
61,-2166,-2956,79,-12,590,6
2743,-1220,27,79,-12,590,6
2743,-1220,27,55,16,647,6
57,-706,-1743,55,16,647,6
57,-706,-1743,77,-103,-15,6
34,-1701,-2485,77,-103,-15,6
34,-1701,-2485,46,17,644,6
45,-65,-28,46,17,644,6
45,-65,-28,79,-84,-15,6
-49,-460,-77,79,-84,-15,6
53,6,-77,79,-84,-15,6
53,6,-77,51,14,618,6
-5,-68,-20,51,14,618,6
-5,-68,-20,67,-33,559,6
-33,-916,-1909,67,-33,559,6
-33,-916,-1909,86,-29,589,6
2410,-931,-13,86,-29,589,6
2410,-931,-13,32,34,161,6
966,34,8,32,34,161,6
966,34,8,77,-53,11,6
131,-27,36,77,-53,11,6
131,-27,36,67,51,648,6
2405,-1142,-47,67,51,648,6
24,-16,-1952,67,51,648,6
24,-16,-1952,91,-16,559,6
6,20,-60,91,-16,559,6
6,20,-60,58,53,573,6
2421,-49,-1905,58,53,573,6
2421,-49,-1905,46,53,649,6
55,-709,-32,46,53,649,6
55,-709,-32,58,-31,21,6
-40,-1618,-2429,58,-31,21,6
-40,-1618,-2429,36,56,640,6
2466,-681,-1734,36,56,640,6
213,-632,-46,36,56,640,6
213,-632,-46,70,-30,564,6
1441,-1626,23,70,-30,564,6
1441,-1626,23,64,33,602,6
75,-878,-1638,64,33,602,6
75,-878,-1638,53,65,629,6
1152,-1724,-2479,53,65,629,6
1152,-1724,-2479,78,-3,578,6
198,-673,-51,78,-3,578,6
198,-673,-51,60,31,571,6
2474,-60,-1720,60,31,571,6
2474,-60,-1720,45,59,592,6
1155,-1659,-2456,45,59,592,6
624,-1385,-82,45,59,592,6
624,-1385,-82,65,13,557,6
2193,-631,-82,65,13,557,6
2193,-631,-82,8,82,661,6
-16,-1204,3,8,82,661,6
-16,-1204,3,63,28,569,6
399,-938,-1903,63,28,569,6
399,-938,-1903,74,58,587,6
2483,-1134,-1932,74,58,587,6
2483,-1134,-1932,22,100,625,6
55,11,-2693,22,100,625,6
164,-913,23,22,100,625,6
164,-913,23,28,34,2,6
2942,-48,5,28,34,2,6
2942,-48,5,15,120,616,6
427,-73,7,15,120,616,6
427,-73,7,44,27,13,6
1119,-40,-2717,44,27,13,6
1119,-40,-2717,46,76,618,6
5,-29,-2237,46,76,618,6
5,-29,-2237,50,37,548,6
7,47,25,50,37,548,6
7,47,25,67,16,570,6
2162,19,-2682,67,16,570,6
37,36,-3016,67,16,570,6
37,36,-3016,59,77,613,6
-87,-142,-1187,59,77,613,6
-87,-142,-1187,13,-21,-48,6
2456,-9,-78,13,-21,-48,6
2456,-9,-78,10,101,604,6
-40,-2136,-2924,10,101,604,6
-40,-2136,-2924,44,6,-12,6
7,43,-1446,44,6,-12,6
7,43,-1446,51,70,628,6
2422,3,-1375,51,70,628,6
2422,3,-1375,77,34,553,6
78,-66,-12,77,34,553,6
658,35,-2185,77,34,553,6
658,35,-2185,59,13,591,6
2462,26,-1392,59,13,591,6
2462,26,-1392,20,63,654,6
458,-42,-16,20,63,654,6
458,-42,-16,38,-19,-19,6
52,-964,-1991,38,-19,-19,6
52,-964,-1991,49,45,628,6
2441,-63,-31,49,45,628,6
2441,-63,-31,78,23,565,6
42,-56,-1750,78,23,565,6
698,-1469,27,78,23,565,6
698,-1469,27,73,19,548,6
9,-24,-55,73,19,548,6
9,-24,-55,56,70,623,6
3,7,7,56,70,623,6
3,7,7,50,10,18,6
3229,41,-2391,50,10,18,6
3229,41,-2391,34,84,641,6
1749,-27,-46,34,84,641,6
1749,-27,-46,53,14,549,6
38,41,-77,53,14,549,6
71,-1466,28,53,14,549,6
71,-1466,28,55,6,10,6
35,-12,-53,55,6,10,6
35,-12,-53,19,109,655,6
1740,-10,-30,19,109,655,6
1740,-10,-30,58,57,591,6
940,-1680,12,58,57,591,6
940,-1680,12,36,110,654,6
2695,-34,-2195,36,110,654,6
2695,-34,-2195,38,67,608,6
359,-51,-5,38,67,608,6
359,-51,-5,31,-2,567,6
648,-1708,-39,31,-2,567,6
3262,-40,-1736,31,-2,567,6
3262,-40,-1736,22,78,661,6
52,-1155,-1899,22,78,661,6
52,-1155,-1899,34,14,557,6
83,-11,-2403,34,14,557,6
83,-11,-2403,46,75,635,6
2235,-2499,-2949,46,75,635,6
2235,-2499,-2949,59,15,551,6
209,-1122,-1652,59,15,551,6
209,-1122,-1652,34,81,656,6
-18,0,-1649,34,81,656,6
-18,0,-1649,48,9,568,6
109,-52,-47,48,9,568,6
93,37,-1649,48,9,568,6
93,37,-1649,53,-3,-5,6
63,-61,-2735,53,-3,-5,6
63,-61,-2735,38,95,627,6
39,-54,-78,38,95,627,6
39,-54,-78,39,4,-19,6
-142,-435,-10,39,4,-19,6
-142,-435,-10,56,42,579,6
52,-2650,-3228,56,42,579,6
52,-2650,-3228,62,60,551,6
130,-49,-72,62,60,551,6
62,-2503,-2908,62,60,551,6
62,-2503,-2908,42,29,27,6
3489,-1416,-15,42,29,27,6
3489,-1416,-15,20,71,616,6
8,22,-1728,20,71,616,6
8,22,-1728,25,5,0,6
-1,-1919,-70,25,5,0,6
-1,-1919,-70,29,83,645,6
5,-2178,-2687,29,83,645,6
5,-2178,-2687,21,4,-5,6
106,21,1,21,4,-5,6
3772,-35,-2493,21,4,-5,6
3772,-35,-2493,36,95,641,6
37,-1134,-67,36,95,641,6
37,-1134,-67,64,54,578,6
