-125.0,-252.0,-232.0,274
-125.0,-252.0,-232.0,298
-125.0,-252.0,-232.0,299
-125.0,-252.0,-232.0,300
-125.0,-252.0,-232.0,301
-117.0,-250.0,-230.0,302
-117.0,-250.0,-230.0,512
-117.0,-250.0,-230.0,514
-117.0,-250.0,-230.0,518
-117.0,-250.0,-230.0,522
-117.0,-250.0,-230.0,524
-117.0,-250.0,-230.0,525
-117.0,-250.0,-230.0,760
-117.0,-250.0,-230.0,761
-117.0,-250.0,-230.0,763
-117.0,-250.0,-230.0,766
-117.0,-250.0,-230.0,767
-117.0,-250.0,-230.0,768
-117.0,-250.0,-230.0,1011
-117.0,-250.0,-230.0,1012
-117.0,-250.0,-230.0,1014
-117.0,-250.0,-230.0,1015
-117.0,-250.0,-230.0,1016
-117.0,-250.0,-230.0,1017
-117.0,-250.0,-230.0,1263
-117.0,-250.0,-230.0,1264
-117.0,-250.0,-230.0,1265
-117.0,-250.0,-230.0,1267
-117.0,-250.0,-230.0,1268
-117.0,-250.0,-230.0,1269
-117.0,-250.0,-230.0,1510
-117.0,-250.0,-230.0,1514
-108.0,-10.0,-244.0,1514
-108.0,-10.0,-244.0,1515
-108.0,-10.0,-244.0,1516
-108.0,-10.0,-244.0,1762
-108.0,-10.0,-244.0,1764
-108.0,-10.0,-244.0,1765
-108.0,-10.0,-244.0,1766
-108.0,-10.0,-244.0,1769
-108.0,-10.0,-244.0,2011
-108.0,-10.0,-244.0,2012
-108.0,-10.0,-244.0,2016
-108.0,-10.0,-244.0,2019
-108.0,-10.0,-244.0,2021
-108.0,-10.0,-244.0,2262
-108.0,-10.0,-244.0,2264
-108.0,-10.0,-244.0,2265
-108.0,-10.0,-244.0,2265
-108.0,-10.0,-244.0,2267
-108.0,-10.0,-244.0,2272
-108.0,-10.0,-244.0,2510
-108.0,-10.0,-244.0,2511
-108.0,-10.0,-244.0,2512
-108.0,-10.0,-244.0,2513
-108.0,-10.0,-244.0,2514
-108.0,-10.0,-244.0,2514
-108.0,-10.0,-244.0,2761
-108.0,-10.0,-244.0,2762
127.0,-3.0,-242.0,2763
127.0,-3.0,-242.0,2764
127.0,-3.0,-242.0,2765
127.0,-3.0,-242.0,2766
127.0,-3.0,-242.0,3012
127.0,-3.0,-242.0,3013
127.0,-3.0,-242.0,3014
127.0,-3.0,-242.0,3015
127.0,-3.0,-242.0,3016
127.0,-3.0,-242.0,3017
127.0,-3.0,-242.0,3261
127.0,-3.0,-242.0,3261
127.0,-3.0,-242.0,3262
127.0,-3.0,-242.0,3264
127.0,-3.0,-242.0,3265
127.0,-3.0,-242.0,3265
127.0,-3.0,-242.0,3510
127.0,-3.0,-242.0,3511
127.0,-3.0,-242.0,3513
127.0,-3.0,-242.0,3514
127.0,-3.0,-242.0,3515
127.0,-3.0,-242.0,3763
127.0,-3.0,-242.0,3764
127.0,-3.0,-242.0,3765
127.0,-3.0,-242.0,3766
127.0,-3.0,-242.0,3767
-97.0,-1.0,-7.0,4011
-97.0,-1.0,-7.0,4015
-97.0,-1.0,-7.0,4015
-97.0,-1.0,-7.0,4016
-97.0,-1.0,-7.0,4017
-97.0,-1.0,-7.0,4017
-97.0,-1.0,-7.0,4261
-97.0,-1.0,-7.0,4262
-97.0,-1.0,-7.0,4264
-97.0,-1.0,-7.0,4265
-97.0,-1.0,-7.0,4265
-97.0,-1.0,-7.0,4512
-97.0,-1.0,-7.0,4512
-97.0,-1.0,-7.0,4513
-97.0,-1.0,-7.0,4514
-97.0,-1.0,-7.0,4515
-97.0,-1.0,-7.0,4516
-97.0,-1.0,-7.0,4760
-97.0,-1.0,-7.0,4761
-97.0,-1.0,-7.0,4762
-97.0,-1.0,-7.0,4763
-97.0,-1.0,-7.0,4764
-97.0,-1.0,-7.0,5011
-97.0,-1.0,-7.0,5012
-97.0,-1.0,-7.0,5013
-107.0,-10.0,-231.0,5014
-107.0,-10.0,-231.0,5015
-107.0,-10.0,-231.0,5259
-107.0,-10.0,-231.0,5260
-107.0,-10.0,-231.0,5263
-107.0,-10.0,-231.0,5266
-107.0,-10.0,-231.0,5266
-107.0,-10.0,-231.0,5511
-107.0,-10.0,-231.0,5513
-107.0,-10.0,-231.0,5516
-107.0,-10.0,-231.0,5517
-107.0,-10.0,-231.0,5517
-107.0,-10.0,-231.0,5518
-107.0,-10.0,-231.0,5759
-107.0,-10.0,-231.0,5759
-107.0,-10.0,-231.0,5760
-107.0,-10.0,-231.0,5762
-107.0,-10.0,-231.0,5762
-107.0,-10.0,-231.0,5762
-107.0,-10.0,-231.0,6009
-107.0,-10.0,-231.0,6010
-107.0,-10.0,-231.0,6010
-107.0,-10.0,-231.0,6011
-107.0,-10.0,-231.0,6012
-107.0,-10.0,-231.0,6259
-107.0,-10.0,-231.0,6260
-114.0,-250.0,-236.0,6261
-114.0,-250.0,-236.0,6264
-114.0,-250.0,-236.0,6267
-114.0,-250.0,-236.0,6267
-114.0,-250.0,-236.0,6509
-114.0,-250.0,-236.0,6510
-114.0,-250.0,-236.0,6511
-114.0,-250.0,-236.0,6511
-114.0,-250.0,-236.0,6512
-114.0,-250.0,-236.0,6761
-114.0,-250.0,-236.0,6761
-114.0,-250.0,-236.0,6762
-114.0,-250.0,-236.0,6763
-114.0,-250.0,-236.0,6764
-114.0,-250.0,-236.0,6765
-114.0,-250.0,-236.0,7010
-114.0,-250.0,-236.0,7010
-114.0,-250.0,-236.0,7011
-114.0,-250.0,-236.0,7012
-114.0,-250.0,-236.0,7012
-114.0,-250.0,-236.0,7258
-114.0,-250.0,-236.0,7259
-114.0,-250.0,-236.0,7262
-114.0,-250.0,-236.0,7263
-114.0,-250.0,-236.0,7264
-114.0,-250.0,-236.0,7264
124.0,-251.0,-250.0,7511
124.0,-251.0,-250.0,7511
124.0,-251.0,-250.0,7512
124.0,-251.0,-250.0,7513
124.0,-251.0,-250.0,7513
124.0,-251.0,-250.0,7763
124.0,-251.0,-250.0,7764
124.0,-251.0,-250.0,7765
124.0,-251.0,-250.0,7766
124.0,-251.0,-250.0,7767
124.0,-251.0,-250.0,7767
124.0,-251.0,-250.0,8013
124.0,-251.0,-250.0,8015
124.0,-251.0,-250.0,8016
124.0,-251.0,-250.0,8017
124.0,-251.0,-250.0,8017
124.0,-251.0,-250.0,8018
124.0,-251.0,-250.0,8263
124.0,-251.0,-250.0,8264
124.0,-251.0,-250.0,8265
124.0,-251.0,-250.0,8265
124.0,-251.0,-250.0,8265
124.0,-251.0,-250.0,8508
124.0,-251.0,-250.0,8510
124.0,-251.0,-250.0,8514
124.0,-251.0,-250.0,8514
-111.0,-247.0,-214.0,8515
-111.0,-247.0,-214.0,8762
-111.0,-247.0,-214.0,8763
-111.0,-247.0,-214.0,8764
-111.0,-247.0,-214.0,8765
-111.0,-247.0,-214.0,8765
-111.0,-247.0,-214.0,9009
-111.0,-247.0,-214.0,9010
-111.0,-247.0,-214.0,9011
-111.0,-247.0,-214.0,9013
-111.0,-247.0,-214.0,9016
-111.0,-247.0,-214.0,9262
-111.0,-247.0,-214.0,9263
-111.0,-247.0,-214.0,9264
-111.0,-247.0,-214.0,9264
-111.0,-247.0,-214.0,9265
-111.0,-247.0,-214.0,9507
-111.0,-247.0,-214.0,9508
-111.0,-247.0,-214.0,9510
-111.0,-247.0,-214.0,9513
-111.0,-247.0,-214.0,9513
-111.0,-247.0,-214.0,9515
-111.0,-247.0,-214.0,9761
-111.0,-247.0,-214.0,9761
-111.0,-247.0,-214.0,9762
-111.0,-247.0,-214.0,9763
-122.0,-252.0,-251.0,9763
-122.0,-252.0,-251.0,9764
-122.0,-252.0,-251.0,10011
-122.0,-252.0,-251.0,10011
-122.0,-252.0,-251.0,10012
-122.0,-252.0,-251.0,10013
-122.0,-252.0,-251.0,10013
-122.0,-252.0,-251.0,10014
-122.0,-252.0,-251.0,10270
-122.0,-252.0,-251.0,10271
-122.0,-252.0,-251.0,10272
-122.0,-252.0,-251.0,10273
-122.0,-252.0,-251.0,10274
-122.0,-252.0,-251.0,10276
-122.0,-252.0,-251.0,10506
-122.0,-252.0,-251.0,10506
-122.0,-252.0,-251.0,10508
-122.0,-252.0,-251.0,10508
-122.0,-252.0,-251.0,10510
-122.0,-252.0,-251.0,10759
-122.0,-252.0,-251.0,10759
-122.0,-252.0,-251.0,10759
-122.0,-252.0,-251.0,10759
-122.0,-252.0,-251.0,10759
-122.0,-252.0,-251.0,10760
-122.0,-252.0,-251.0,11010
-109.0,-250.0,-225.0,11011
-109.0,-250.0,-225.0,11011
-109.0,-250.0,-225.0,11012
-109.0,-250.0,-225.0,11013
-109.0,-250.0,-225.0,11013
-109.0,-250.0,-225.0,11260
-109.0,-250.0,-225.0,11261
-109.0,-250.0,-225.0,11262
-109.0,-250.0,-225.0,11262
-109.0,-250.0,-225.0,11263
-109.0,-250.0,-225.0,11264
-109.0,-250.0,-225.0,11509
-109.0,-250.0,-225.0,11511
-109.0,-250.0,-225.0,11512
-109.0,-250.0,-225.0,11512
-109.0,-250.0,-225.0,11513
-109.0,-250.0,-225.0,11761
-109.0,-250.0,-225.0,11762
-109.0,-250.0,-225.0,11763
-109.0,-250.0,-225.0,11763
-109.0,-250.0,-225.0,11764
-109.0,-250.0,-225.0,11764
-109.0,-250.0,-225.0,12009
-109.0,-250.0,-225.0,12011
-109.0,-250.0,-225.0,12011
-109.0,-250.0,-225.0,12012
-109.0,-250.0,-225.0,12012
-123.0,-245.0,-239.0,12258
-123.0,-245.0,-239.0,12258
-123.0,-245.0,-239.0,12259
-123.0,-245.0,-239.0,12259
-123.0,-245.0,-239.0,12260
-123.0,-245.0,-239.0,12262
-123.0,-245.0,-239.0,12507
-123.0,-245.0,-239.0,12507
-123.0,-245.0,-239.0,12510
-123.0,-245.0,-239.0,12511
-123.0,-245.0,-239.0,12511
-123.0,-245.0,-239.0,12512
-123.0,-245.0,-239.0,12757
-123.0,-245.0,-239.0,12757
-123.0,-245.0,-239.0,12758
-123.0,-245.0,-239.0,12758
-123.0,-245.0,-239.0,12759
-123.0,-245.0,-239.0,12759
-123.0,-245.0,-239.0,13006
-123.0,-245.0,-239.0,13007
-123.0,-245.0,-239.0,13007
-123.0,-245.0,-239.0,13008
-123.0,-245.0,-239.0,13008
-123.0,-245.0,-239.0,13009
-123.0,-245.0,-239.0,13266
-123.0,-245.0,-239.0,13268
-123.0,-245.0,-239.0,13269
-112.0,-243.0,-187.0,13269
-112.0,-243.0,-187.0,13269
-112.0,-243.0,-187.0,13270
-112.0,-243.0,-187.0,13518
-112.0,-243.0,-187.0,13518
-112.0,-243.0,-187.0,13519
-112.0,-243.0,-187.0,13520
-112.0,-243.0,-187.0,13520
-112.0,-243.0,-187.0,13756
-112.0,-243.0,-187.0,13757
-112.0,-243.0,-187.0,13757
-112.0,-243.0,-187.0,13758
-112.0,-243.0,-187.0,13758
-112.0,-243.0,-187.0,14006
-112.0,-243.0,-187.0,14007
-112.0,-243.0,-187.0,14007
-112.0,-243.0,-187.0,14008
-112.0,-243.0,-187.0,14008
-112.0,-243.0,-187.0,14256
-112.0,-243.0,-187.0,14257
-112.0,-243.0,-187.0,14257
-112.0,-243.0,-187.0,14258
-112.0,-243.0,-187.0,14258
-112.0,-243.0,-187.0,14506
-112.0,-243.0,-187.0,14506
-114.0,-4.0,-239.0,14507
-114.0,-4.0,-239.0,14507
-114.0,-4.0,-239.0,14507
-114.0,-4.0,-239.0,14508
-114.0,-4.0,-239.0,14756
-114.0,-4.0,-239.0,14757
-114.0,-4.0,-239.0,14758
-114.0,-4.0,-239.0,14759
-114.0,-4.0,-239.0,14759
-114.0,-4.0,-239.0,14760
-114.0,-4.0,-239.0,15006
-114.0,-4.0,-239.0,15007
-114.0,-4.0,-239.0,15007
-114.0,-4.0,-239.0,15008
-114.0,-4.0,-239.0,15010
-114.0,-4.0,-239.0,15011
-114.0,-4.0,-239.0,15256
-114.0,-4.0,-239.0,15257
-114.0,-4.0,-239.0,15258
-114.0,-4.0,-239.0,15258
-114.0,-4.0,-239.0,15260
-114.0,-4.0,-239.0,15261
-114.0,-4.0,-239.0,15506
-114.0,-4.0,-239.0,15507
-114.0,-4.0,-239.0,15507
-114.0,-4.0,-239.0,15508
-114.0,-4.0,-239.0,15508
-114.0,-4.0,-239.0,15509
-117.0,-2.0,-209.0,15756
-117.0,-2.0,-209.0,15757
-117.0,-2.0,-209.0,15757
-117.0,-2.0,-209.0,15758
-117.0,-2.0,-209.0,15758
-117.0,-2.0,-209.0,16008
-117.0,-2.0,-209.0,16008
-117.0,-2.0,-209.0,16009
-117.0,-2.0,-209.0,16010
-117.0,-2.0,-209.0,16011
-117.0,-2.0,-209.0,16256
-117.0,-2.0,-209.0,16257
-117.0,-2.0,-209.0,16257
-117.0,-2.0,-209.0,16257
-117.0,-2.0,-209.0,16258
-117.0,-2.0,-209.0,16259
-117.0,-2.0,-209.0,16507
-117.0,-2.0,-209.0,16507
-117.0,-2.0,-209.0,16507
-117.0,-2.0,-209.0,16508
-117.0,-2.0,-209.0,16508
-117.0,-2.0,-209.0,16509
-117.0,-2.0,-209.0,16767
-117.0,-2.0,-209.0,16768
-125.0,-1.0,-206.0,16769
-125.0,-1.0,-206.0,16769
-125.0,-1.0,-206.0,17006
-125.0,-1.0,-206.0,17006
-125.0,-1.0,-206.0,17007
-125.0,-1.0,-206.0,17007
-125.0,-1.0,-206.0,17008
-125.0,-1.0,-206.0,17008
-125.0,-1.0,-206.0,17255
-125.0,-1.0,-206.0,17256
-125.0,-1.0,-206.0,17257
-125.0,-1.0,-206.0,17258
-125.0,-1.0,-206.0,17258
-125.0,-1.0,-206.0,17258
-125.0,-1.0,-206.0,17506
-125.0,-1.0,-206.0,17506
-125.0,-1.0,-206.0,17506
-125.0,-1.0,-206.0,17507
-125.0,-1.0,-206.0,17507
-125.0,-1.0,-206.0,17755
-125.0,-1.0,-206.0,17756
-125.0,-1.0,-206.0,17756
-125.0,-1.0,-206.0,17756
-125.0,-1.0,-206.0,17757
-125.0,-1.0,-206.0,18005
-125.0,-1.0,-206.0,18006
-125.0,-1.0,-206.0,18006
121.0,-4.0,-213.0,18007
121.0,-4.0,-213.0,18007
121.0,-4.0,-213.0,18007
121.0,-4.0,-213.0,18256
121.0,-4.0,-213.0,18256
121.0,-4.0,-213.0,18256
121.0,-4.0,-213.0,18257
121.0,-4.0,-213.0,18257
121.0,-4.0,-213.0,18258
121.0,-4.0,-213.0,18505
121.0,-4.0,-213.0,18505
121.0,-4.0,-213.0,18505
121.0,-4.0,-213.0,18506
121.0,-4.0,-213.0,18506
121.0,-4.0,-213.0,18507
121.0,-4.0,-213.0,18755
121.0,-4.0,-213.0,18756
121.0,-4.0,-213.0,18756
121.0,-4.0,-213.0,18757
121.0,-4.0,-213.0,18757
121.0,-4.0,-213.0,18757
121.0,-4.0,-213.0,19005
121.0,-4.0,-213.0,19006
121.0,-4.0,-213.0,19006
121.0,-4.0,-213.0,19006
121.0,-4.0,-213.0,19007
121.0,-4.0,-213.0,19007
-113.0,-7.0,-217.0,19255
-113.0,-7.0,-217.0,19255
-113.0,-7.0,-217.0,19256
-113.0,-7.0,-217.0,19256
-113.0,-7.0,-217.0,19257
-113.0,-7.0,-217.0,19505
-113.0,-7.0,-217.0,19505
-113.0,-7.0,-217.0,19506
-113.0,-7.0,-217.0,19506
-113.0,-7.0,-217.0,19506
-113.0,-7.0,-217.0,19507
-113.0,-7.0,-217.0,19755
-113.0,-7.0,-217.0,19756
-113.0,-7.0,-217.0,19756
-113.0,-7.0,-217.0,19756
-113.0,-7.0,-217.0,19757
-113.0,-7.0,-217.0,20005
-113.0,-7.0,-217.0,20006
-113.0,-7.0,-217.0,20006
-113.0,-7.0,-217.0,20006
-113.0,-7.0,-217.0,20007
-113.0,-7.0,-217.0,20007
-113.0,-7.0,-217.0,20254
-113.0,-7.0,-217.0,20255
-113.0,-7.0,-217.0,20255
-113.0,-7.0,-217.0,20255
126.0,-253.0,-226.0,20255
126.0,-253.0,-226.0,20256
126.0,-253.0,-226.0,20506
126.0,-253.0,-226.0,20506
126.0,-253.0,-226.0,20507
126.0,-253.0,-226.0,20507
126.0,-253.0,-226.0,20756
126.0,-253.0,-226.0,20756
126.0,-253.0,-226.0,20756
126.0,-253.0,-226.0,20757
126.0,-253.0,-226.0,20758
126.0,-253.0,-226.0,20759
126.0,-253.0,-226.0,21006
126.0,-253.0,-226.0,21006
126.0,-253.0,-226.0,21007
126.0,-253.0,-226.0,21007
126.0,-253.0,-226.0,21008
126.0,-253.0,-226.0,21008
126.0,-253.0,-226.0,21255
126.0,-253.0,-226.0,21255
126.0,-253.0,-226.0,21256
126.0,-253.0,-226.0,21256
126.0,-253.0,-226.0,21256
126.0,-253.0,-226.0,21257
126.0,-253.0,-226.0,21505
126.0,-253.0,-226.0,21506
-116.0,-250.0,-228.0,21506
-116.0,-250.0,-228.0,21506
-116.0,-250.0,-228.0,21507
-116.0,-250.0,-228.0,21758
-116.0,-250.0,-228.0,21759
-116.0,-250.0,-228.0,21759
-116.0,-250.0,-228.0,21759
-116.0,-250.0,-228.0,21760
-116.0,-250.0,-228.0,21760
-116.0,-250.0,-228.0,22005
-116.0,-250.0,-228.0,22005
-116.0,-250.0,-228.0,22006
-116.0,-250.0,-228.0,22006
-116.0,-250.0,-228.0,22006
-116.0,-250.0,-228.0,22254
-116.0,-250.0,-228.0,22256
-116.0,-250.0,-228.0,22256
-116.0,-250.0,-228.0,22256
-116.0,-250.0,-228.0,22256
-116.0,-250.0,-228.0,22256
-116.0,-250.0,-228.0,22515
-116.0,-250.0,-228.0,22516
-116.0,-250.0,-228.0,22516
-116.0,-250.0,-228.0,22516
-116.0,-250.0,-228.0,22516
-116.0,-250.0,-228.0,22517
-116.0,-250.0,-228.0,22756
-124.0,-256.0,-213.0,22757
-124.0,-256.0,-213.0,22757
-124.0,-256.0,-213.0,22758
-124.0,-256.0,-213.0,22758
-124.0,-256.0,-213.0,23006
-124.0,-256.0,-213.0,23007
-124.0,-256.0,-213.0,23007
-124.0,-256.0,-213.0,23007
-124.0,-256.0,-213.0,23008
-124.0,-256.0,-213.0,23008
-124.0,-256.0,-213.0,23257
-124.0,-256.0,-213.0,23257
-124.0,-256.0,-213.0,23258
-124.0,-256.0,-213.0,23258
-124.0,-256.0,-213.0,23259
-124.0,-256.0,-213.0,23504
-124.0,-256.0,-213.0,23505
-124.0,-256.0,-213.0,23505
-124.0,-256.0,-213.0,23506
-124.0,-256.0,-213.0,23507
-124.0,-256.0,-213.0,23508
-124.0,-256.0,-213.0,23755
-124.0,-256.0,-213.0,23755
-124.0,-256.0,-213.0,23755
-124.0,-256.0,-213.0,23755
-124.0,-256.0,-213.0,23756
-124.0,-256.0,-213.0,23756
-116.0,-1.0,-234.0,24005
-116.0,-1.0,-234.0,24005
-116.0,-1.0,-234.0,24006
-116.0,-1.0,-234.0,24006
-116.0,-1.0,-234.0,24006
-116.0,-1.0,-234.0,24006
-116.0,-1.0,-234.0,24257
-116.0,-1.0,-234.0,24258
-116.0,-1.0,-234.0,24259
-116.0,-1.0,-234.0,24259
-116.0,-1.0,-234.0,24260
-116.0,-1.0,-234.0,24260
-116.0,-1.0,-234.0,24505
-116.0,-1.0,-234.0,24505
-116.0,-1.0,-234.0,24505
-116.0,-1.0,-234.0,24763
-116.0,-1.0,-234.0,24763
-116.0,-1.0,-234.0,24763
-116.0,-1.0,-234.0,24764
-116.0,-1.0,-234.0,24764
-116.0,-1.0,-234.0,24764
-116.0,-1.0,-234.0,25006
-116.0,-1.0,-234.0,25006
-116.0,-1.0,-234.0,25006
-116.0,-1.0,-234.0,25007
122.0,-12.0,-220.0,25007
122.0,-12.0,-220.0,25007
122.0,-12.0,-220.0,25254
122.0,-12.0,-220.0,25255
122.0,-12.0,-220.0,25255
122.0,-12.0,-220.0,25255
122.0,-12.0,-220.0,25255
122.0,-12.0,-220.0,25256
122.0,-12.0,-220.0,25504
122.0,-12.0,-220.0,25504
122.0,-12.0,-220.0,25505
122.0,-12.0,-220.0,25505
122.0,-12.0,-220.0,25505
122.0,-12.0,-220.0,25756
122.0,-12.0,-220.0,25756
122.0,-12.0,-220.0,25757
122.0,-12.0,-220.0,25757
122.0,-12.0,-220.0,25757
122.0,-12.0,-220.0,26006
122.0,-12.0,-220.0,26007
122.0,-12.0,-220.0,26008
122.0,-12.0,-220.0,26009
122.0,-12.0,-220.0,26009
122.0,-12.0,-220.0,26254
122.0,-12.0,-220.0,26254
122.0,-12.0,-220.0,26255
-124.0,-249.0,-233.0,26255
-124.0,-249.0,-233.0,26256
-124.0,-249.0,-233.0,26257
-124.0,-249.0,-233.0,26504
-124.0,-249.0,-233.0,26504
-124.0,-249.0,-233.0,26505
-124.0,-249.0,-233.0,26505
-124.0,-249.0,-233.0,26506
-124.0,-249.0,-233.0,26757
-124.0,-249.0,-233.0,26758
-124.0,-249.0,-233.0,26760
-124.0,-249.0,-233.0,26760
-124.0,-249.0,-233.0,26761
-124.0,-249.0,-233.0,26761
-124.0,-249.0,-233.0,27005
-124.0,-249.0,-233.0,27005
-124.0,-249.0,-233.0,27005
-124.0,-249.0,-233.0,27005
-124.0,-249.0,-233.0,27006
-124.0,-249.0,-233.0,27006
-124.0,-249.0,-233.0,27254
-124.0,-249.0,-233.0,27254
-124.0,-249.0,-233.0,27255
-124.0,-249.0,-233.0,27255
-124.0,-249.0,-233.0,27255
-124.0,-249.0,-233.0,27255
-117.0,-250.0,-229.0,27505
-117.0,-250.0,-229.0,27506
-117.0,-250.0,-229.0,27507
-117.0,-250.0,-229.0,27507
-117.0,-250.0,-229.0,27508
-117.0,-250.0,-229.0,27756
-117.0,-250.0,-229.0,27757
-117.0,-250.0,-229.0,27758
-117.0,-250.0,-229.0,27759
-117.0,-250.0,-229.0,27760
-117.0,-250.0,-229.0,27760
-117.0,-250.0,-229.0,28005
-117.0,-250.0,-229.0,28006
-117.0,-250.0,-229.0,28007
-117.0,-250.0,-229.0,28008
-117.0,-250.0,-229.0,28008
-117.0,-250.0,-229.0,28008
-117.0,-250.0,-229.0,28257
-117.0,-250.0,-229.0,28258
-117.0,-250.0,-229.0,28259
-117.0,-250.0,-229.0,28259
-117.0,-250.0,-229.0,28259
-117.0,-250.0,-229.0,28506
-117.0,-250.0,-229.0,28507
-117.0,-250.0,-229.0,28507
-117.0,-250.0,-229.0,28508
-119.0,-244.0,-215.0,28508
-119.0,-244.0,-215.0,28756
-119.0,-244.0,-215.0,28756
-119.0,-244.0,-215.0,28757
-119.0,-244.0,-215.0,28757
-119.0,-244.0,-215.0,28758
-119.0,-244.0,-215.0,28758
-119.0,-244.0,-215.0,29005
-119.0,-244.0,-215.0,29005
-119.0,-244.0,-215.0,29006
-119.0,-244.0,-215.0,29007
-119.0,-244.0,-215.0,29007
-119.0,-244.0,-215.0,29008
-119.0,-244.0,-215.0,29254
-119.0,-244.0,-215.0,29255
-119.0,-244.0,-215.0,29256
-119.0,-244.0,-215.0,29256
-119.0,-244.0,-215.0,29256
-119.0,-244.0,-215.0,29505
-119.0,-244.0,-215.0,29506
-119.0,-244.0,-215.0,29507
-119.0,-244.0,-215.0,29508
-119.0,-244.0,-215.0,29509
-119.0,-244.0,-215.0,29509
-119.0,-244.0,-215.0,29754
-119.0,-244.0,-215.0,29755
-119.0,-244.0,-215.0,29755
-124.0,-253.0,-216.0,29756
-124.0,-253.0,-216.0,29756
-124.0,-253.0,-216.0,29757
-124.0,-253.0,-216.0,30004
-124.0,-253.0,-216.0,30005
-124.0,-253.0,-216.0,30005
-124.0,-253.0,-216.0,30006
-124.0,-253.0,-216.0,30006
-124.0,-253.0,-216.0,30255
-124.0,-253.0,-216.0,30255
-124.0,-253.0,-216.0,30256
-124.0,-253.0,-216.0,30256
-124.0,-253.0,-216.0,30257
-124.0,-253.0,-216.0,30504
-124.0,-253.0,-216.0,30504
-124.0,-253.0,-216.0,30505
-124.0,-253.0,-216.0,30506
-124.0,-253.0,-216.0,30506
-124.0,-253.0,-216.0,30507
-124.0,-253.0,-216.0,30753
-124.0,-253.0,-216.0,30754
-124.0,-253.0,-216.0,30754
-124.0,-253.0,-216.0,30755
-124.0,-253.0,-216.0,30756
-124.0,-253.0,-216.0,31004
-121.0,-255.0,-209.0,31005
-121.0,-255.0,-209.0,31005
-121.0,-255.0,-209.0,31005
-121.0,-255.0,-209.0,31006
-121.0,-255.0,-209.0,31006
-121.0,-255.0,-209.0,31254
-121.0,-255.0,-209.0,31255
-121.0,-255.0,-209.0,31256
-121.0,-255.0,-209.0,31256
-121.0,-255.0,-209.0,31256
-121.0,-255.0,-209.0,31504
-121.0,-255.0,-209.0,31505
-121.0,-255.0,-209.0,31505
-121.0,-255.0,-209.0,31506
-121.0,-255.0,-209.0,31506
-121.0,-255.0,-209.0,31507
-121.0,-255.0,-209.0,31754
-121.0,-255.0,-209.0,31755
-121.0,-255.0,-209.0,31755
-121.0,-255.0,-209.0,31756
-121.0,-255.0,-209.0,31756
-121.0,-255.0,-209.0,31757
-121.0,-255.0,-209.0,32005
-121.0,-255.0,-209.0,32005
-121.0,-255.0,-209.0,32005
-121.0,-255.0,-209.0,32006
-121.0,-255.0,-209.0,32006
-126.0,-247.0,-215.0,32254
-126.0,-247.0,-215.0,32254
-126.0,-247.0,-215.0,32255
-126.0,-247.0,-215.0,32256
-126.0,-247.0,-215.0,32257
-126.0,-247.0,-215.0,32257
-126.0,-247.0,-215.0,32504
-126.0,-247.0,-215.0,32504
-126.0,-247.0,-215.0,32505
-126.0,-247.0,-215.0,32505
-126.0,-247.0,-215.0,32505
-126.0,-247.0,-215.0,32506
-126.0,-247.0,-215.0,32753
-126.0,-247.0,-215.0,32753
-126.0,-247.0,-215.0,32754
-126.0,-247.0,-215.0,32754
-126.0,-247.0,-215.0,32754
-126.0,-247.0,-215.0,33002
-126.0,-247.0,-215.0,33002
-126.0,-247.0,-215.0,33003
-126.0,-247.0,-215.0,33003
-126.0,-247.0,-215.0,33003
-126.0,-247.0,-215.0,33003
-126.0,-247.0,-215.0,33253
-126.0,-247.0,-215.0,33254
-126.0,-247.0,-215.0,33254
124.0,-255.0,-197.0,33254
124.0,-255.0,-197.0,33254
124.0,-255.0,-197.0,33255
124.0,-255.0,-197.0,33503
124.0,-255.0,-197.0,33503
124.0,-255.0,-197.0,33504
124.0,-255.0,-197.0,33504
124.0,-255.0,-197.0,33504
124.0,-255.0,-197.0,33755
124.0,-255.0,-197.0,33755
124.0,-255.0,-197.0,33755
124.0,-255.0,-197.0,33756
124.0,-255.0,-197.0,33756
124.0,-255.0,-197.0,34005
124.0,-255.0,-197.0,34006
124.0,-255.0,-197.0,34006
124.0,-255.0,-197.0,34007
124.0,-255.0,-197.0,34007
124.0,-255.0,-197.0,34255
124.0,-255.0,-197.0,34255
124.0,-255.0,-197.0,34255
124.0,-255.0,-197.0,34255
124.0,-255.0,-197.0,34255
124.0,-255.0,-197.0,34255
124.0,-255.0,-197.0,34503
124.0,-255.0,-197.0,34503
113.0,-253.0,-238.0,34504
113.0,-253.0,-238.0,34504
113.0,-253.0,-238.0,34504
113.0,-253.0,-238.0,34504
113.0,-253.0,-238.0,34753
113.0,-253.0,-238.0,34753
113.0,-253.0,-238.0,34753
113.0,-253.0,-238.0,34753
113.0,-253.0,-238.0,34753
113.0,-253.0,-238.0,35004
113.0,-253.0,-238.0,35005
113.0,-253.0,-238.0,35006
113.0,-253.0,-238.0,35006
113.0,-253.0,-238.0,35006
113.0,-253.0,-238.0,35006
113.0,-253.0,-238.0,35253
113.0,-253.0,-238.0,35253
113.0,-253.0,-238.0,35253
113.0,-253.0,-238.0,35253
113.0,-253.0,-238.0,35254
113.0,-253.0,-238.0,35502
113.0,-253.0,-238.0,35502
113.0,-253.0,-238.0,35502
113.0,-253.0,-238.0,35503
113.0,-253.0,-238.0,35503
-114.0,-250.0,-238.0,35753
-114.0,-250.0,-238.0,35753
-114.0,-250.0,-238.0,35753
-114.0,-250.0,-238.0,35753
-114.0,-250.0,-238.0,35754
-114.0,-250.0,-238.0,36004
-114.0,-250.0,-238.0,36005
-114.0,-250.0,-238.0,36006
-114.0,-250.0,-238.0,36006
-114.0,-250.0,-238.0,36253
-114.0,-250.0,-238.0,36253
-114.0,-250.0,-238.0,36253
-114.0,-250.0,-238.0,36254
-114.0,-250.0,-238.0,36254
-114.0,-250.0,-238.0,36254
-114.0,-250.0,-238.0,36503
-114.0,-250.0,-238.0,36503
-114.0,-250.0,-238.0,36503
-114.0,-250.0,-238.0,36503
-114.0,-250.0,-238.0,36504
-114.0,-250.0,-238.0,36504
-114.0,-250.0,-238.0,36753
-114.0,-250.0,-238.0,36753
-114.0,-250.0,-238.0,36753
-114.0,-250.0,-238.0,36754
-119.0,-1.0,-237.0,36754
-119.0,-1.0,-237.0,36754
-119.0,-1.0,-237.0,37003
-119.0,-1.0,-237.0,37003
-119.0,-1.0,-237.0,37003
-119.0,-1.0,-237.0,37004
-119.0,-1.0,-237.0,37004
-119.0,-1.0,-237.0,37253
-119.0,-1.0,-237.0,37254
-119.0,-1.0,-237.0,37255
-119.0,-1.0,-237.0,37256
-119.0,-1.0,-237.0,37257
-119.0,-1.0,-237.0,37257
-119.0,-1.0,-237.0,37502
-119.0,-1.0,-237.0,37502
-119.0,-1.0,-237.0,37502
-119.0,-1.0,-237.0,37503
-119.0,-1.0,-237.0,37503
-119.0,-1.0,-237.0,37503
-119.0,-1.0,-237.0,37752
-119.0,-1.0,-237.0,37752
-119.0,-1.0,-237.0,37753
-119.0,-1.0,-237.0,37753
-119.0,-1.0,-237.0,37753
-119.0,-1.0,-237.0,38014
-119.0,-1.0,-237.0,38015
-123.0,-2.0,-220.0,38015
-123.0,-2.0,-220.0,38015
-123.0,-2.0,-220.0,38016
-123.0,-2.0,-220.0,38016
-123.0,-2.0,-220.0,38252
-123.0,-2.0,-220.0,38252
-123.0,-2.0,-220.0,38252
-123.0,-2.0,-220.0,38253
-123.0,-2.0,-220.0,38253
-123.0,-2.0,-220.0,38503
-123.0,-2.0,-220.0,38505
-123.0,-2.0,-220.0,38506
-123.0,-2.0,-220.0,38506
-123.0,-2.0,-220.0,38506
-123.0,-2.0,-220.0,38755
-123.0,-2.0,-220.0,38755
-123.0,-2.0,-220.0,38755
-123.0,-2.0,-220.0,38756
-123.0,-2.0,-220.0,38756
-123.0,-2.0,-220.0,38756
-123.0,-2.0,-220.0,39004
-123.0,-2.0,-220.0,39004
-123.0,-2.0,-220.0,39005
-123.0,-2.0,-220.0,39005
-123.0,-2.0,-220.0,39005
-123.0,-2.0,-220.0,39253
-123.0,-2.0,-220.0,39254
-114.0,-256.0,-209.0,39255
-114.0,-256.0,-209.0,39256
-114.0,-256.0,-209.0,39256
-114.0,-256.0,-209.0,39256
-114.0,-256.0,-209.0,39511
-114.0,-256.0,-209.0,39511
-114.0,-256.0,-209.0,39511
-114.0,-256.0,-209.0,39511
-114.0,-256.0,-209.0,39511
-114.0,-256.0,-209.0,39512
-114.0,-256.0,-209.0,39754
-114.0,-256.0,-209.0,39755
-114.0,-256.0,-209.0,39755
-114.0,-256.0,-209.0,39755
-114.0,-256.0,-209.0,40002
-114.0,-256.0,-209.0,40002
-114.0,-256.0,-209.0,40002
-114.0,-256.0,-209.0,40003
-114.0,-256.0,-209.0,40003
-114.0,-256.0,-209.0,40252
-114.0,-256.0,-209.0,40252
-114.0,-256.0,-209.0,40252
-114.0,-256.0,-209.0,40252
-114.0,-256.0,-209.0,40253
-114.0,-256.0,-209.0,40253
-119.0,-5.0,-218.0,40502
-119.0,-5.0,-218.0,40502
-119.0,-5.0,-218.0,40502
-119.0,-5.0,-218.0,40502
-119.0,-5.0,-218.0,40502
-119.0,-5.0,-218.0,40502
-119.0,-5.0,-218.0,40752
-119.0,-5.0,-218.0,40752
-119.0,-5.0,-218.0,40752
-119.0,-5.0,-218.0,40752
-119.0,-5.0,-218.0,40753
-119.0,-5.0,-218.0,40753
-119.0,-5.0,-218.0,41002
-119.0,-5.0,-218.0,41002
-119.0,-5.0,-218.0,41002
-119.0,-5.0,-218.0,41002
-119.0,-5.0,-218.0,41002
-119.0,-5.0,-218.0,41003
-119.0,-5.0,-218.0,41253
-119.0,-5.0,-218.0,41253
-119.0,-5.0,-218.0,41254
-119.0,-5.0,-218.0,41254
-119.0,-5.0,-218.0,41254
-119.0,-5.0,-218.0,41502
-119.0,-5.0,-218.0,41502
-119.0,-5.0,-218.0,41502
118.0,-247.0,-228.0,41502
118.0,-247.0,-228.0,41502
118.0,-247.0,-228.0,41752
118.0,-247.0,-228.0,41752
118.0,-247.0,-228.0,41753
118.0,-247.0,-228.0,41753
118.0,-247.0,-228.0,41753
118.0,-247.0,-228.0,41754
118.0,-247.0,-228.0,42002
118.0,-247.0,-228.0,42002
118.0,-247.0,-228.0,42003
118.0,-247.0,-228.0,42003
118.0,-247.0,-228.0,42004
118.0,-247.0,-228.0,42004
118.0,-247.0,-228.0,42252
118.0,-247.0,-228.0,42252
118.0,-247.0,-228.0,42252
118.0,-247.0,-228.0,42253
118.0,-247.0,-228.0,42253
118.0,-247.0,-228.0,42501
118.0,-247.0,-228.0,42501
118.0,-247.0,-228.0,42502
118.0,-247.0,-228.0,42502
118.0,-247.0,-228.0,42502
118.0,-247.0,-228.0,42502
118.0,-247.0,-228.0,42753
118.0,-247.0,-228.0,42753
-126.0,-8.0,-242.0,42754
-126.0,-8.0,-242.0,42754
-126.0,-8.0,-242.0,42754
-126.0,-8.0,-242.0,42754
-126.0,-8.0,-242.0,43001
-126.0,-8.0,-242.0,43001
-126.0,-8.0,-242.0,43001
-126.0,-8.0,-242.0,43001
-126.0,-8.0,-242.0,43001
-126.0,-8.0,-242.0,43002
-126.0,-8.0,-242.0,43252
-126.0,-8.0,-242.0,43253
-126.0,-8.0,-242.0,43254
-126.0,-8.0,-242.0,43255
-126.0,-8.0,-242.0,43255
-126.0,-8.0,-242.0,43501
-126.0,-8.0,-242.0,43501
-126.0,-8.0,-242.0,43501
-126.0,-8.0,-242.0,43502
-126.0,-8.0,-242.0,43502
-126.0,-8.0,-242.0,43502
-126.0,-8.0,-242.0,43755
-126.0,-8.0,-242.0,43755
-126.0,-8.0,-242.0,43755
-126.0,-8.0,-242.0,43755
-126.0,-8.0,-242.0,43755
-126.0,-8.0,-242.0,43756
-112.0,-252.0,-228.0,44001
-112.0,-252.0,-228.0,44002
-112.0,-252.0,-228.0,44002
-112.0,-252.0,-228.0,44002
-112.0,-252.0,-228.0,44002
-112.0,-252.0,-228.0,44253
-112.0,-252.0,-228.0,44254
-112.0,-252.0,-228.0,44254
-112.0,-252.0,-228.0,44256
-112.0,-252.0,-228.0,44256
-112.0,-252.0,-228.0,44501
-112.0,-252.0,-228.0,44501
-112.0,-252.0,-228.0,44502
-112.0,-252.0,-228.0,44502
-112.0,-252.0,-228.0,44502
-112.0,-252.0,-228.0,44754
-112.0,-252.0,-228.0,44755
-112.0,-252.0,-228.0,44756
-112.0,-252.0,-228.0,44757
-112.0,-252.0,-228.0,44757
-112.0,-252.0,-228.0,44757
-112.0,-252.0,-228.0,45001
-112.0,-252.0,-228.0,45001
-112.0,-252.0,-228.0,45001
-112.0,-252.0,-228.0,45002
126.0,-14.0,-243.0,45002
126.0,-14.0,-243.0,45002
126.0,-14.0,-243.0,45251
126.0,-14.0,-243.0,45252
126.0,-14.0,-243.0,45253
126.0,-14.0,-243.0,45253
126.0,-14.0,-243.0,45254
126.0,-14.0,-243.0,45255
126.0,-14.0,-243.0,45503
126.0,-14.0,-243.0,45504
126.0,-14.0,-243.0,45505
126.0,-14.0,-243.0,45506
126.0,-14.0,-243.0,45507
126.0,-14.0,-243.0,45507
126.0,-14.0,-243.0,45751
126.0,-14.0,-243.0,45751
126.0,-14.0,-243.0,45751
126.0,-14.0,-243.0,45751
126.0,-14.0,-243.0,45752
126.0,-14.0,-243.0,45752
126.0,-14.0,-243.0,46001
126.0,-14.0,-243.0,46002
126.0,-14.0,-243.0,46002
126.0,-14.0,-243.0,46002
126.0,-14.0,-243.0,46002
126.0,-14.0,-243.0,46253
-125.0,-252.0,-242.0,46253
-125.0,-252.0,-242.0,46253
-125.0,-252.0,-242.0,46254
-125.0,-252.0,-242.0,46501
-125.0,-252.0,-242.0,46502
-125.0,-252.0,-242.0,46502
-125.0,-252.0,-242.0,46502
-125.0,-252.0,-242.0,46502
-125.0,-252.0,-242.0,46502
-125.0,-252.0,-242.0,46751
-125.0,-252.0,-242.0,46751
-125.0,-252.0,-242.0,46752
-125.0,-252.0,-242.0,46752
-125.0,-252.0,-242.0,46752
-125.0,-252.0,-242.0,46752
-125.0,-252.0,-242.0,47001
-125.0,-252.0,-242.0,47002
-125.0,-252.0,-242.0,47002
-125.0,-252.0,-242.0,47002
-125.0,-252.0,-242.0,47002
-125.0,-252.0,-242.0,47003
-125.0,-252.0,-242.0,47251
-125.0,-252.0,-242.0,47252
-125.0,-252.0,-242.0,47252
-125.0,-252.0,-242.0,47252
-125.0,-252.0,-242.0,47252
-125.0,-252.0,-242.0,47501
-125.0,-252.0,-242.0,47502
-122.0,-233.0,-228.0,47502
-122.0,-233.0,-228.0,47502
-122.0,-233.0,-228.0,47502
-122.0,-233.0,-228.0,47502
-122.0,-233.0,-228.0,47751
-122.0,-233.0,-228.0,47751
-122.0,-233.0,-228.0,47752
-122.0,-233.0,-228.0,47752
-122.0,-233.0,-228.0,47752
-122.0,-233.0,-228.0,47752
-122.0,-233.0,-228.0,48001
-122.0,-233.0,-228.0,48001
-122.0,-233.0,-228.0,48001
-122.0,-233.0,-228.0,48002
-122.0,-233.0,-228.0,48002
-122.0,-233.0,-228.0,48002
-122.0,-233.0,-228.0,48251
-122.0,-233.0,-228.0,48251
-122.0,-233.0,-228.0,48252
-122.0,-233.0,-228.0,48252
-122.0,-233.0,-228.0,48252
-122.0,-233.0,-228.0,48252
-122.0,-233.0,-228.0,48501
-122.0,-233.0,-228.0,48501
-122.0,-233.0,-228.0,48501
-122.0,-233.0,-228.0,48502
-121.0,-255.0,-244.0,48502
-121.0,-255.0,-244.0,48502
-121.0,-255.0,-244.0,48751
-121.0,-255.0,-244.0,48751
-121.0,-255.0,-244.0,48751
-121.0,-255.0,-244.0,48751
-121.0,-255.0,-244.0,48751
-121.0,-255.0,-244.0,49008
-121.0,-255.0,-244.0,49009
-121.0,-255.0,-244.0,49009
-121.0,-255.0,-244.0,49010
-121.0,-255.0,-244.0,49012
-121.0,-255.0,-244.0,49012
-121.0,-255.0,-244.0,49251
-121.0,-255.0,-244.0,49251
-121.0,-255.0,-244.0,49251
-121.0,-255.0,-244.0,49251
-121.0,-255.0,-244.0,49252
-121.0,-255.0,-244.0,49252
-121.0,-255.0,-244.0,49503
-121.0,-255.0,-244.0,49506
-121.0,-255.0,-244.0,49506
-121.0,-255.0,-244.0,49507
-121.0,-255.0,-244.0,49507
-121.0,-255.0,-244.0,49751
-121.0,-255.0,-244.0,49751
-121.0,-255.0,-244.0,49751
-121.0,-255.0,-244.0,49751
126.0,-255.0,-239.0,49752
126.0,-255.0,-239.0,49752
126.0,-255.0,-239.0,50001
126.0,-255.0,-239.0,50002
126.0,-255.0,-239.0,50003
126.0,-255.0,-239.0,50003
126.0,-255.0,-239.0,50003
126.0,-255.0,-239.0,50003
126.0,-255.0,-239.0,50251
126.0,-255.0,-239.0,50252
126.0,-255.0,-239.0,50252
126.0,-255.0,-239.0,50252
126.0,-255.0,-239.0,50253
126.0,-255.0,-239.0,50253
126.0,-255.0,-239.0,50501
126.0,-255.0,-239.0,50501
126.0,-255.0,-239.0,50501
126.0,-255.0,-239.0,50501
126.0,-255.0,-239.0,50501
126.0,-255.0,-239.0,50751
126.0,-255.0,-239.0,50751
126.0,-255.0,-239.0,50751
126.0,-255.0,-239.0,50752
126.0,-255.0,-239.0,50752
126.0,-255.0,-239.0,50753
126.0,-255.0,-239.0,51001
-114.0,-253.0,-249.0,51001
-114.0,-253.0,-249.0,51001
-114.0,-253.0,-249.0,51001
-114.0,-253.0,-249.0,51002
-114.0,-253.0,-249.0,51251
-114.0,-253.0,-249.0,51251
-114.0,-253.0,-249.0,51251
-114.0,-253.0,-249.0,51251
-114.0,-253.0,-249.0,51251
-114.0,-253.0,-249.0,51252
-114.0,-253.0,-249.0,51501
-114.0,-253.0,-249.0,51502
-114.0,-253.0,-249.0,51502
-114.0,-253.0,-249.0,51503
-114.0,-253.0,-249.0,51504
-114.0,-253.0,-249.0,51504
-114.0,-253.0,-249.0,51750
-114.0,-253.0,-249.0,51751
-114.0,-253.0,-249.0,51751
-114.0,-253.0,-249.0,51752
-114.0,-253.0,-249.0,51752
-114.0,-253.0,-249.0,52001
-114.0,-253.0,-249.0,52001
-114.0,-253.0,-249.0,52002
-114.0,-253.0,-249.0,52003
-114.0,-253.0,-249.0,52003
124.0,-2.0,-220.0,52250
124.0,-2.0,-220.0,52251
124.0,-2.0,-220.0,52251
124.0,-2.0,-220.0,52252
124.0,-2.0,-220.0,52252
124.0,-2.0,-220.0,52252
124.0,-2.0,-220.0,52501
124.0,-2.0,-220.0,52501
124.0,-2.0,-220.0,52501
124.0,-2.0,-220.0,52502
124.0,-2.0,-220.0,52502
124.0,-2.0,-220.0,52502
124.0,-2.0,-220.0,52750
124.0,-2.0,-220.0,52750
124.0,-2.0,-220.0,52751
124.0,-2.0,-220.0,52751
124.0,-2.0,-220.0,52751
124.0,-2.0,-220.0,53000
124.0,-2.0,-220.0,53000
124.0,-2.0,-220.0,53000
124.0,-2.0,-220.0,53001
124.0,-2.0,-220.0,53001
124.0,-2.0,-220.0,53001
124.0,-2.0,-220.0,53251
124.0,-2.0,-220.0,53252
124.0,-2.0,-220.0,53252
123.0,-244.0,-9.0,53253
123.0,-244.0,-9.0,53500
123.0,-244.0,-9.0,53500
123.0,-244.0,-9.0,53501
123.0,-244.0,-9.0,53501
123.0,-244.0,-9.0,53502
123.0,-244.0,-9.0,53503
123.0,-244.0,-9.0,53772
123.0,-244.0,-9.0,53772
123.0,-244.0,-9.0,53772
123.0,-244.0,-9.0,53772
123.0,-244.0,-9.0,53773
123.0,-244.0,-9.0,54001
123.0,-244.0,-9.0,54001
123.0,-244.0,-9.0,54002
123.0,-244.0,-9.0,54002
123.0,-244.0,-9.0,54003
123.0,-244.0,-9.0,54004
123.0,-244.0,-9.0,54251
123.0,-244.0,-9.0,54251
123.0,-244.0,-9.0,54251
123.0,-244.0,-9.0,54251
123.0,-244.0,-9.0,54252
123.0,-244.0,-9.0,54252
123.0,-244.0,-9.0,54500
123.0,-244.0,-9.0,54501
-117.0,-256.0,-237.0,54501
-117.0,-256.0,-237.0,54501
-117.0,-256.0,-237.0,54502
-117.0,-256.0,-237.0,54502
-117.0,-256.0,-237.0,54750
-117.0,-256.0,-237.0,54751
-117.0,-256.0,-237.0,54751
-117.0,-256.0,-237.0,54751
-117.0,-256.0,-237.0,54751
-117.0,-256.0,-237.0,54752
-117.0,-256.0,-237.0,55000
-117.0,-256.0,-237.0,55000
-117.0,-256.0,-237.0,55000
-117.0,-256.0,-237.0,55000
-117.0,-256.0,-237.0,55250
-117.0,-256.0,-237.0,55251
-117.0,-256.0,-237.0,55251
-117.0,-256.0,-237.0,55251
-117.0,-256.0,-237.0,55251
-117.0,-256.0,-237.0,55251
-117.0,-256.0,-237.0,55500
-117.0,-256.0,-237.0,55500
-117.0,-256.0,-237.0,55500
-117.0,-256.0,-237.0,55500
-117.0,-256.0,-237.0,55500
-125.0,-250.0,-230.0,55750
-125.0,-250.0,-230.0,55750
-125.0,-250.0,-230.0,55750
-125.0,-250.0,-230.0,55750
-125.0,-250.0,-230.0,55750
-125.0,-250.0,-230.0,55750
-125.0,-250.0,-230.0,56000
-125.0,-250.0,-230.0,56000
-125.0,-250.0,-230.0,56000
-125.0,-250.0,-230.0,56000
-125.0,-250.0,-230.0,56249
-125.0,-250.0,-230.0,56250
-125.0,-250.0,-230.0,56250
-125.0,-250.0,-230.0,56250
-125.0,-250.0,-230.0,56250
-125.0,-250.0,-230.0,56500
-125.0,-250.0,-230.0,56500
-125.0,-250.0,-230.0,56500
-125.0,-250.0,-230.0,56501
-125.0,-250.0,-230.0,56501
-125.0,-250.0,-230.0,56751
-125.0,-250.0,-230.0,56752
-125.0,-250.0,-230.0,56752
-125.0,-250.0,-230.0,56752
-125.0,-250.0,-230.0,56752
-125.0,-250.0,-230.0,56753
-117.0,-2.0,-256.0,57001
-117.0,-2.0,-256.0,57001
-117.0,-2.0,-256.0,57001
-117.0,-2.0,-256.0,57001
-117.0,-2.0,-256.0,57001
-117.0,-2.0,-256.0,57001
-117.0,-2.0,-256.0,57250
-117.0,-2.0,-256.0,57250
-117.0,-2.0,-256.0,57250
-117.0,-2.0,-256.0,57250
-117.0,-2.0,-256.0,57251
-117.0,-2.0,-256.0,57251
-117.0,-2.0,-256.0,57500
-117.0,-2.0,-256.0,57501
-117.0,-2.0,-256.0,57501
-117.0,-2.0,-256.0,57501
-117.0,-2.0,-256.0,57501
-117.0,-2.0,-256.0,57502
-117.0,-2.0,-256.0,57750
-117.0,-2.0,-256.0,57751
-117.0,-2.0,-256.0,57751
-117.0,-2.0,-256.0,57751
-117.0,-2.0,-256.0,57751
-117.0,-2.0,-256.0,58001
-117.0,-2.0,-256.0,58001
-117.0,-2.0,-256.0,58001
125.0,-254.0,-236.0,58001
125.0,-254.0,-236.0,58001
125.0,-254.0,-236.0,58001
125.0,-254.0,-236.0,58251
125.0,-254.0,-236.0,58252
125.0,-254.0,-236.0,58252
125.0,-254.0,-236.0,58252
125.0,-254.0,-236.0,58253
125.0,-254.0,-236.0,58500
125.0,-254.0,-236.0,58501
125.0,-254.0,-236.0,58501
125.0,-254.0,-236.0,58501
125.0,-254.0,-236.0,58501
125.0,-254.0,-236.0,58501
125.0,-254.0,-236.0,58749
125.0,-254.0,-236.0,58750
125.0,-254.0,-236.0,58750
125.0,-254.0,-236.0,58750
125.0,-254.0,-236.0,58751
125.0,-254.0,-236.0,58751
125.0,-254.0,-236.0,58999
125.0,-254.0,-236.0,58999
125.0,-254.0,-236.0,58999
125.0,-254.0,-236.0,59000
125.0,-254.0,-236.0,59000
125.0,-254.0,-236.0,59000
125.0,-254.0,-236.0,59251
126.0,-253.0,-227.0,59251
126.0,-253.0,-227.0,59251
126.0,-253.0,-227.0,59252
126.0,-253.0,-227.0,59252
126.0,-253.0,-227.0,59501
126.0,-253.0,-227.0,59501
126.0,-253.0,-227.0,59502
126.0,-253.0,-227.0,59502
126.0,-253.0,-227.0,59502
126.0,-253.0,-227.0,59502
126.0,-253.0,-227.0,59751
126.0,-253.0,-227.0,59751
126.0,-253.0,-227.0,59752
126.0,-253.0,-227.0,59752
126.0,-253.0,-227.0,59752
126.0,-253.0,-227.0,60010
126.0,-253.0,-227.0,60010
126.0,-253.0,-227.0,60011
126.0,-253.0,-227.0,60011
126.0,-253.0,-227.0,60012
126.0,-253.0,-227.0,60012
126.0,-253.0,-227.0,60249
126.0,-253.0,-227.0,60249
126.0,-253.0,-227.0,60249
126.0,-253.0,-227.0,60249
126.0,-253.0,-227.0,60250
126.0,-253.0,-227.0,60250
124.0,-237.0,-2.0,60499
124.0,-237.0,-2.0,60499
124.0,-237.0,-2.0,60500
124.0,-237.0,-2.0,60500
124.0,-237.0,-2.0,60500
124.0,-237.0,-2.0,60749
124.0,-237.0,-2.0,60750
124.0,-237.0,-2.0,60750
124.0,-237.0,-2.0,60750
124.0,-237.0,-2.0,60751
124.0,-237.0,-2.0,60752
124.0,-237.0,-2.0,61000
124.0,-237.0,-2.0,61001
124.0,-237.0,-2.0,61001
124.0,-237.0,-2.0,61001
124.0,-237.0,-2.0,61002
124.0,-237.0,-2.0,61002
124.0,-237.0,-2.0,61249
124.0,-237.0,-2.0,61249
124.0,-237.0,-2.0,61249
124.0,-237.0,-2.0,61250
124.0,-237.0,-2.0,61250
124.0,-237.0,-2.0,61500
124.0,-237.0,-2.0,61501
124.0,-237.0,-2.0,61501
-126.0,-1.0,-242.0,61502
-126.0,-1.0,-242.0,61749
-126.0,-1.0,-242.0,61750
-126.0,-1.0,-242.0,61750
-126.0,-1.0,-242.0,61750
-126.0,-1.0,-242.0,61750
-126.0,-1.0,-242.0,61750
-126.0,-1.0,-242.0,61999
-126.0,-1.0,-242.0,61999
-126.0,-1.0,-242.0,61999
-126.0,-1.0,-242.0,61999
-126.0,-1.0,-242.0,62000
-126.0,-1.0,-242.0,62000
-126.0,-1.0,-242.0,62250
-126.0,-1.0,-242.0,62250
-126.0,-1.0,-242.0,62250
-126.0,-1.0,-242.0,62250
-126.0,-1.0,-242.0,62250
-126.0,-1.0,-242.0,62250
-126.0,-1.0,-242.0,62500
-126.0,-1.0,-242.0,62500
-126.0,-1.0,-242.0,62501
-126.0,-1.0,-242.0,62501
-126.0,-1.0,-242.0,62502
-126.0,-1.0,-242.0,62502
-126.0,-1.0,-242.0,62750
-126.0,-1.0,-242.0,62750
-123.0,-239.0,-228.0,62751
-123.0,-239.0,-228.0,62751
-123.0,-239.0,-228.0,62999
-123.0,-239.0,-228.0,62999
-123.0,-239.0,-228.0,62999
-123.0,-239.0,-228.0,63000
-123.0,-239.0,-228.0,63000
-123.0,-239.0,-228.0,63000
-123.0,-239.0,-228.0,63250
-123.0,-239.0,-228.0,63250
-123.0,-239.0,-228.0,63251
-123.0,-239.0,-228.0,63251
-123.0,-239.0,-228.0,63252
-123.0,-239.0,-228.0,63252
-123.0,-239.0,-228.0,63500
-123.0,-239.0,-228.0,63500
-123.0,-239.0,-228.0,63500
-123.0,-239.0,-228.0,63500
-123.0,-239.0,-228.0,63501
-123.0,-239.0,-228.0,63749
-123.0,-239.0,-228.0,63749
-123.0,-239.0,-228.0,63749
-123.0,-239.0,-228.0,63749
-123.0,-239.0,-228.0,63750
-123.0,-239.0,-228.0,64000
125.0,-245.0,-4.0,64001
125.0,-245.0,-4.0,64001
125.0,-245.0,-4.0,64002
125.0,-245.0,-4.0,64002
125.0,-245.0,-4.0,64248
125.0,-245.0,-4.0,64249
125.0,-245.0,-4.0,64249
125.0,-245.0,-4.0,64249
125.0,-245.0,-4.0,64250
125.0,-245.0,-4.0,64250
125.0,-245.0,-4.0,64500
125.0,-245.0,-4.0,64500
125.0,-245.0,-4.0,64501
125.0,-245.0,-4.0,64501
125.0,-245.0,-4.0,64502
125.0,-245.0,-4.0,64502
125.0,-245.0,-4.0,64750
125.0,-245.0,-4.0,64750
125.0,-245.0,-4.0,64751
125.0,-245.0,-4.0,64751
125.0,-245.0,-4.0,64999
125.0,-245.0,-4.0,64999
125.0,-245.0,-4.0,64999
125.0,-245.0,-4.0,64999
125.0,-245.0,-4.0,65000
125.0,-245.0,-4.0,65000
126.0,-253.0,-236.0,65250
126.0,-253.0,-236.0,65250
126.0,-253.0,-236.0,65250
126.0,-253.0,-236.0,65251
126.0,-253.0,-236.0,65251
126.0,-253.0,-236.0,65252
126.0,-253.0,-236.0,65500
126.0,-253.0,-236.0,65500
126.0,-253.0,-236.0,65500
126.0,-253.0,-236.0,65501
126.0,-253.0,-236.0,65501
126.0,-253.0,-236.0,65502
126.0,-253.0,-236.0,65750
126.0,-253.0,-236.0,65750
126.0,-253.0,-236.0,65750
126.0,-253.0,-236.0,65752
126.0,-253.0,-236.0,65753
126.0,-253.0,-236.0,65998
126.0,-253.0,-236.0,65998
126.0,-253.0,-236.0,65999
126.0,-253.0,-236.0,65999
126.0,-253.0,-236.0,65999
126.0,-253.0,-236.0,66000
126.0,-253.0,-236.0,66249
126.0,-253.0,-236.0,66250
126.0,-253.0,-236.0,66250
-126.0,-253.0,-227.0,66251
-126.0,-253.0,-227.0,66251
-126.0,-253.0,-227.0,66251
-126.0,-253.0,-227.0,66499
-126.0,-253.0,-227.0,66500
-126.0,-253.0,-227.0,66500
-126.0,-253.0,-227.0,66501
-126.0,-253.0,-227.0,66501
-126.0,-253.0,-227.0,66750
-126.0,-253.0,-227.0,66751
-126.0,-253.0,-227.0,66752
-126.0,-253.0,-227.0,66752
-126.0,-253.0,-227.0,66753
-126.0,-253.0,-227.0,66998
-126.0,-253.0,-227.0,66998
-126.0,-253.0,-227.0,66998
-126.0,-253.0,-227.0,66999
-126.0,-253.0,-227.0,66999
-126.0,-253.0,-227.0,66999
-126.0,-253.0,-227.0,67250
-126.0,-253.0,-227.0,67250
-126.0,-253.0,-227.0,67250
-126.0,-253.0,-227.0,67251
-126.0,-253.0,-227.0,67251
-126.0,-253.0,-227.0,67251
-126.0,-253.0,-227.0,67499
-121.0,-237.0,-251.0,67499
-121.0,-237.0,-251.0,67499
-121.0,-237.0,-251.0,67500
-121.0,-237.0,-251.0,67500
-121.0,-237.0,-251.0,67748
-121.0,-237.0,-251.0,67748
-121.0,-237.0,-251.0,67748
-121.0,-237.0,-251.0,67748
-121.0,-237.0,-251.0,67748
-121.0,-237.0,-251.0,67748
-121.0,-237.0,-251.0,67998
-121.0,-237.0,-251.0,67998
-121.0,-237.0,-251.0,67998
-121.0,-237.0,-251.0,67998
-121.0,-237.0,-251.0,67999
-121.0,-237.0,-251.0,67999
-121.0,-237.0,-251.0,68249
-121.0,-237.0,-251.0,68249
-121.0,-237.0,-251.0,68249
-121.0,-237.0,-251.0,68249
-121.0,-237.0,-251.0,68249
-121.0,-237.0,-251.0,68508
-121.0,-237.0,-251.0,68508
-121.0,-237.0,-251.0,68508
-121.0,-237.0,-251.0,68509
-121.0,-237.0,-251.0,68509
-122.0,-235.0,-227.0,68509
-122.0,-235.0,-227.0,68749
-122.0,-235.0,-227.0,68749
-122.0,-235.0,-227.0,68749
-122.0,-235.0,-227.0,68749
-122.0,-235.0,-227.0,68749
-122.0,-235.0,-227.0,69000
-122.0,-235.0,-227.0,69001
-122.0,-235.0,-227.0,69001
-122.0,-235.0,-227.0,69002
-122.0,-235.0,-227.0,69003
-122.0,-235.0,-227.0,69003
-122.0,-235.0,-227.0,69258
-122.0,-235.0,-227.0,69258
-122.0,-235.0,-227.0,69259
-122.0,-235.0,-227.0,69259
-122.0,-235.0,-227.0,69259
-122.0,-235.0,-227.0,69259
-122.0,-235.0,-227.0,69499
-122.0,-235.0,-227.0,69500
-122.0,-235.0,-227.0,69501
-122.0,-235.0,-227.0,69503
-122.0,-235.0,-227.0,69504
-122.0,-235.0,-227.0,69748
-122.0,-235.0,-227.0,69748
-122.0,-235.0,-227.0,69748
-112.0,-256.0,-240.0,69749
-112.0,-256.0,-240.0,69749
-112.0,-256.0,-240.0,69999
-112.0,-256.0,-240.0,69999
-112.0,-256.0,-240.0,69999
-112.0,-256.0,-240.0,69999
-112.0,-256.0,-240.0,70000
-112.0,-256.0,-240.0,70000
-112.0,-256.0,-240.0,70248
-112.0,-256.0,-240.0,70249
-112.0,-256.0,-240.0,70249
-112.0,-256.0,-240.0,70249
-112.0,-256.0,-240.0,70249
-112.0,-256.0,-240.0,70499
-112.0,-256.0,-240.0,70500
-112.0,-256.0,-240.0,70501
-112.0,-256.0,-240.0,70501
-112.0,-256.0,-240.0,70501
-112.0,-256.0,-240.0,70750
-112.0,-256.0,-240.0,70751
-112.0,-256.0,-240.0,70751
-112.0,-256.0,-240.0,70751
-112.0,-256.0,-240.0,70752
-112.0,-256.0,-240.0,70999
-112.0,-256.0,-240.0,71000
-118.0,-17.0,-236.0,71001
-118.0,-17.0,-236.0,71001
-118.0,-17.0,-236.0,71001
-118.0,-17.0,-236.0,71248
-118.0,-17.0,-236.0,71248
-118.0,-17.0,-236.0,71249
-118.0,-17.0,-236.0,71249
-118.0,-17.0,-236.0,71249
-118.0,-17.0,-236.0,71250
-118.0,-17.0,-236.0,71498
-118.0,-17.0,-236.0,71498
-118.0,-17.0,-236.0,71498
-118.0,-17.0,-236.0,71499
-118.0,-17.0,-236.0,71499
-118.0,-17.0,-236.0,71499
-118.0,-17.0,-236.0,71748
-118.0,-17.0,-236.0,71748
-118.0,-17.0,-236.0,71748
-118.0,-17.0,-236.0,71749
-118.0,-17.0,-236.0,71749
-118.0,-17.0,-236.0,71749
-118.0,-17.0,-236.0,71998
-118.0,-17.0,-236.0,71998
-118.0,-17.0,-236.0,71998
-118.0,-17.0,-236.0,71998
-118.0,-17.0,-236.0,71999
-118.0,-17.0,-236.0,72249
126.0,-246.0,-225.0,72249
126.0,-246.0,-225.0,72250
126.0,-246.0,-225.0,72251
126.0,-246.0,-225.0,72252
126.0,-246.0,-225.0,72253
126.0,-246.0,-225.0,72498
126.0,-246.0,-225.0,72498
126.0,-246.0,-225.0,72498
126.0,-246.0,-225.0,72498
126.0,-246.0,-225.0,72498
126.0,-246.0,-225.0,72749
126.0,-246.0,-225.0,72749
126.0,-246.0,-225.0,72750
126.0,-246.0,-225.0,72751
126.0,-246.0,-225.0,72751
126.0,-246.0,-225.0,72752
126.0,-246.0,-225.0,72998
126.0,-246.0,-225.0,72998
126.0,-246.0,-225.0,72999
126.0,-246.0,-225.0,72999
126.0,-246.0,-225.0,72999
126.0,-246.0,-225.0,72999
126.0,-246.0,-225.0,73248
126.0,-246.0,-225.0,73248
126.0,-246.0,-225.0,73248
126.0,-246.0,-225.0,73248
-123.0,-254.0,-236.0,73248
-123.0,-254.0,-236.0,73249
-123.0,-254.0,-236.0,73497
-123.0,-254.0,-236.0,73497
-123.0,-254.0,-236.0,73498
-123.0,-254.0,-236.0,73498
-123.0,-254.0,-236.0,73498
-123.0,-254.0,-236.0,73498
-123.0,-254.0,-236.0,73748
-123.0,-254.0,-236.0,73748
-123.0,-254.0,-236.0,73748
-123.0,-254.0,-236.0,73748
-123.0,-254.0,-236.0,73748
-123.0,-254.0,-236.0,73999
-123.0,-254.0,-236.0,73999
-123.0,-254.0,-236.0,74000
-123.0,-254.0,-236.0,74000
-123.0,-254.0,-236.0,74000
-123.0,-254.0,-236.0,74000
-123.0,-254.0,-236.0,74247
-123.0,-254.0,-236.0,74247
-123.0,-254.0,-236.0,74247
-123.0,-254.0,-236.0,74248
-123.0,-254.0,-236.0,74248
-123.0,-254.0,-236.0,74498
-123.0,-254.0,-236.0,74499
-123.0,-254.0,-236.0,74500
-123.0,-254.0,-236.0,74501
-110.0,-254.0,-230.0,74501
-110.0,-254.0,-230.0,74501
-110.0,-254.0,-230.0,74747
-110.0,-254.0,-230.0,74747
-110.0,-254.0,-230.0,74748
-110.0,-254.0,-230.0,74748
-110.0,-254.0,-230.0,74748
-110.0,-254.0,-230.0,74748
-110.0,-254.0,-230.0,74998
-110.0,-254.0,-230.0,74998
-110.0,-254.0,-230.0,74998
-110.0,-254.0,-230.0,74998
-110.0,-254.0,-230.0,74998
-110.0,-254.0,-230.0,74999
-110.0,-254.0,-230.0,75247
-110.0,-254.0,-230.0,75247
-110.0,-254.0,-230.0,75247
-110.0,-254.0,-230.0,75247
-110.0,-254.0,-230.0,75248
-110.0,-254.0,-230.0,75499
-110.0,-254.0,-230.0,75499
-110.0,-254.0,-230.0,75499
-110.0,-254.0,-230.0,75500
-110.0,-254.0,-230.0,75500
-110.0,-254.0,-230.0,75500
-128.0,-5.0,-229.0,75747
-128.0,-5.0,-229.0,75747
-128.0,-5.0,-229.0,75748
-128.0,-5.0,-229.0,75748
-128.0,-5.0,-229.0,75748
-128.0,-5.0,-229.0,75998
-128.0,-5.0,-229.0,75998
-128.0,-5.0,-229.0,75999
-128.0,-5.0,-229.0,76000
-128.0,-5.0,-229.0,76001
-128.0,-5.0,-229.0,76249
-128.0,-5.0,-229.0,76249
-128.0,-5.0,-229.0,76249
-128.0,-5.0,-229.0,76250
-128.0,-5.0,-229.0,76250
-128.0,-5.0,-229.0,76251
-128.0,-5.0,-229.0,76497
-128.0,-5.0,-229.0,76497
-128.0,-5.0,-229.0,76498
-128.0,-5.0,-229.0,76498
-128.0,-5.0,-229.0,76498
-128.0,-5.0,-229.0,76747
-128.0,-5.0,-229.0,76747
-128.0,-5.0,-229.0,76748
-128.0,-5.0,-229.0,76748
-128.0,-5.0,-229.0,76748
-128.0,-2.0,-237.0,76998
-128.0,-2.0,-237.0,76998
-128.0,-2.0,-237.0,76998
-128.0,-2.0,-237.0,76998
-128.0,-2.0,-237.0,76998
-128.0,-2.0,-237.0,76998
-128.0,-2.0,-237.0,77248
-128.0,-2.0,-237.0,77248
-128.0,-2.0,-237.0,77248
-128.0,-2.0,-237.0,77249
-128.0,-2.0,-237.0,77249
-128.0,-2.0,-237.0,77249
-128.0,-2.0,-237.0,77498
-128.0,-2.0,-237.0,77499
-128.0,-2.0,-237.0,77499
-128.0,-2.0,-237.0,77500
-128.0,-2.0,-237.0,77500
-128.0,-2.0,-237.0,77500
-128.0,-2.0,-237.0,77748
-128.0,-2.0,-237.0,77749
-128.0,-2.0,-237.0,77749
-128.0,-2.0,-237.0,77749
-128.0,-2.0,-237.0,77750
-128.0,-2.0,-237.0,78000
-128.0,-2.0,-237.0,78000
-128.0,-2.0,-237.0,78001
-128.0,-2.0,-237.0,78001
-120.0,-256.0,-228.0,78002
-120.0,-256.0,-228.0,78002
-120.0,-256.0,-228.0,78249
-120.0,-256.0,-228.0,78249
-120.0,-256.0,-228.0,78249
-120.0,-256.0,-228.0,78250
-120.0,-256.0,-228.0,78497
-120.0,-256.0,-228.0,78497
-120.0,-256.0,-228.0,78497
-120.0,-256.0,-228.0,78497
-120.0,-256.0,-228.0,78497
-120.0,-256.0,-228.0,78497
-120.0,-256.0,-228.0,78747
-120.0,-256.0,-228.0,78747
-120.0,-256.0,-228.0,78747
-120.0,-256.0,-228.0,78747
-120.0,-256.0,-228.0,78748
-120.0,-256.0,-228.0,78748
-120.0,-256.0,-228.0,78997
-120.0,-256.0,-228.0,78998
-120.0,-256.0,-228.0,78998
-120.0,-256.0,-228.0,78998
-120.0,-256.0,-228.0,78998
-120.0,-256.0,-228.0,79257
-120.0,-256.0,-228.0,79257
-123.0,-243.0,-237.0,79257
-123.0,-243.0,-237.0,79257
-123.0,-243.0,-237.0,79257
-123.0,-243.0,-237.0,79257
-123.0,-243.0,-237.0,79499
-123.0,-243.0,-237.0,79500
-123.0,-243.0,-237.0,79500
-123.0,-243.0,-237.0,79501
-123.0,-243.0,-237.0,79503
-123.0,-243.0,-237.0,79503
-123.0,-243.0,-237.0,79748
-123.0,-243.0,-237.0,79748
-123.0,-243.0,-237.0,79749
-123.0,-243.0,-237.0,79749
-123.0,-243.0,-237.0,79749
-123.0,-243.0,-237.0,79750
-123.0,-243.0,-237.0,79997
-123.0,-243.0,-237.0,79997
-123.0,-243.0,-237.0,79998
-123.0,-243.0,-237.0,80004
-123.0,-243.0,-237.0,80005
-123.0,-243.0,-237.0,80247
-123.0,-243.0,-237.0,80247
-123.0,-243.0,-237.0,80247
-123.0,-243.0,-237.0,80247
-123.0,-243.0,-237.0,80248
-123.0,-243.0,-237.0,80248
-123.0,-243.0,-237.0,80502
-128.0,-4.0,-243.0,80502
-128.0,-4.0,-243.0,80503
-128.0,-4.0,-243.0,80503
-128.0,-4.0,-243.0,80503
-128.0,-4.0,-243.0,80503
-128.0,-4.0,-243.0,80746
-128.0,-4.0,-243.0,80746
-128.0,-4.0,-243.0,80746
-128.0,-4.0,-243.0,80746
-128.0,-4.0,-243.0,80747
-128.0,-4.0,-243.0,81104
-128.0,-4.0,-243.0,81110
-128.0,-4.0,-243.0,81114
-128.0,-4.0,-243.0,81116
-128.0,-4.0,-243.0,81117
-128.0,-4.0,-243.0,81270
-128.0,-4.0,-243.0,81270
-128.0,-4.0,-243.0,81271
-128.0,-4.0,-243.0,81276
-128.0,-4.0,-243.0,81278
-128.0,-4.0,-243.0,81514
-128.0,-4.0,-243.0,81523
-128.0,-4.0,-243.0,81527
-128.0,-4.0,-243.0,81530
-128.0,-4.0,-243.0,81531
109.0,-250.0,-245.0,81546
109.0,-250.0,-245.0,81748
109.0,-250.0,-245.0,81749
109.0,-250.0,-245.0,81750
109.0,-250.0,-245.0,81751
109.0,-250.0,-245.0,81752
109.0,-250.0,-245.0,81753
109.0,-250.0,-245.0,81998
109.0,-250.0,-245.0,82000
109.0,-250.0,-245.0,82012
109.0,-250.0,-245.0,82013
109.0,-250.0,-245.0,82013
109.0,-250.0,-245.0,82013
109.0,-250.0,-245.0,82249
109.0,-250.0,-245.0,82250
109.0,-250.0,-245.0,82250
109.0,-250.0,-245.0,82251
109.0,-250.0,-245.0,82251
109.0,-250.0,-245.0,82257
109.0,-250.0,-245.0,82496
109.0,-250.0,-245.0,82497
109.0,-250.0,-245.0,82497
109.0,-250.0,-245.0,82498
109.0,-250.0,-245.0,82748
109.0,-250.0,-245.0,82748
109.0,-250.0,-245.0,82749
123.0,-244.0,-255.0,82750
123.0,-244.0,-255.0,82751
123.0,-244.0,-255.0,82751
123.0,-244.0,-255.0,83036
123.0,-244.0,-255.0,83036
123.0,-244.0,-255.0,83037
123.0,-244.0,-255.0,83037
123.0,-244.0,-255.0,83038
123.0,-244.0,-255.0,83038
123.0,-244.0,-255.0,83247
123.0,-244.0,-255.0,83248
123.0,-244.0,-255.0,83248
123.0,-244.0,-255.0,83249
123.0,-244.0,-255.0,83250
123.0,-244.0,-255.0,83497
123.0,-244.0,-255.0,83497
123.0,-244.0,-255.0,83498
123.0,-244.0,-255.0,83498
123.0,-244.0,-255.0,83498
123.0,-244.0,-255.0,83499
123.0,-244.0,-255.0,83747
123.0,-244.0,-255.0,83748
123.0,-244.0,-255.0,83748
123.0,-244.0,-255.0,83749
123.0,-244.0,-255.0,83749
123.0,-244.0,-255.0,83750
123.0,-244.0,-255.0,83997
-118.0,-246.0,-229.0,83997
-118.0,-246.0,-229.0,83998
-118.0,-246.0,-229.0,83998
-118.0,-246.0,-229.0,83999
-118.0,-246.0,-229.0,83999
-118.0,-246.0,-229.0,84250
-118.0,-246.0,-229.0,84253
-118.0,-246.0,-229.0,84256
-118.0,-246.0,-229.0,84279
-118.0,-246.0,-229.0,84280
-118.0,-246.0,-229.0,84497
-118.0,-246.0,-229.0,84498
-118.0,-246.0,-229.0,84500
-118.0,-246.0,-229.0,84500
-118.0,-246.0,-229.0,84501
-118.0,-246.0,-229.0,84501
-118.0,-246.0,-229.0,84747
-118.0,-246.0,-229.0,84747
-118.0,-246.0,-229.0,84747
-118.0,-246.0,-229.0,84748
-118.0,-246.0,-229.0,84748
-118.0,-246.0,-229.0,84749
-118.0,-246.0,-229.0,84997
-118.0,-246.0,-229.0,84997
-118.0,-246.0,-229.0,84997
-118.0,-246.0,-229.0,84998
122.0,-6.0,-231.0,84998
122.0,-6.0,-231.0,85247
122.0,-6.0,-231.0,85247
122.0,-6.0,-231.0,85248
122.0,-6.0,-231.0,85248
122.0,-6.0,-231.0,85248
122.0,-6.0,-231.0,85497
122.0,-6.0,-231.0,85500
122.0,-6.0,-231.0,85508
122.0,-6.0,-231.0,85508
122.0,-6.0,-231.0,85509
122.0,-6.0,-231.0,85753
122.0,-6.0,-231.0,85753
122.0,-6.0,-231.0,85756
122.0,-6.0,-231.0,85757
122.0,-6.0,-231.0,85757
122.0,-6.0,-231.0,85998
122.0,-6.0,-231.0,86000
122.0,-6.0,-231.0,86001
122.0,-6.0,-231.0,86002
122.0,-6.0,-231.0,86002
122.0,-6.0,-231.0,86247
122.0,-6.0,-231.0,86247
122.0,-6.0,-231.0,86248
122.0,-6.0,-231.0,86248
-121.0,-245.0,-225.0,86249
-121.0,-245.0,-225.0,86249
-121.0,-245.0,-225.0,86497
-121.0,-245.0,-225.0,86498
-121.0,-245.0,-225.0,86498
-121.0,-245.0,-225.0,86499
-121.0,-245.0,-225.0,86499
-121.0,-245.0,-225.0,86500
-121.0,-245.0,-225.0,86746
-121.0,-245.0,-225.0,86746
-121.0,-245.0,-225.0,86747
-121.0,-245.0,-225.0,86747
-121.0,-245.0,-225.0,86747
-121.0,-245.0,-225.0,86996
-121.0,-245.0,-225.0,86997
-121.0,-245.0,-225.0,86997
-121.0,-245.0,-225.0,86997
-121.0,-245.0,-225.0,86998
-121.0,-245.0,-225.0,86999
-121.0,-245.0,-225.0,87247
-121.0,-245.0,-225.0,87248
-121.0,-245.0,-225.0,87248
-121.0,-245.0,-225.0,87249
-121.0,-245.0,-225.0,87249
-121.0,-245.0,-225.0,87250
-121.0,-245.0,-225.0,87496
-121.0,-245.0,-225.0,87496
-110.0,-242.0,-245.0,87497
-110.0,-242.0,-245.0,87498
-110.0,-242.0,-245.0,87498
-110.0,-242.0,-245.0,87746
-110.0,-242.0,-245.0,87747
-110.0,-242.0,-245.0,87748
-110.0,-242.0,-245.0,87749
-110.0,-242.0,-245.0,87749
-110.0,-242.0,-245.0,87996
-110.0,-242.0,-245.0,87996
-110.0,-242.0,-245.0,87996
-110.0,-242.0,-245.0,87997
-110.0,-242.0,-245.0,87998
-110.0,-242.0,-245.0,88246
-110.0,-242.0,-245.0,88246
-110.0,-242.0,-245.0,88246
-110.0,-242.0,-245.0,88247
-110.0,-242.0,-245.0,88247
-110.0,-242.0,-245.0,88496
-110.0,-242.0,-245.0,88496
-110.0,-242.0,-245.0,88496
-110.0,-242.0,-245.0,88497
-110.0,-242.0,-245.0,88497
-110.0,-242.0,-245.0,88497
-110.0,-242.0,-245.0,88747
120.0,-246.0,-214.0,88747
120.0,-246.0,-214.0,88748
120.0,-246.0,-214.0,88749
120.0,-246.0,-214.0,88749
120.0,-246.0,-214.0,88750
120.0,-246.0,-214.0,88996
120.0,-246.0,-214.0,88997
120.0,-246.0,-214.0,88998
120.0,-246.0,-214.0,88999
120.0,-246.0,-214.0,88999
120.0,-246.0,-214.0,89000
120.0,-246.0,-214.0,89248
120.0,-246.0,-214.0,89248
120.0,-246.0,-214.0,89252
120.0,-246.0,-214.0,89254
120.0,-246.0,-214.0,89256
120.0,-246.0,-214.0,89257
120.0,-246.0,-214.0,89495
120.0,-246.0,-214.0,89496
120.0,-246.0,-214.0,89496
120.0,-246.0,-214.0,89497
120.0,-246.0,-214.0,89497
120.0,-246.0,-214.0,89497
120.0,-246.0,-214.0,89746
120.0,-246.0,-214.0,89746
120.0,-246.0,-214.0,89747
-128.0,-237.0,-242.0,89996
-128.0,-237.0,-242.0,89997
-128.0,-237.0,-242.0,89997
-128.0,-237.0,-242.0,89998
-128.0,-237.0,-242.0,89999
-128.0,-237.0,-242.0,89999
-128.0,-237.0,-242.0,90246
-128.0,-237.0,-242.0,90247
