-83.0,-26.0,-30.0,2762
-83.0,-26.0,-30.0,2785
-83.0,-26.0,-30.0,2786
-83.0,-26.0,-30.0,3011
-83.0,-26.0,-30.0,3012
-83.0,-26.0,-30.0,3014
-83.0,-26.0,-30.0,3015
-83.0,-26.0,-30.0,3016
-83.0,-26.0,-30.0,3017
-83.0,-26.0,-30.0,3260
-83.0,-26.0,-30.0,3261
-83.0,-26.0,-30.0,3263
-83.0,-26.0,-30.0,3264
-83.0,-26.0,-30.0,3265
-83.0,-26.0,-30.0,3509
-83.0,-26.0,-30.0,3511
-83.0,-26.0,-30.0,3512
-83.0,-26.0,-30.0,3513
-83.0,-26.0,-30.0,3513
-83.0,-26.0,-30.0,3514
-83.0,-26.0,-30.0,3759
-83.0,-26.0,-30.0,3760
-83.0,-26.0,-30.0,3761
-83.0,-26.0,-30.0,3762
-83.0,-26.0,-30.0,3763
-70.0,-28.0,-22.0,4014
-70.0,-28.0,-22.0,4015
-70.0,-28.0,-22.0,4016
-70.0,-28.0,-22.0,4017
-70.0,-28.0,-22.0,4259
-70.0,-28.0,-22.0,4260
-70.0,-28.0,-22.0,4261
-70.0,-28.0,-22.0,4262
-70.0,-28.0,-22.0,4263
-70.0,-28.0,-22.0,4514
-70.0,-28.0,-22.0,4515
-70.0,-28.0,-22.0,4516
-70.0,-28.0,-22.0,4517
-70.0,-28.0,-22.0,4518
-70.0,-28.0,-22.0,4519
-70.0,-28.0,-22.0,4761
-70.0,-28.0,-22.0,4763
-70.0,-28.0,-22.0,4764
-70.0,-28.0,-22.0,4765
-70.0,-28.0,-22.0,4766
-70.0,-28.0,-22.0,5013
-70.0,-28.0,-22.0,5014
-70.0,-28.0,-22.0,5015
-70.0,-28.0,-22.0,5016
-89.0,-30.0,-2.0,5017
-89.0,-30.0,-2.0,5017
-89.0,-30.0,-2.0,5268
-89.0,-30.0,-2.0,5270
-89.0,-30.0,-2.0,5270
-89.0,-30.0,-2.0,5271
-89.0,-30.0,-2.0,5273
-89.0,-30.0,-2.0,5274
-89.0,-30.0,-2.0,5511
-89.0,-30.0,-2.0,5513
-89.0,-30.0,-2.0,5515
-89.0,-30.0,-2.0,5516
-89.0,-30.0,-2.0,5517
-89.0,-30.0,-2.0,5760
-89.0,-30.0,-2.0,5764
-89.0,-30.0,-2.0,5766
-89.0,-30.0,-2.0,5768
-89.0,-30.0,-2.0,5769
-89.0,-30.0,-2.0,6010
-89.0,-30.0,-2.0,6013
-89.0,-30.0,-2.0,6016
-89.0,-30.0,-2.0,6017
-89.0,-30.0,-2.0,6017
-89.0,-30.0,-2.0,6018
-89.0,-30.0,-2.0,6257
-89.0,-30.0,-2.0,6259
-73.0,-28.0,-11.0,6262
-73.0,-28.0,-11.0,6263
-73.0,-28.0,-11.0,6264
-73.0,-28.0,-11.0,6508
-73.0,-28.0,-11.0,6509
-73.0,-28.0,-11.0,6512
-73.0,-28.0,-11.0,6514
-73.0,-28.0,-11.0,6515
-73.0,-28.0,-11.0,6760
-73.0,-28.0,-11.0,6761
-73.0,-28.0,-11.0,6765
-73.0,-28.0,-11.0,6766
-73.0,-28.0,-11.0,6767
-73.0,-28.0,-11.0,6768
-73.0,-28.0,-11.0,7007
-73.0,-28.0,-11.0,7008
-73.0,-28.0,-11.0,7009
-73.0,-28.0,-11.0,7011
-73.0,-28.0,-11.0,7013
-73.0,-28.0,-11.0,7257
-73.0,-28.0,-11.0,7258
-73.0,-28.0,-11.0,7263
-73.0,-28.0,-11.0,7265
-73.0,-28.0,-11.0,7267
-73.0,-28.0,-11.0,7267
-73.0,-28.0,-11.0,7506
-82.0,-33.0,-12.0,7507
-82.0,-33.0,-12.0,7508
-82.0,-33.0,-12.0,7509
-82.0,-33.0,-12.0,7510
-82.0,-33.0,-12.0,7511
-82.0,-33.0,-12.0,7756
-82.0,-33.0,-12.0,7756
-82.0,-33.0,-12.0,7757
-82.0,-33.0,-12.0,7757
-82.0,-33.0,-12.0,7758
-82.0,-33.0,-12.0,8007
-82.0,-33.0,-12.0,8008
-82.0,-33.0,-12.0,8008
-82.0,-33.0,-12.0,8011
-82.0,-33.0,-12.0,8012
-82.0,-33.0,-12.0,8259
-82.0,-33.0,-12.0,8262
-82.0,-33.0,-12.0,8263
-82.0,-33.0,-12.0,8265
-82.0,-33.0,-12.0,8266
-82.0,-33.0,-12.0,8266
-82.0,-33.0,-12.0,8507
-82.0,-33.0,-12.0,8508
-82.0,-33.0,-12.0,8509
-82.0,-33.0,-12.0,8511
-91.0,-22.0,-252.0,8513
-91.0,-22.0,-252.0,8515
-91.0,-22.0,-252.0,8756
-91.0,-22.0,-252.0,8757
-91.0,-22.0,-252.0,8757
-91.0,-22.0,-252.0,8758
-91.0,-22.0,-252.0,9006
-91.0,-22.0,-252.0,9007
-91.0,-22.0,-252.0,9008
-91.0,-22.0,-252.0,9009
-91.0,-22.0,-252.0,9009
-91.0,-22.0,-252.0,9257
-91.0,-22.0,-252.0,9258
-91.0,-22.0,-252.0,9259
-91.0,-22.0,-252.0,9262
-91.0,-22.0,-252.0,9264
-91.0,-22.0,-252.0,9265
-91.0,-22.0,-252.0,9507
-91.0,-22.0,-252.0,9507
-91.0,-22.0,-252.0,9508
-91.0,-22.0,-252.0,9511
-91.0,-22.0,-252.0,9512
-91.0,-22.0,-252.0,9757
-91.0,-22.0,-252.0,9757
-91.0,-22.0,-252.0,9758
-72.0,-21.0,-6.0,9759
-72.0,-21.0,-6.0,9761
-72.0,-21.0,-6.0,9764
-72.0,-21.0,-6.0,10006
-72.0,-21.0,-6.0,10007
-72.0,-21.0,-6.0,10008
-72.0,-21.0,-6.0,10008
-72.0,-21.0,-6.0,10010
-72.0,-21.0,-6.0,10257
-72.0,-21.0,-6.0,10257
-72.0,-21.0,-6.0,10258
-72.0,-21.0,-6.0,10259
-72.0,-21.0,-6.0,10261
-72.0,-21.0,-6.0,10263
-72.0,-21.0,-6.0,10506
-72.0,-21.0,-6.0,10507
-72.0,-21.0,-6.0,10507
-72.0,-21.0,-6.0,10508
-72.0,-21.0,-6.0,10509
-72.0,-21.0,-6.0,10511
-72.0,-21.0,-6.0,10756
-72.0,-21.0,-6.0,10756
-72.0,-21.0,-6.0,10757
-72.0,-21.0,-6.0,10758
-72.0,-21.0,-6.0,10761
-72.0,-21.0,-6.0,10763
-72.0,-21.0,-6.0,11005
-76.0,-15.0,-24.0,11005
-76.0,-15.0,-24.0,11006
-76.0,-15.0,-24.0,11007
-76.0,-15.0,-24.0,11007
-76.0,-15.0,-24.0,11255
-76.0,-15.0,-24.0,11257
-76.0,-15.0,-24.0,11257
-76.0,-15.0,-24.0,11257
-76.0,-15.0,-24.0,11258
-76.0,-15.0,-24.0,11510
-76.0,-15.0,-24.0,11513
-76.0,-15.0,-24.0,11514
-76.0,-15.0,-24.0,11516
-76.0,-15.0,-24.0,11517
-76.0,-15.0,-24.0,11517
-76.0,-15.0,-24.0,11758
-76.0,-15.0,-24.0,11758
-76.0,-15.0,-24.0,11759
-76.0,-15.0,-24.0,11760
-76.0,-15.0,-24.0,11760
-76.0,-15.0,-24.0,12022
-76.0,-15.0,-24.0,12023
-76.0,-15.0,-24.0,12023
-76.0,-15.0,-24.0,12024
-76.0,-15.0,-24.0,12025
-61.0,-23.0,-13.0,12256
-61.0,-23.0,-13.0,12256
-61.0,-23.0,-13.0,12257
-61.0,-23.0,-13.0,12257
-61.0,-23.0,-13.0,12258
-61.0,-23.0,-13.0,12258
-61.0,-23.0,-13.0,12506
-61.0,-23.0,-13.0,12506
-61.0,-23.0,-13.0,12507
-61.0,-23.0,-13.0,12507
-61.0,-23.0,-13.0,12508
-61.0,-23.0,-13.0,12508
-61.0,-23.0,-13.0,12755
-61.0,-23.0,-13.0,12756
-61.0,-23.0,-13.0,12756
-61.0,-23.0,-13.0,12757
-61.0,-23.0,-13.0,12757
-61.0,-23.0,-13.0,13008
-61.0,-23.0,-13.0,13008
-61.0,-23.0,-13.0,13009
-61.0,-23.0,-13.0,13009
-61.0,-23.0,-13.0,13010
-61.0,-23.0,-13.0,13254
-61.0,-23.0,-13.0,13256
-61.0,-23.0,-13.0,13256
-79.0,-28.0,-9.0,13256
-79.0,-28.0,-9.0,13256
-79.0,-28.0,-9.0,13507
-79.0,-28.0,-9.0,13508
-79.0,-28.0,-9.0,13508
-79.0,-28.0,-9.0,13508
-79.0,-28.0,-9.0,13509
-79.0,-28.0,-9.0,13509
-79.0,-28.0,-9.0,13755
-79.0,-28.0,-9.0,13756
-79.0,-28.0,-9.0,13756
-79.0,-28.0,-9.0,13757
-79.0,-28.0,-9.0,13757
-79.0,-28.0,-9.0,13757
-79.0,-28.0,-9.0,14005
-79.0,-28.0,-9.0,14006
-79.0,-28.0,-9.0,14006
-79.0,-28.0,-9.0,14007
-79.0,-28.0,-9.0,14007
-79.0,-28.0,-9.0,14257
-79.0,-28.0,-9.0,14257
-79.0,-28.0,-9.0,14258
-79.0,-28.0,-9.0,14258
-79.0,-28.0,-9.0,14258
-79.0,-28.0,-9.0,14259
-79.0,-28.0,-9.0,14504
-79.0,-28.0,-9.0,14505
-75.0,-35.0,-15.0,14506
-75.0,-35.0,-15.0,14506
-75.0,-35.0,-15.0,14506
-75.0,-35.0,-15.0,14767
-75.0,-35.0,-15.0,14767
-75.0,-35.0,-15.0,14767
-75.0,-35.0,-15.0,14768
-75.0,-35.0,-15.0,14768
-75.0,-35.0,-15.0,14768
-75.0,-35.0,-15.0,15006
-75.0,-35.0,-15.0,15006
-75.0,-35.0,-15.0,15007
-75.0,-35.0,-15.0,15008
-75.0,-35.0,-15.0,15009
-75.0,-35.0,-15.0,15258
-75.0,-35.0,-15.0,15258
-75.0,-35.0,-15.0,15259
-75.0,-35.0,-15.0,15259
-75.0,-35.0,-15.0,15259
-75.0,-35.0,-15.0,15260
-75.0,-35.0,-15.0,15505
-75.0,-35.0,-15.0,15506
-75.0,-35.0,-15.0,15506
-75.0,-35.0,-15.0,15507
-75.0,-35.0,-15.0,15754
-75.0,-15.0,-251.0,15755
-75.0,-15.0,-251.0,15755
-75.0,-15.0,-251.0,15756
-75.0,-15.0,-251.0,15756
-75.0,-15.0,-251.0,16005
-75.0,-15.0,-251.0,16005
-75.0,-15.0,-251.0,16006
-75.0,-15.0,-251.0,16006
-75.0,-15.0,-251.0,16006
-75.0,-15.0,-251.0,16255
-75.0,-15.0,-251.0,16256
-75.0,-15.0,-251.0,16256
-75.0,-15.0,-251.0,16257
-75.0,-15.0,-251.0,16257
-75.0,-15.0,-251.0,16258
-75.0,-15.0,-251.0,16506
-75.0,-15.0,-251.0,16507
-75.0,-15.0,-251.0,16508
-75.0,-15.0,-251.0,16508
-75.0,-15.0,-251.0,16508
-75.0,-15.0,-251.0,16766
-75.0,-15.0,-251.0,16767
-75.0,-15.0,-251.0,16768
-75.0,-15.0,-251.0,16769
-69.0,-25.0,-18.0,16769
-69.0,-25.0,-18.0,17004
-69.0,-25.0,-18.0,17005
-69.0,-25.0,-18.0,17006
-69.0,-25.0,-18.0,17006
-69.0,-25.0,-18.0,17007
-69.0,-25.0,-18.0,17256
-69.0,-25.0,-18.0,17258
-69.0,-25.0,-18.0,17260
-69.0,-25.0,-18.0,17260
-69.0,-25.0,-18.0,17260
-69.0,-25.0,-18.0,17261
-69.0,-25.0,-18.0,17507
-69.0,-25.0,-18.0,17507
-69.0,-25.0,-18.0,17508
-69.0,-25.0,-18.0,17508
-69.0,-25.0,-18.0,17509
-69.0,-25.0,-18.0,17509
-69.0,-25.0,-18.0,17755
-69.0,-25.0,-18.0,17755
-69.0,-25.0,-18.0,17755
-69.0,-25.0,-18.0,17756
-69.0,-25.0,-18.0,18004
-69.0,-25.0,-18.0,18005
-69.0,-25.0,-18.0,18006
-73.0,-20.0,-29.0,18007
-73.0,-20.0,-29.0,18007
-73.0,-20.0,-29.0,18007
-73.0,-20.0,-29.0,18254
-73.0,-20.0,-29.0,18255
-73.0,-20.0,-29.0,18255
-73.0,-20.0,-29.0,18256
-73.0,-20.0,-29.0,18256
-73.0,-20.0,-29.0,18504
-73.0,-20.0,-29.0,18505
-73.0,-20.0,-29.0,18506
-73.0,-20.0,-29.0,18508
-73.0,-20.0,-29.0,18509
-73.0,-20.0,-29.0,18510
-73.0,-20.0,-29.0,18754
-73.0,-20.0,-29.0,18754
-73.0,-20.0,-29.0,18755
-73.0,-20.0,-29.0,18755
-73.0,-20.0,-29.0,19004
-73.0,-20.0,-29.0,19005
-73.0,-20.0,-29.0,19005
-73.0,-20.0,-29.0,19006
-73.0,-20.0,-29.0,19006
-73.0,-20.0,-29.0,19268
-63.0,-18.0,-16.0,19268
-63.0,-18.0,-16.0,19269
-63.0,-18.0,-16.0,19269
-63.0,-18.0,-16.0,19269
-63.0,-18.0,-16.0,19504
-63.0,-18.0,-16.0,19504
-63.0,-18.0,-16.0,19504
-63.0,-18.0,-16.0,19505
-63.0,-18.0,-16.0,19505
-63.0,-18.0,-16.0,19505
-63.0,-18.0,-16.0,19755
-63.0,-18.0,-16.0,19756
-63.0,-18.0,-16.0,19756
-63.0,-18.0,-16.0,19757
-63.0,-18.0,-16.0,19757
-63.0,-18.0,-16.0,19757
-63.0,-18.0,-16.0,20004
-63.0,-18.0,-16.0,20004
-63.0,-18.0,-16.0,20004
-63.0,-18.0,-16.0,20004
-63.0,-18.0,-16.0,20004
-63.0,-18.0,-16.0,20256
-63.0,-18.0,-16.0,20256
-63.0,-18.0,-16.0,20257
-63.0,-18.0,-16.0,20257
-63.0,-18.0,-16.0,20258
-63.0,-18.0,-16.0,20258
-89.0,-34.0,-21.0,20514
-89.0,-34.0,-21.0,20514
-89.0,-34.0,-21.0,20515
-89.0,-34.0,-21.0,20515
-89.0,-34.0,-21.0,20516
-89.0,-34.0,-21.0,20754
-89.0,-34.0,-21.0,20754
-89.0,-34.0,-21.0,20755
-89.0,-34.0,-21.0,20755
-89.0,-34.0,-21.0,20756
-89.0,-34.0,-21.0,20756
-89.0,-34.0,-21.0,21004
-89.0,-34.0,-21.0,21005
-89.0,-34.0,-21.0,21005
-89.0,-34.0,-21.0,21006
-89.0,-34.0,-21.0,21006
-89.0,-34.0,-21.0,21254
-89.0,-34.0,-21.0,21254
-89.0,-34.0,-21.0,21254
-89.0,-34.0,-21.0,21255
-89.0,-34.0,-21.0,21255
-89.0,-34.0,-21.0,21256
-89.0,-34.0,-21.0,21505
-89.0,-34.0,-21.0,21505
-89.0,-34.0,-21.0,21506
-62.0,-18.0,-14.0,21506
-62.0,-18.0,-14.0,21507
-62.0,-18.0,-14.0,21753
-62.0,-18.0,-14.0,21754
-62.0,-18.0,-14.0,21756
-62.0,-18.0,-14.0,21758
-62.0,-18.0,-14.0,21759
-62.0,-18.0,-14.0,21759
-62.0,-18.0,-14.0,22004
-62.0,-18.0,-14.0,22004
-62.0,-18.0,-14.0,22005
-62.0,-18.0,-14.0,22005
-62.0,-18.0,-14.0,22006
-62.0,-18.0,-14.0,22006
-62.0,-18.0,-14.0,22254
-62.0,-18.0,-14.0,22255
-62.0,-18.0,-14.0,22255
-62.0,-18.0,-14.0,22255
-62.0,-18.0,-14.0,22256
-62.0,-18.0,-14.0,22506
-62.0,-18.0,-14.0,22506
-62.0,-18.0,-14.0,22507
-62.0,-18.0,-14.0,22507
-62.0,-18.0,-14.0,22754
-62.0,-18.0,-14.0,22754
-62.0,-18.0,-14.0,22754
-77.0,-22.0,-6.0,22755
-77.0,-22.0,-6.0,22755
-77.0,-22.0,-6.0,22755
-77.0,-22.0,-6.0,23004
-77.0,-22.0,-6.0,23005
-77.0,-22.0,-6.0,23005
-77.0,-22.0,-6.0,23005
-77.0,-22.0,-6.0,23005
-77.0,-22.0,-6.0,23006
-77.0,-22.0,-6.0,23256
-77.0,-22.0,-6.0,23256
-77.0,-22.0,-6.0,23257
-77.0,-22.0,-6.0,23257
-77.0,-22.0,-6.0,23259
-77.0,-22.0,-6.0,23505
-77.0,-22.0,-6.0,23505
-77.0,-22.0,-6.0,23506
-77.0,-22.0,-6.0,23507
-77.0,-22.0,-6.0,23508
-77.0,-22.0,-6.0,23509
-77.0,-22.0,-6.0,23755
-77.0,-22.0,-6.0,23756
-77.0,-22.0,-6.0,23757
-77.0,-22.0,-6.0,23757
-77.0,-22.0,-6.0,23757
-77.0,-22.0,-6.0,24005
-77.0,-14.0,-11.0,24005
-77.0,-14.0,-11.0,24005
-77.0,-14.0,-11.0,24006
-77.0,-14.0,-11.0,24006
-77.0,-14.0,-11.0,24006
-77.0,-14.0,-11.0,24264
-77.0,-14.0,-11.0,24264
-77.0,-14.0,-11.0,24265
-77.0,-14.0,-11.0,24265
-77.0,-14.0,-11.0,24267
-77.0,-14.0,-11.0,24268
-77.0,-14.0,-11.0,24503
-77.0,-14.0,-11.0,24504
-77.0,-14.0,-11.0,24505
-77.0,-14.0,-11.0,24505
-77.0,-14.0,-11.0,24754
-77.0,-14.0,-11.0,24754
-77.0,-14.0,-11.0,24754
-77.0,-14.0,-11.0,24756
-77.0,-14.0,-11.0,24756
-77.0,-14.0,-11.0,24756
-77.0,-14.0,-11.0,25005
-77.0,-14.0,-11.0,25005
-77.0,-14.0,-11.0,25005
-77.0,-14.0,-11.0,25006
-69.0,-31.0,-9.0,25006
-69.0,-31.0,-9.0,25006
-69.0,-31.0,-9.0,25254
-69.0,-31.0,-9.0,25254
-69.0,-31.0,-9.0,25255
-69.0,-31.0,-9.0,25255
-69.0,-31.0,-9.0,25255
-69.0,-31.0,-9.0,25505
-69.0,-31.0,-9.0,25505
-69.0,-31.0,-9.0,25506
-69.0,-31.0,-9.0,25506
-69.0,-31.0,-9.0,25506
-69.0,-31.0,-9.0,25754
-69.0,-31.0,-9.0,25754
-69.0,-31.0,-9.0,25755
-69.0,-31.0,-9.0,25755
-69.0,-31.0,-9.0,25755
-69.0,-31.0,-9.0,25756
-69.0,-31.0,-9.0,26004
-69.0,-31.0,-9.0,26004
-69.0,-31.0,-9.0,26005
-69.0,-31.0,-9.0,26005
-69.0,-31.0,-9.0,26005
-69.0,-31.0,-9.0,26254
-69.0,-31.0,-9.0,26255
-69.0,-31.0,-9.0,26255
-82.0,-6.0,-7.0,26255
-82.0,-6.0,-7.0,26256
-82.0,-6.0,-7.0,26504
-82.0,-6.0,-7.0,26507
-82.0,-6.0,-7.0,26508
-82.0,-6.0,-7.0,26509
-82.0,-6.0,-7.0,26510
-82.0,-6.0,-7.0,26510
-82.0,-6.0,-7.0,26755
-82.0,-6.0,-7.0,26755
-82.0,-6.0,-7.0,26756
-82.0,-6.0,-7.0,26756
-82.0,-6.0,-7.0,26756
-82.0,-6.0,-7.0,26757
-82.0,-6.0,-7.0,27012
-82.0,-6.0,-7.0,27012
-82.0,-6.0,-7.0,27012
-82.0,-6.0,-7.0,27012
-82.0,-6.0,-7.0,27253
-82.0,-6.0,-7.0,27253
-82.0,-6.0,-7.0,27253
-82.0,-6.0,-7.0,27254
-82.0,-6.0,-7.0,27254
-82.0,-6.0,-7.0,27254
-82.0,-6.0,-7.0,27504
-86.0,-24.0,-42.0,27505
-86.0,-24.0,-42.0,27505
-86.0,-24.0,-42.0,27506
-86.0,-24.0,-42.0,27506
-86.0,-24.0,-42.0,27754
-86.0,-24.0,-42.0,27754
-86.0,-24.0,-42.0,27755
-86.0,-24.0,-42.0,27755
-86.0,-24.0,-42.0,27756
-86.0,-24.0,-42.0,28004
-86.0,-24.0,-42.0,28004
-86.0,-24.0,-42.0,28005
-86.0,-24.0,-42.0,28005
-86.0,-24.0,-42.0,28006
-86.0,-24.0,-42.0,28006
-86.0,-24.0,-42.0,28255
-86.0,-24.0,-42.0,28256
-86.0,-24.0,-42.0,28257
-86.0,-24.0,-42.0,28257
-86.0,-24.0,-42.0,28257
-86.0,-24.0,-42.0,28257
-86.0,-24.0,-42.0,28503
-86.0,-24.0,-42.0,28504
-86.0,-24.0,-42.0,28504
-86.0,-24.0,-42.0,28505
-86.0,-24.0,-42.0,28506
-86.0,-17.0,-23.0,28507
-86.0,-17.0,-23.0,28754
-86.0,-17.0,-23.0,28755
-86.0,-17.0,-23.0,28756
-86.0,-17.0,-23.0,28756
-86.0,-17.0,-23.0,28757
-86.0,-17.0,-23.0,29003
-86.0,-17.0,-23.0,29004
-86.0,-17.0,-23.0,29005
-86.0,-17.0,-23.0,29006
-86.0,-17.0,-23.0,29007
-86.0,-17.0,-23.0,29255
-86.0,-17.0,-23.0,29256
-86.0,-17.0,-23.0,29257
-86.0,-17.0,-23.0,29258
-86.0,-17.0,-23.0,29259
-86.0,-17.0,-23.0,29260
-86.0,-17.0,-23.0,29504
-86.0,-17.0,-23.0,29505
-86.0,-17.0,-23.0,29506
-86.0,-17.0,-23.0,29506
-86.0,-17.0,-23.0,29512
-86.0,-17.0,-23.0,29752
-86.0,-17.0,-23.0,29752
-86.0,-17.0,-23.0,29753
-86.0,-17.0,-23.0,29753
-97.0,-18.0,-254.0,29753
-97.0,-18.0,-254.0,30013
-97.0,-18.0,-254.0,30013
-97.0,-18.0,-254.0,30013
-97.0,-18.0,-254.0,30013
-97.0,-18.0,-254.0,30014
-97.0,-18.0,-254.0,30014
-97.0,-18.0,-254.0,30263
-97.0,-18.0,-254.0,30263
-97.0,-18.0,-254.0,30263
-97.0,-18.0,-254.0,30263
-97.0,-18.0,-254.0,30263
-97.0,-18.0,-254.0,30264
-97.0,-18.0,-254.0,30504
-97.0,-18.0,-254.0,30505
-97.0,-18.0,-254.0,30506
-97.0,-18.0,-254.0,30507
-97.0,-18.0,-254.0,30508
-97.0,-18.0,-254.0,30753
-97.0,-18.0,-254.0,30753
-97.0,-18.0,-254.0,30753
-97.0,-18.0,-254.0,30753
-97.0,-18.0,-254.0,31003
-97.0,-18.0,-254.0,31004
-89.0,-16.0,-13.0,31004
-89.0,-16.0,-13.0,31004
-89.0,-16.0,-13.0,31004
-89.0,-16.0,-13.0,31004
-89.0,-16.0,-13.0,31253
-89.0,-16.0,-13.0,31254
-89.0,-16.0,-13.0,31255
-89.0,-16.0,-13.0,31255
-89.0,-16.0,-13.0,31256
-89.0,-16.0,-13.0,31503
-89.0,-16.0,-13.0,31505
-89.0,-16.0,-13.0,31507
-89.0,-16.0,-13.0,31508
-89.0,-16.0,-13.0,31509
-89.0,-16.0,-13.0,31509
-89.0,-16.0,-13.0,31753
-89.0,-16.0,-13.0,31753
-89.0,-16.0,-13.0,31754
-89.0,-16.0,-13.0,31754
-89.0,-16.0,-13.0,31755
-89.0,-16.0,-13.0,32003
-89.0,-16.0,-13.0,32003
-89.0,-16.0,-13.0,32003
-89.0,-16.0,-13.0,32004
-89.0,-16.0,-13.0,32004
-89.0,-16.0,-13.0,32254
-88.0,-25.0,-17.0,32256
-88.0,-25.0,-17.0,32257
-88.0,-25.0,-17.0,32257
-88.0,-25.0,-17.0,32258
-88.0,-25.0,-17.0,32258
-88.0,-25.0,-17.0,32502
-88.0,-25.0,-17.0,32502
-88.0,-25.0,-17.0,32502
-88.0,-25.0,-17.0,32503
-88.0,-25.0,-17.0,32503
-88.0,-25.0,-17.0,32503
-88.0,-25.0,-17.0,32752
-88.0,-25.0,-17.0,32752
-88.0,-25.0,-17.0,32753
-88.0,-25.0,-17.0,32753
-88.0,-25.0,-17.0,32753
-88.0,-25.0,-17.0,32754
-88.0,-25.0,-17.0,33002
-88.0,-25.0,-17.0,33002
-88.0,-25.0,-17.0,33003
-88.0,-25.0,-17.0,33003
-88.0,-25.0,-17.0,33004
-88.0,-25.0,-17.0,33254
-88.0,-25.0,-17.0,33255
-88.0,-25.0,-17.0,33256
-88.0,-25.0,-17.0,33256
-88.0,-25.0,-17.0,33257
-93.0,-29.0,-8.0,33502
-93.0,-29.0,-8.0,33502
-93.0,-29.0,-8.0,33503
-93.0,-29.0,-8.0,33503
-93.0,-29.0,-8.0,33505
-93.0,-29.0,-8.0,33507
-93.0,-29.0,-8.0,33752
-93.0,-29.0,-8.0,33752
-93.0,-29.0,-8.0,33753
-93.0,-29.0,-8.0,33753
-93.0,-29.0,-8.0,33753
-93.0,-29.0,-8.0,33754
-93.0,-29.0,-8.0,34012
-93.0,-29.0,-8.0,34012
-93.0,-29.0,-8.0,34013
-93.0,-29.0,-8.0,34013
-93.0,-29.0,-8.0,34013
-93.0,-29.0,-8.0,34013
-93.0,-29.0,-8.0,34252
-93.0,-29.0,-8.0,34252
-93.0,-29.0,-8.0,34252
-93.0,-29.0,-8.0,34253
-93.0,-29.0,-8.0,34502
-93.0,-29.0,-8.0,34502
-93.0,-29.0,-8.0,34503
-93.0,-29.0,-8.0,34503
-86.0,-8.0,-27.0,34503
-86.0,-8.0,-27.0,34504
-86.0,-8.0,-27.0,34752
-86.0,-8.0,-27.0,34752
-86.0,-8.0,-27.0,34752
-86.0,-8.0,-27.0,34752
-86.0,-8.0,-27.0,34753
-86.0,-8.0,-27.0,35002
-86.0,-8.0,-27.0,35002
-86.0,-8.0,-27.0,35003
-86.0,-8.0,-27.0,35003
-86.0,-8.0,-27.0,35003
-86.0,-8.0,-27.0,35251
-86.0,-8.0,-27.0,35252
-86.0,-8.0,-27.0,35253
-86.0,-8.0,-27.0,35257
-86.0,-8.0,-27.0,35258
-86.0,-8.0,-27.0,35259
-86.0,-8.0,-27.0,35502
-86.0,-8.0,-27.0,35502
-86.0,-8.0,-27.0,35502
-86.0,-8.0,-27.0,35503
-86.0,-8.0,-27.0,35503
-86.0,-8.0,-27.0,35503
-86.0,-8.0,-27.0,35751
-75.0,-24.0,-11.0,35751
-75.0,-24.0,-11.0,35751
-75.0,-24.0,-11.0,35751
-75.0,-24.0,-11.0,35751
-75.0,-24.0,-11.0,35752
-75.0,-24.0,-11.0,36002
-75.0,-24.0,-11.0,36002
-75.0,-24.0,-11.0,36002
-75.0,-24.0,-11.0,36003
-75.0,-24.0,-11.0,36003
-75.0,-24.0,-11.0,36254
-75.0,-24.0,-11.0,36255
-75.0,-24.0,-11.0,36256
-75.0,-24.0,-11.0,36257
-75.0,-24.0,-11.0,36502
-75.0,-24.0,-11.0,36502
-75.0,-24.0,-11.0,36502
-75.0,-24.0,-11.0,36502
-75.0,-24.0,-11.0,36503
-75.0,-24.0,-11.0,36503
-75.0,-24.0,-11.0,36762
-75.0,-24.0,-11.0,36762
-75.0,-24.0,-11.0,36762
-75.0,-24.0,-11.0,36762
-75.0,-24.0,-11.0,36763
-78.0,-27.0,-12.0,36763
-78.0,-27.0,-12.0,37003
-78.0,-27.0,-12.0,37003
-78.0,-27.0,-12.0,37004
-78.0,-27.0,-12.0,37004
-78.0,-27.0,-12.0,37004
-78.0,-27.0,-12.0,37252
-78.0,-27.0,-12.0,37252
-78.0,-27.0,-12.0,37252
-78.0,-27.0,-12.0,37252
-78.0,-27.0,-12.0,37253
-78.0,-27.0,-12.0,37504
-78.0,-27.0,-12.0,37504
-78.0,-27.0,-12.0,37504
-78.0,-27.0,-12.0,37505
-78.0,-27.0,-12.0,37505
-78.0,-27.0,-12.0,37505
-78.0,-27.0,-12.0,37752
-78.0,-27.0,-12.0,37752
-78.0,-27.0,-12.0,37752
-78.0,-27.0,-12.0,37753
-78.0,-27.0,-12.0,37753
-78.0,-27.0,-12.0,37753
-78.0,-27.0,-12.0,38002
-78.0,-27.0,-12.0,38002
-78.0,-27.0,-12.0,38002
-78.0,-27.0,-12.0,38002
-82.0,-18.0,-40.0,38002
-82.0,-18.0,-40.0,38252
-82.0,-18.0,-40.0,38252
-82.0,-18.0,-40.0,38252
-82.0,-18.0,-40.0,38253
-82.0,-18.0,-40.0,38253
-82.0,-18.0,-40.0,38501
-82.0,-18.0,-40.0,38501
-82.0,-18.0,-40.0,38501
-82.0,-18.0,-40.0,38502
-82.0,-18.0,-40.0,38751
-82.0,-18.0,-40.0,38752
-82.0,-18.0,-40.0,38752
-82.0,-18.0,-40.0,38752
-82.0,-18.0,-40.0,38752
-82.0,-18.0,-40.0,38752
-82.0,-18.0,-40.0,39001
-82.0,-18.0,-40.0,39001
-82.0,-18.0,-40.0,39002
-82.0,-18.0,-40.0,39002
-82.0,-18.0,-40.0,39002
-82.0,-18.0,-40.0,39251
-82.0,-18.0,-40.0,39251
-82.0,-21.0,-19.0,39252
-82.0,-21.0,-19.0,39252
-82.0,-21.0,-19.0,39252
-82.0,-21.0,-19.0,39501
-82.0,-21.0,-19.0,39501
-82.0,-21.0,-19.0,39501
-82.0,-21.0,-19.0,39502
-82.0,-21.0,-19.0,39502
-82.0,-21.0,-19.0,39502
-82.0,-21.0,-19.0,39751
-82.0,-21.0,-19.0,39751
-82.0,-21.0,-19.0,39751
-82.0,-21.0,-19.0,39752
-82.0,-21.0,-19.0,39752
-82.0,-21.0,-19.0,40003
-82.0,-21.0,-19.0,40004
-82.0,-21.0,-19.0,40004
-82.0,-21.0,-19.0,40004
-82.0,-21.0,-19.0,40005
-82.0,-21.0,-19.0,40251
-82.0,-21.0,-19.0,40252
-82.0,-21.0,-19.0,40252
-82.0,-21.0,-19.0,40252
-82.0,-21.0,-19.0,40253
-82.0,-21.0,-19.0,40254
-82.0,-21.0,-19.0,40501
-72.0,-18.0,-24.0,40501
-72.0,-18.0,-24.0,40501
-72.0,-18.0,-24.0,40501
-72.0,-18.0,-24.0,40502
-72.0,-18.0,-24.0,40753
-72.0,-18.0,-24.0,40754
-72.0,-18.0,-24.0,40754
-72.0,-18.0,-24.0,40754
-72.0,-18.0,-24.0,40754
-72.0,-18.0,-24.0,40755
-72.0,-18.0,-24.0,41001
-72.0,-18.0,-24.0,41001
-72.0,-18.0,-24.0,41001
-72.0,-18.0,-24.0,41001
-72.0,-18.0,-24.0,41002
-72.0,-18.0,-24.0,41002
-72.0,-18.0,-24.0,41251
-72.0,-18.0,-24.0,41252
-72.0,-18.0,-24.0,41252
-72.0,-18.0,-24.0,41252
-72.0,-18.0,-24.0,41252
-72.0,-18.0,-24.0,41253
-72.0,-18.0,-24.0,41501
-72.0,-18.0,-24.0,41501
-72.0,-18.0,-24.0,41502
-84.0,-34.0,-10.0,41502
-84.0,-34.0,-10.0,41502
-84.0,-34.0,-10.0,41751
-84.0,-34.0,-10.0,41751
-84.0,-34.0,-10.0,41751
-84.0,-34.0,-10.0,41751
-84.0,-34.0,-10.0,41752
-84.0,-34.0,-10.0,42010
-84.0,-34.0,-10.0,42010
-84.0,-34.0,-10.0,42011
-84.0,-34.0,-10.0,42011
-84.0,-34.0,-10.0,42011
-84.0,-34.0,-10.0,42251
-84.0,-34.0,-10.0,42251
-84.0,-34.0,-10.0,42252
-84.0,-34.0,-10.0,42252
-84.0,-34.0,-10.0,42252
-84.0,-34.0,-10.0,42502
-84.0,-34.0,-10.0,42502
-84.0,-34.0,-10.0,42503
-84.0,-34.0,-10.0,42503
-84.0,-34.0,-10.0,42503
-84.0,-34.0,-10.0,42503
-84.0,-34.0,-10.0,42750
-84.0,-34.0,-10.0,42751
-84.0,-34.0,-10.0,42751
-71.0,-31.0,-21.0,42751
-71.0,-31.0,-21.0,42751
-71.0,-31.0,-21.0,43003
-71.0,-31.0,-21.0,43003
-71.0,-31.0,-21.0,43004
-71.0,-31.0,-21.0,43004
-71.0,-31.0,-21.0,43004
-71.0,-31.0,-21.0,43004
-71.0,-31.0,-21.0,43261
-71.0,-31.0,-21.0,43261
-71.0,-31.0,-21.0,43261
-71.0,-31.0,-21.0,43262
-71.0,-31.0,-21.0,43262
-71.0,-31.0,-21.0,43262
-71.0,-31.0,-21.0,43511
-71.0,-31.0,-21.0,43511
-71.0,-31.0,-21.0,43512
-71.0,-31.0,-21.0,43512
-71.0,-31.0,-21.0,43513
-71.0,-31.0,-21.0,43513
-71.0,-31.0,-21.0,43751
-71.0,-31.0,-21.0,43752
-71.0,-31.0,-21.0,43752
-71.0,-31.0,-21.0,43752
-71.0,-31.0,-21.0,43752
-71.0,-31.0,-21.0,44002
-78.0,-19.0,-17.0,44002
-78.0,-19.0,-17.0,44003
-78.0,-19.0,-17.0,44003
-78.0,-19.0,-17.0,44003
-78.0,-19.0,-17.0,44003
-78.0,-19.0,-17.0,44250
-78.0,-19.0,-17.0,44251
-78.0,-19.0,-17.0,44251
-78.0,-19.0,-17.0,44251
-78.0,-19.0,-17.0,44251
-78.0,-19.0,-17.0,44500
-78.0,-19.0,-17.0,44500
-78.0,-19.0,-17.0,44500
-78.0,-19.0,-17.0,44501
-78.0,-19.0,-17.0,44501
-78.0,-19.0,-17.0,44752
-78.0,-19.0,-17.0,44753
-78.0,-19.0,-17.0,44753
-78.0,-19.0,-17.0,44753
-78.0,-19.0,-17.0,44753
-78.0,-19.0,-17.0,45002
-78.0,-19.0,-17.0,45002
-78.0,-19.0,-17.0,45003
-78.0,-19.0,-17.0,45003
-78.0,-19.0,-17.0,45004
-82.0,-28.0,-4.0,45252
-82.0,-28.0,-4.0,45252
-82.0,-28.0,-4.0,45253
-82.0,-28.0,-4.0,45253
-82.0,-28.0,-4.0,45254
-82.0,-28.0,-4.0,45254
-82.0,-28.0,-4.0,45502
-82.0,-28.0,-4.0,45503
-82.0,-28.0,-4.0,45503
-82.0,-28.0,-4.0,45504
-82.0,-28.0,-4.0,45504
-82.0,-28.0,-4.0,45504
-82.0,-28.0,-4.0,45751
-82.0,-28.0,-4.0,45751
-82.0,-28.0,-4.0,45751
-82.0,-28.0,-4.0,45751
-82.0,-28.0,-4.0,45751
-82.0,-28.0,-4.0,46001
-82.0,-28.0,-4.0,46002
-82.0,-28.0,-4.0,46002
-82.0,-28.0,-4.0,46003
-82.0,-28.0,-4.0,46003
-82.0,-28.0,-4.0,46260
-82.0,-28.0,-4.0,46260
-82.0,-28.0,-4.0,46260
-78.0,-19.0,-13.0,46261
-78.0,-19.0,-13.0,46261
-78.0,-19.0,-13.0,46500
-78.0,-19.0,-13.0,46500
-78.0,-19.0,-13.0,46500
-78.0,-19.0,-13.0,46501
-78.0,-19.0,-13.0,46501
-78.0,-19.0,-13.0,46751
-78.0,-19.0,-13.0,46752
-78.0,-19.0,-13.0,46752
-78.0,-19.0,-13.0,46752
-78.0,-19.0,-13.0,46753
-78.0,-19.0,-13.0,47000
-78.0,-19.0,-13.0,47000
-78.0,-19.0,-13.0,47001
-78.0,-19.0,-13.0,47001
-78.0,-19.0,-13.0,47002
-78.0,-19.0,-13.0,47252
-78.0,-19.0,-13.0,47253
-78.0,-19.0,-13.0,47253
-78.0,-19.0,-13.0,47254
-78.0,-19.0,-13.0,47254
-78.0,-19.0,-13.0,47255
-78.0,-19.0,-13.0,47501
-78.0,-19.0,-13.0,47502
-78.0,-33.0,-1.0,47502
-78.0,-33.0,-1.0,47503
-78.0,-33.0,-1.0,47503
-78.0,-33.0,-1.0,47503
-78.0,-33.0,-1.0,47760
-78.0,-33.0,-1.0,47760
-78.0,-33.0,-1.0,47760
-78.0,-33.0,-1.0,47761
-78.0,-33.0,-1.0,47761
-78.0,-33.0,-1.0,48000
-78.0,-33.0,-1.0,48001
-78.0,-33.0,-1.0,48001
-78.0,-33.0,-1.0,48001
-78.0,-33.0,-1.0,48002
-78.0,-33.0,-1.0,48251
-78.0,-33.0,-1.0,48252
-78.0,-33.0,-1.0,48253
-78.0,-33.0,-1.0,48254
-78.0,-33.0,-1.0,48254
-78.0,-33.0,-1.0,48501
-78.0,-33.0,-1.0,48502
-78.0,-33.0,-1.0,48503
-78.0,-33.0,-1.0,48503
-78.0,-33.0,-1.0,48504
-78.0,-33.0,-1.0,48504
-77.0,-24.0,-240.0,48751
-77.0,-24.0,-240.0,48751
-77.0,-24.0,-240.0,48752
-77.0,-24.0,-240.0,48752
-77.0,-24.0,-240.0,48752
-77.0,-24.0,-240.0,49000
-77.0,-24.0,-240.0,49001
-77.0,-24.0,-240.0,49001
-77.0,-24.0,-240.0,49002
-77.0,-24.0,-240.0,49003
-77.0,-24.0,-240.0,49004
-77.0,-24.0,-240.0,49251
-77.0,-24.0,-240.0,49252
-77.0,-24.0,-240.0,49252
-77.0,-24.0,-240.0,49252
-77.0,-24.0,-240.0,49253
-77.0,-24.0,-240.0,49510
-77.0,-24.0,-240.0,49510
-77.0,-24.0,-240.0,49510
-77.0,-24.0,-240.0,49510
-77.0,-24.0,-240.0,49510
-77.0,-24.0,-240.0,49511
-77.0,-24.0,-240.0,49749
-77.0,-24.0,-240.0,49749
-77.0,-24.0,-240.0,49749
-77.0,-24.0,-240.0,49750
-78.0,-46.0,-246.0,49750
-78.0,-46.0,-246.0,50002
-78.0,-46.0,-246.0,50002
-78.0,-46.0,-246.0,50003
-78.0,-46.0,-246.0,50003
-78.0,-46.0,-246.0,50251
-78.0,-46.0,-246.0,50251
-78.0,-46.0,-246.0,50252
-78.0,-46.0,-246.0,50252
-78.0,-46.0,-246.0,50253
-78.0,-46.0,-246.0,50500
-78.0,-46.0,-246.0,50501
-78.0,-46.0,-246.0,50502
-78.0,-46.0,-246.0,50503
-78.0,-46.0,-246.0,50503
-78.0,-46.0,-246.0,50504
-78.0,-46.0,-246.0,50751
-78.0,-46.0,-246.0,50752
-78.0,-46.0,-246.0,50752
-78.0,-46.0,-246.0,50752
-78.0,-46.0,-246.0,50753
-78.0,-46.0,-246.0,50999
-78.0,-46.0,-246.0,51000
-75.0,-26.0,-249.0,51000
-75.0,-26.0,-249.0,51000
-75.0,-26.0,-249.0,51001
-75.0,-26.0,-249.0,51251
-75.0,-26.0,-249.0,51252
-75.0,-26.0,-249.0,51253
-75.0,-26.0,-249.0,51253
-75.0,-26.0,-249.0,51254
-75.0,-26.0,-249.0,51502
-75.0,-26.0,-249.0,51502
-75.0,-26.0,-249.0,51503
-75.0,-26.0,-249.0,51503
-75.0,-26.0,-249.0,51503
-75.0,-26.0,-249.0,51749
-75.0,-26.0,-249.0,51750
-75.0,-26.0,-249.0,51750
-75.0,-26.0,-249.0,51750
-75.0,-26.0,-249.0,51751
-75.0,-26.0,-249.0,51999
-75.0,-26.0,-249.0,51999
-75.0,-26.0,-249.0,51999
-75.0,-26.0,-249.0,52000
-75.0,-26.0,-249.0,52000
-75.0,-26.0,-249.0,52001
-75.0,-26.0,-249.0,52251
-66.0,-20.0,-21.0,52252
-66.0,-20.0,-21.0,52252
-66.0,-20.0,-21.0,52253
-66.0,-20.0,-21.0,52253
-66.0,-20.0,-21.0,52254
-66.0,-20.0,-21.0,52499
-66.0,-20.0,-21.0,52500
-66.0,-20.0,-21.0,52500
-66.0,-20.0,-21.0,52500
-66.0,-20.0,-21.0,52500
-66.0,-20.0,-21.0,52749
-66.0,-20.0,-21.0,52750
-66.0,-20.0,-21.0,52750
-66.0,-20.0,-21.0,52751
-66.0,-20.0,-21.0,52752
-66.0,-20.0,-21.0,53001
-66.0,-20.0,-21.0,53002
-66.0,-20.0,-21.0,53003
-66.0,-20.0,-21.0,53003
-66.0,-20.0,-21.0,53003
-66.0,-20.0,-21.0,53003
-66.0,-20.0,-21.0,53249
-66.0,-20.0,-21.0,53249
-66.0,-20.0,-21.0,53251
-66.0,-20.0,-21.0,53252
-75.0,-24.0,-256.0,53253
-75.0,-24.0,-256.0,53500
-75.0,-24.0,-256.0,53501
-75.0,-24.0,-256.0,53502
-75.0,-24.0,-256.0,53503
-75.0,-24.0,-256.0,53759
-75.0,-24.0,-256.0,53759
-75.0,-24.0,-256.0,53759
-75.0,-24.0,-256.0,53760
-75.0,-24.0,-256.0,53760
-75.0,-24.0,-256.0,53760
-75.0,-24.0,-256.0,53999
-75.0,-24.0,-256.0,53999
-75.0,-24.0,-256.0,54000
-75.0,-24.0,-256.0,54000
-75.0,-24.0,-256.0,54000
-75.0,-24.0,-256.0,54249
-75.0,-24.0,-256.0,54250
-75.0,-24.0,-256.0,54254
-75.0,-24.0,-256.0,54254
-75.0,-24.0,-256.0,54255
-75.0,-24.0,-256.0,54500
-75.0,-24.0,-256.0,54500
-75.0,-24.0,-256.0,54501
-75.0,-24.0,-256.0,54502
-85.0,-19.0,-245.0,54504
-85.0,-19.0,-245.0,54504
-85.0,-19.0,-245.0,54749
-85.0,-19.0,-245.0,54749
-85.0,-19.0,-245.0,54750
-85.0,-19.0,-245.0,54750
-85.0,-19.0,-245.0,54750
-85.0,-19.0,-245.0,54750
-85.0,-19.0,-245.0,54999
-85.0,-19.0,-245.0,54999
-85.0,-19.0,-245.0,55000
-85.0,-19.0,-245.0,55000
-85.0,-19.0,-245.0,55000
-85.0,-19.0,-245.0,55000
-85.0,-19.0,-245.0,55249
-85.0,-19.0,-245.0,55249
-85.0,-19.0,-245.0,55249
-85.0,-19.0,-245.0,55250
-85.0,-19.0,-245.0,55250
-85.0,-19.0,-245.0,55499
-85.0,-19.0,-245.0,55499
-85.0,-19.0,-245.0,55499
-85.0,-19.0,-245.0,55500
-85.0,-19.0,-245.0,55500
-85.0,-19.0,-245.0,55500
-85.0,-19.0,-245.0,55749
-85.0,-19.0,-245.0,55749
-87.0,-7.0,-5.0,55749
-87.0,-7.0,-5.0,55749
-87.0,-7.0,-5.0,55749
-87.0,-7.0,-5.0,56001
-87.0,-7.0,-5.0,56002
-87.0,-7.0,-5.0,56002
-87.0,-7.0,-5.0,56003
-87.0,-7.0,-5.0,56003
-87.0,-7.0,-5.0,56003
-87.0,-7.0,-5.0,56249
-87.0,-7.0,-5.0,56249
-87.0,-7.0,-5.0,56249
-87.0,-7.0,-5.0,56250
-87.0,-7.0,-5.0,56250
-87.0,-7.0,-5.0,56499
-87.0,-7.0,-5.0,56499
-87.0,-7.0,-5.0,56499
-87.0,-7.0,-5.0,56500
-87.0,-7.0,-5.0,56500
-87.0,-7.0,-5.0,56500
-87.0,-7.0,-5.0,56749
-87.0,-7.0,-5.0,56749
-87.0,-7.0,-5.0,56749
-87.0,-7.0,-5.0,56750
-87.0,-7.0,-5.0,56750
-70.0,-17.0,-2.0,56999
-70.0,-17.0,-2.0,57011
-70.0,-17.0,-2.0,57011
-70.0,-17.0,-2.0,57011
-70.0,-17.0,-2.0,57011
-70.0,-17.0,-2.0,57250
-70.0,-17.0,-2.0,57250
-70.0,-17.0,-2.0,57250
-70.0,-17.0,-2.0,57250
-70.0,-17.0,-2.0,57251
-70.0,-17.0,-2.0,57251
-70.0,-17.0,-2.0,57499
-70.0,-17.0,-2.0,57499
-70.0,-17.0,-2.0,57499
-70.0,-17.0,-2.0,57499
-70.0,-17.0,-2.0,57499
-70.0,-17.0,-2.0,57500
-70.0,-17.0,-2.0,57749
-70.0,-17.0,-2.0,57750
-70.0,-17.0,-2.0,57750
-70.0,-17.0,-2.0,57750
-70.0,-17.0,-2.0,57999
-70.0,-17.0,-2.0,57999
-70.0,-17.0,-2.0,57999
-70.0,-17.0,-2.0,57999
-79.0,-19.0,-9.0,57999
-79.0,-19.0,-9.0,58000
-79.0,-19.0,-9.0,58248
-79.0,-19.0,-9.0,58248
-79.0,-19.0,-9.0,58248
-79.0,-19.0,-9.0,58248
-79.0,-19.0,-9.0,58248
-79.0,-19.0,-9.0,58500
-79.0,-19.0,-9.0,58500
-79.0,-19.0,-9.0,58501
-79.0,-19.0,-9.0,58501
-79.0,-19.0,-9.0,58501
-79.0,-19.0,-9.0,58750
-79.0,-19.0,-9.0,58750
-79.0,-19.0,-9.0,58751
-79.0,-19.0,-9.0,58751
-79.0,-19.0,-9.0,58751
-79.0,-19.0,-9.0,58751
-79.0,-19.0,-9.0,58999
-79.0,-19.0,-9.0,58999
-79.0,-19.0,-9.0,58999
-79.0,-19.0,-9.0,58999
-79.0,-19.0,-9.0,58999
-79.0,-19.0,-9.0,59250
-79.0,-19.0,-9.0,59251
-79.0,-19.0,-9.0,59251
-87.0,-22.0,-19.0,59251
-87.0,-22.0,-19.0,59251
-87.0,-22.0,-19.0,59252
-87.0,-22.0,-19.0,59498
-87.0,-22.0,-19.0,59499
-87.0,-22.0,-19.0,59499
-87.0,-22.0,-19.0,59499
-87.0,-22.0,-19.0,59499
-87.0,-22.0,-19.0,59748
-87.0,-22.0,-19.0,59749
-87.0,-22.0,-19.0,59749
-87.0,-22.0,-19.0,59749
-87.0,-22.0,-19.0,59749
-87.0,-22.0,-19.0,59749
-87.0,-22.0,-19.0,59998
-87.0,-22.0,-19.0,59998
-87.0,-22.0,-19.0,59999
-87.0,-22.0,-19.0,59999
-87.0,-22.0,-19.0,59999
-87.0,-22.0,-19.0,60249
-87.0,-22.0,-19.0,60250
-87.0,-22.0,-19.0,60250
-87.0,-22.0,-19.0,60250
-87.0,-22.0,-19.0,60250
-87.0,-22.0,-19.0,60498
-83.0,-14.0,-42.0,60498
-83.0,-14.0,-42.0,60499
-83.0,-14.0,-42.0,60499
-83.0,-14.0,-42.0,60499
-83.0,-14.0,-42.0,60750
-83.0,-14.0,-42.0,60750
-83.0,-14.0,-42.0,60750
-83.0,-14.0,-42.0,60750
-83.0,-14.0,-42.0,60751
-83.0,-14.0,-42.0,60751
-83.0,-14.0,-42.0,60999
-83.0,-14.0,-42.0,60999
-83.0,-14.0,-42.0,60999
-83.0,-14.0,-42.0,60999
-83.0,-14.0,-42.0,61000
-83.0,-14.0,-42.0,61000
-83.0,-14.0,-42.0,61259
-83.0,-14.0,-42.0,61259
-83.0,-14.0,-42.0,61260
-83.0,-14.0,-42.0,61260
-83.0,-14.0,-42.0,61260
-83.0,-14.0,-42.0,61260
-83.0,-14.0,-42.0,61500
-83.0,-14.0,-42.0,61501
-83.0,-14.0,-42.0,61501
-79.0,-30.0,-2.0,61501
-79.0,-30.0,-2.0,61748
-79.0,-30.0,-2.0,61749
-79.0,-30.0,-2.0,61749
-79.0,-30.0,-2.0,61749
-79.0,-30.0,-2.0,61749
-79.0,-30.0,-2.0,61998
-79.0,-30.0,-2.0,61998
-79.0,-30.0,-2.0,61999
-79.0,-30.0,-2.0,61999
-79.0,-30.0,-2.0,62000
-79.0,-30.0,-2.0,62001
-79.0,-30.0,-2.0,62249
-79.0,-30.0,-2.0,62249
-79.0,-30.0,-2.0,62250
-79.0,-30.0,-2.0,62250
-79.0,-30.0,-2.0,62250
-79.0,-30.0,-2.0,62497
-79.0,-30.0,-2.0,62498
-79.0,-30.0,-2.0,62498
-79.0,-30.0,-2.0,62498
-79.0,-30.0,-2.0,62499
-79.0,-30.0,-2.0,62748
-79.0,-30.0,-2.0,62748
-79.0,-30.0,-2.0,62748
-84.0,-31.0,-48.0,62748
-84.0,-31.0,-48.0,62748
-84.0,-31.0,-48.0,62999
-84.0,-31.0,-48.0,62999
-84.0,-31.0,-48.0,62999
-84.0,-31.0,-48.0,62999
-84.0,-31.0,-48.0,62999
-84.0,-31.0,-48.0,63000
-84.0,-31.0,-48.0,63249
-84.0,-31.0,-48.0,63249
-84.0,-31.0,-48.0,63249
-84.0,-31.0,-48.0,63250
-84.0,-31.0,-48.0,63250
-84.0,-31.0,-48.0,63250
-84.0,-31.0,-48.0,63498
-84.0,-31.0,-48.0,63498
-84.0,-31.0,-48.0,63498
-84.0,-31.0,-48.0,63498
-84.0,-31.0,-48.0,63498
-84.0,-31.0,-48.0,63747
-84.0,-31.0,-48.0,63748
-84.0,-31.0,-48.0,63748
-84.0,-31.0,-48.0,63748
-84.0,-31.0,-48.0,63748
-84.0,-31.0,-48.0,63999
-84.0,-31.0,-48.0,64000
-63.0,-28.0,-2.0,64000
-63.0,-28.0,-2.0,64000
-63.0,-28.0,-2.0,64001
-63.0,-28.0,-2.0,64001
-63.0,-28.0,-2.0,64249
-63.0,-28.0,-2.0,64249
-63.0,-28.0,-2.0,64250
-63.0,-28.0,-2.0,64250
-63.0,-28.0,-2.0,64250
-63.0,-28.0,-2.0,64250
-63.0,-28.0,-2.0,64499
-63.0,-28.0,-2.0,64499
-63.0,-28.0,-2.0,64500
-63.0,-28.0,-2.0,64500
-63.0,-28.0,-2.0,64500
-63.0,-28.0,-2.0,64747
-63.0,-28.0,-2.0,64747
-63.0,-28.0,-2.0,64748
-63.0,-28.0,-2.0,64748
-63.0,-28.0,-2.0,64748
-63.0,-28.0,-2.0,64748
-63.0,-28.0,-2.0,64997
-63.0,-28.0,-2.0,64998
-63.0,-28.0,-2.0,64998
-63.0,-28.0,-2.0,64998
-63.0,-28.0,-2.0,64998
-63.0,-28.0,-2.0,64999
-69.0,-36.0,-18.0,65247
-69.0,-36.0,-18.0,65247
-69.0,-36.0,-18.0,65248
-69.0,-36.0,-18.0,65248
-69.0,-36.0,-18.0,65248
-69.0,-36.0,-18.0,65497
-69.0,-36.0,-18.0,65497
-69.0,-36.0,-18.0,65497
-69.0,-36.0,-18.0,65498
-69.0,-36.0,-18.0,65748
-69.0,-36.0,-18.0,65748
-69.0,-36.0,-18.0,65748
-69.0,-36.0,-18.0,65748
-69.0,-36.0,-18.0,65748
-69.0,-36.0,-18.0,65748
-69.0,-36.0,-18.0,65997
-69.0,-36.0,-18.0,65997
-69.0,-36.0,-18.0,65998
-69.0,-36.0,-18.0,65998
-69.0,-36.0,-18.0,65998
-69.0,-36.0,-18.0,65998
-69.0,-36.0,-18.0,66248
-69.0,-36.0,-18.0,66248
-69.0,-36.0,-18.0,66248
-69.0,-36.0,-18.0,66249
-63.0,-11.0,-252.0,66249
-63.0,-11.0,-252.0,66249
-63.0,-11.0,-252.0,66497
-63.0,-11.0,-252.0,66497
-63.0,-11.0,-252.0,66497
-63.0,-11.0,-252.0,66497
-63.0,-11.0,-252.0,66498
-63.0,-11.0,-252.0,66748
-63.0,-11.0,-252.0,66749
-63.0,-11.0,-252.0,66750
-63.0,-11.0,-252.0,66750
-63.0,-11.0,-252.0,66751
-63.0,-11.0,-252.0,66997
-63.0,-11.0,-252.0,66997
-63.0,-11.0,-252.0,66998
-63.0,-11.0,-252.0,66998
-63.0,-11.0,-252.0,66998
-63.0,-11.0,-252.0,67249
-63.0,-11.0,-252.0,67249
-63.0,-11.0,-252.0,67250
-63.0,-11.0,-252.0,67251
-63.0,-11.0,-252.0,67252
-63.0,-11.0,-252.0,67497
-63.0,-11.0,-252.0,67498
-87.0,-21.0,-19.0,67498
-87.0,-21.0,-19.0,67499
-87.0,-21.0,-19.0,67500
-87.0,-21.0,-19.0,67501
-87.0,-21.0,-19.0,67748
-87.0,-21.0,-19.0,67748
-87.0,-21.0,-19.0,67749
-87.0,-21.0,-19.0,67749
-87.0,-21.0,-19.0,67749
-87.0,-21.0,-19.0,67998
-87.0,-21.0,-19.0,67999
-87.0,-21.0,-19.0,68000
-87.0,-21.0,-19.0,68000
-87.0,-21.0,-19.0,68001
-87.0,-21.0,-19.0,68248
-87.0,-21.0,-19.0,68249
-87.0,-21.0,-19.0,68250
-87.0,-21.0,-19.0,68250
-87.0,-21.0,-19.0,68497
-87.0,-21.0,-19.0,68497
-87.0,-21.0,-19.0,68497
-87.0,-21.0,-19.0,68498
-87.0,-21.0,-19.0,68498
-87.0,-21.0,-19.0,68498
-75.0,-29.0,-10.0,68748
-75.0,-29.0,-10.0,68748
-75.0,-29.0,-10.0,68749
-75.0,-29.0,-10.0,68749
-75.0,-29.0,-10.0,68749
-75.0,-29.0,-10.0,68997
-75.0,-29.0,-10.0,68997
-75.0,-29.0,-10.0,68997
-75.0,-29.0,-10.0,68998
-75.0,-29.0,-10.0,68998
-75.0,-29.0,-10.0,69248
-75.0,-29.0,-10.0,69249
-75.0,-29.0,-10.0,69249
-75.0,-29.0,-10.0,69250
-75.0,-29.0,-10.0,69250
-75.0,-29.0,-10.0,69251
-75.0,-29.0,-10.0,69498
-75.0,-29.0,-10.0,69498
-75.0,-29.0,-10.0,69499
-75.0,-29.0,-10.0,69499
-75.0,-29.0,-10.0,69499
-75.0,-29.0,-10.0,69749
-75.0,-29.0,-10.0,69750
-75.0,-29.0,-10.0,69750
-75.0,-29.0,-10.0,69750
-75.0,-29.0,-10.0,69750
-73.0,-17.0,-231.0,69996
-73.0,-17.0,-231.0,69997
-73.0,-17.0,-231.0,69997
-73.0,-17.0,-231.0,69997
-73.0,-17.0,-231.0,69997
-73.0,-17.0,-231.0,70249
-73.0,-17.0,-231.0,70249
-73.0,-17.0,-231.0,70250
-73.0,-17.0,-231.0,70251
-73.0,-17.0,-231.0,70252
-73.0,-17.0,-231.0,70252
-73.0,-17.0,-231.0,70498
-73.0,-17.0,-231.0,70498
-73.0,-17.0,-231.0,70498
-73.0,-17.0,-231.0,70498
-73.0,-17.0,-231.0,70499
-73.0,-17.0,-231.0,70499
-73.0,-17.0,-231.0,70748
-73.0,-17.0,-231.0,70748
-73.0,-17.0,-231.0,70749
-73.0,-17.0,-231.0,70749
-73.0,-17.0,-231.0,70749
-73.0,-17.0,-231.0,70998
-73.0,-17.0,-231.0,70999
-73.0,-17.0,-231.0,71000
-84.0,-25.0,-235.0,71000
-84.0,-25.0,-235.0,71001
-84.0,-25.0,-235.0,71247
-84.0,-25.0,-235.0,71248
-84.0,-25.0,-235.0,71250
-84.0,-25.0,-235.0,71250
-84.0,-25.0,-235.0,71251
-84.0,-25.0,-235.0,71251
-84.0,-25.0,-235.0,71497
-84.0,-25.0,-235.0,71498
-84.0,-25.0,-235.0,71498
-84.0,-25.0,-235.0,71499
-84.0,-25.0,-235.0,71499
-84.0,-25.0,-235.0,71499
-84.0,-25.0,-235.0,71747
-84.0,-25.0,-235.0,71747
-84.0,-25.0,-235.0,71748
-84.0,-25.0,-235.0,71748
-84.0,-25.0,-235.0,71749
-84.0,-25.0,-235.0,71997
-84.0,-25.0,-235.0,71997
-84.0,-25.0,-235.0,71997
-84.0,-25.0,-235.0,71998
-84.0,-25.0,-235.0,71998
-84.0,-25.0,-235.0,72248
-84.0,-25.0,-235.0,72249
-78.0,-31.0,-254.0,72250
-78.0,-31.0,-254.0,72250
-78.0,-31.0,-254.0,72259
-78.0,-31.0,-254.0,72497
-78.0,-31.0,-254.0,72498
-78.0,-31.0,-254.0,72498
-78.0,-31.0,-254.0,72498
-78.0,-31.0,-254.0,72498
-78.0,-31.0,-254.0,72498
-78.0,-31.0,-254.0,72747
-78.0,-31.0,-254.0,72748
-78.0,-31.0,-254.0,72748
-78.0,-31.0,-254.0,72749
-78.0,-31.0,-254.0,72749
-78.0,-31.0,-254.0,72749
-78.0,-31.0,-254.0,72997
-78.0,-31.0,-254.0,72997
-78.0,-31.0,-254.0,72998
-78.0,-31.0,-254.0,72998
-78.0,-31.0,-254.0,73256
-78.0,-31.0,-254.0,73256
-78.0,-31.0,-254.0,73257
-78.0,-31.0,-254.0,73258
-78.0,-31.0,-254.0,73258
-78.0,-31.0,-254.0,73259
-67.0,-23.0,-235.0,73496
-67.0,-23.0,-235.0,73497
-67.0,-23.0,-235.0,73497
-67.0,-23.0,-235.0,73498
-67.0,-23.0,-235.0,73498
-67.0,-23.0,-235.0,73746
-67.0,-23.0,-235.0,73746
-67.0,-23.0,-235.0,73747
-67.0,-23.0,-235.0,73747
-67.0,-23.0,-235.0,73996
-67.0,-23.0,-235.0,73997
-67.0,-23.0,-235.0,73997
-67.0,-23.0,-235.0,73997
-67.0,-23.0,-235.0,73997
-67.0,-23.0,-235.0,74248
-67.0,-23.0,-235.0,74249
-67.0,-23.0,-235.0,74249
-67.0,-23.0,-235.0,74250
-67.0,-23.0,-235.0,74250
-67.0,-23.0,-235.0,74498
-67.0,-23.0,-235.0,74499
-67.0,-23.0,-235.0,74500
-67.0,-23.0,-235.0,74500
-67.0,-23.0,-235.0,74500
-60.0,-17.0,-3.0,74501
-60.0,-17.0,-3.0,74747
-60.0,-17.0,-3.0,74747
-60.0,-17.0,-3.0,74748
-60.0,-17.0,-3.0,74748
-60.0,-17.0,-3.0,74749
-60.0,-17.0,-3.0,74749
-60.0,-17.0,-3.0,74996
-60.0,-17.0,-3.0,74997
-60.0,-17.0,-3.0,74997
-60.0,-17.0,-3.0,74998
-60.0,-17.0,-3.0,74998
-60.0,-17.0,-3.0,75248
-60.0,-17.0,-3.0,75249
-60.0,-17.0,-3.0,75250
-60.0,-17.0,-3.0,75250
-60.0,-17.0,-3.0,75251
-60.0,-17.0,-3.0,75251
-60.0,-17.0,-3.0,75496
-60.0,-17.0,-3.0,75496
-60.0,-17.0,-3.0,75497
-60.0,-17.0,-3.0,75497
-60.0,-17.0,-3.0,75498
-60.0,-17.0,-3.0,75746
-60.0,-17.0,-3.0,75746
-60.0,-17.0,-3.0,75747
-66.0,-23.0,-14.0,75747
-66.0,-23.0,-14.0,75748
-66.0,-23.0,-14.0,75748
-66.0,-23.0,-14.0,75996
-66.0,-23.0,-14.0,75996
-66.0,-23.0,-14.0,75996
-66.0,-23.0,-14.0,75997
-66.0,-23.0,-14.0,75998
-66.0,-23.0,-14.0,75998
-66.0,-23.0,-14.0,76246
-66.0,-23.0,-14.0,76246
-66.0,-23.0,-14.0,76247
-66.0,-23.0,-14.0,76247
-66.0,-23.0,-14.0,76248
-66.0,-23.0,-14.0,76498
-66.0,-23.0,-14.0,76499
-66.0,-23.0,-14.0,76500
-66.0,-23.0,-14.0,76500
-66.0,-23.0,-14.0,76501
-66.0,-23.0,-14.0,76748
-66.0,-23.0,-14.0,76748
-66.0,-23.0,-14.0,76749
-66.0,-23.0,-14.0,76749
-66.0,-23.0,-14.0,76749
-66.0,-23.0,-14.0,76749
-83.0,-26.0,-26.0,76996
-83.0,-26.0,-26.0,76996
-83.0,-26.0,-26.0,76996
-83.0,-26.0,-26.0,76997
-83.0,-26.0,-26.0,76997
-83.0,-26.0,-26.0,77247
-83.0,-26.0,-26.0,77247
-83.0,-26.0,-26.0,77248
-83.0,-26.0,-26.0,77248
-83.0,-26.0,-26.0,77496
-83.0,-26.0,-26.0,77496
-83.0,-26.0,-26.0,77496
-83.0,-26.0,-26.0,77496
-83.0,-26.0,-26.0,77497
-83.0,-26.0,-26.0,77497
-83.0,-26.0,-26.0,77746
-83.0,-26.0,-26.0,77746
-83.0,-26.0,-26.0,77747
-83.0,-26.0,-26.0,77747
-83.0,-26.0,-26.0,77747
-83.0,-26.0,-26.0,77997
-83.0,-26.0,-26.0,77998
-83.0,-26.0,-26.0,77998
-83.0,-26.0,-26.0,77998
-83.0,-26.0,-26.0,77998
-83.0,-26.0,-26.0,77998
-72.0,-29.0,-12.0,78246
-72.0,-29.0,-12.0,78246
-72.0,-29.0,-12.0,78246
-72.0,-29.0,-12.0,78246
-72.0,-29.0,-12.0,78247
-72.0,-29.0,-12.0,78247
-72.0,-29.0,-12.0,78495
-72.0,-29.0,-12.0,78495
-72.0,-29.0,-12.0,78495
-72.0,-29.0,-12.0,78495
-72.0,-29.0,-12.0,78495
-72.0,-29.0,-12.0,78747
-72.0,-29.0,-12.0,78747
-72.0,-29.0,-12.0,78747
-72.0,-29.0,-12.0,78747
-72.0,-29.0,-12.0,78748
-72.0,-29.0,-12.0,78996
-72.0,-29.0,-12.0,78996
-72.0,-29.0,-12.0,78997
-72.0,-29.0,-12.0,78997
-72.0,-29.0,-12.0,78998
-72.0,-29.0,-12.0,79256
-72.0,-29.0,-12.0,79256
-72.0,-29.0,-12.0,79257
-72.0,-29.0,-12.0,79257
-87.0,-15.0,-14.0,79257
-87.0,-15.0,-14.0,79257
-87.0,-15.0,-14.0,79496
-87.0,-15.0,-14.0,79496
-87.0,-15.0,-14.0,79497
-87.0,-15.0,-14.0,79497
-87.0,-15.0,-14.0,79498
-87.0,-15.0,-14.0,79499
-87.0,-15.0,-14.0,79746
-87.0,-15.0,-14.0,79746
-87.0,-15.0,-14.0,79746
-87.0,-15.0,-14.0,79746
-87.0,-15.0,-14.0,79746
-87.0,-15.0,-14.0,79747
-87.0,-15.0,-14.0,79996
-87.0,-15.0,-14.0,79996
-87.0,-15.0,-14.0,79996
-87.0,-15.0,-14.0,79997
-87.0,-15.0,-14.0,80246
-87.0,-15.0,-14.0,80246
-87.0,-15.0,-14.0,80246
-87.0,-15.0,-14.0,80246
-87.0,-15.0,-14.0,80246
-87.0,-15.0,-14.0,80247
-87.0,-15.0,-14.0,80496
-87.0,-15.0,-14.0,80496
-76.0,-21.0,-20.0,80496
-76.0,-21.0,-20.0,80496
-76.0,-21.0,-20.0,80496
-76.0,-21.0,-20.0,80747
-76.0,-21.0,-20.0,80747
-76.0,-21.0,-20.0,80747
-76.0,-21.0,-20.0,80748
-76.0,-21.0,-20.0,80748
-76.0,-21.0,-20.0,80748
-76.0,-21.0,-20.0,80995
-76.0,-21.0,-20.0,80996
-76.0,-21.0,-20.0,80996
-76.0,-21.0,-20.0,80996
-76.0,-21.0,-20.0,80996
-76.0,-21.0,-20.0,81247
-76.0,-21.0,-20.0,81247
-76.0,-21.0,-20.0,81248
-76.0,-21.0,-20.0,81248
-76.0,-21.0,-20.0,81495
-76.0,-21.0,-20.0,81496
-76.0,-21.0,-20.0,81496
-76.0,-21.0,-20.0,81496
-76.0,-21.0,-20.0,81496
-76.0,-21.0,-20.0,81496
-67.0,-32.0,-2.0,81746
-67.0,-32.0,-2.0,81746
-67.0,-32.0,-2.0,81747
-67.0,-32.0,-2.0,81747
-67.0,-32.0,-2.0,81747
-67.0,-32.0,-2.0,81747
-67.0,-32.0,-2.0,81997
-67.0,-32.0,-2.0,81997
-67.0,-32.0,-2.0,81998
-67.0,-32.0,-2.0,81998
-67.0,-32.0,-2.0,82245
-67.0,-32.0,-2.0,82245
-67.0,-32.0,-2.0,82245
-67.0,-32.0,-2.0,82245
-67.0,-32.0,-2.0,82246
-67.0,-32.0,-2.0,82246
-67.0,-32.0,-2.0,82496
-67.0,-32.0,-2.0,82497
-67.0,-32.0,-2.0,82497
-67.0,-32.0,-2.0,82498
-67.0,-32.0,-2.0,82498
-67.0,-32.0,-2.0,82498
-67.0,-32.0,-2.0,82746
-67.0,-32.0,-2.0,82747
-67.0,-32.0,-2.0,82747
-67.0,-32.0,-2.0,82747
-66.0,-29.0,-16.0,82747
-66.0,-29.0,-16.0,82748
-66.0,-29.0,-16.0,82996
-66.0,-29.0,-16.0,82997
-66.0,-29.0,-16.0,82997
-66.0,-29.0,-16.0,82997
-66.0,-29.0,-16.0,82997
-66.0,-29.0,-16.0,83246
-66.0,-29.0,-16.0,83247
-66.0,-29.0,-16.0,83247
-66.0,-29.0,-16.0,83248
-66.0,-29.0,-16.0,83248
-66.0,-29.0,-16.0,83495
-66.0,-29.0,-16.0,83496
-66.0,-29.0,-16.0,83496
-66.0,-29.0,-16.0,83497
-66.0,-29.0,-16.0,83498
-66.0,-29.0,-16.0,83498
-66.0,-29.0,-16.0,83745
-66.0,-29.0,-16.0,83745
-66.0,-29.0,-16.0,83745
-66.0,-29.0,-16.0,83745
-66.0,-29.0,-16.0,83745
-66.0,-29.0,-16.0,83746
-66.0,-29.0,-16.0,83995
-66.0,-29.0,-16.0,83995
-66.0,-29.0,-16.0,83995
-90.0,-25.0,-20.0,83995
-90.0,-25.0,-20.0,83996
-90.0,-25.0,-20.0,83996
-90.0,-25.0,-20.0,84245
-90.0,-25.0,-20.0,84245
-90.0,-25.0,-20.0,84245
-90.0,-25.0,-20.0,84245
-90.0,-25.0,-20.0,84245
-90.0,-25.0,-20.0,84494
-90.0,-25.0,-20.0,84495
-90.0,-25.0,-20.0,84495
-90.0,-25.0,-20.0,84495
-90.0,-25.0,-20.0,84745
-90.0,-25.0,-20.0,84745
-90.0,-25.0,-20.0,84745
-90.0,-25.0,-20.0,84746
-90.0,-25.0,-20.0,84746
-90.0,-25.0,-20.0,84995
-90.0,-25.0,-20.0,84996
-90.0,-25.0,-20.0,84997
-90.0,-25.0,-20.0,84998
-90.0,-25.0,-20.0,84999
-90.0,-25.0,-20.0,84999
-90.0,-25.0,-20.0,85246
-66.0,-27.0,-8.0,85246
-66.0,-27.0,-8.0,85247
-66.0,-27.0,-8.0,85247
-66.0,-27.0,-8.0,85247
-66.0,-27.0,-8.0,85506
-66.0,-27.0,-8.0,85506
-66.0,-27.0,-8.0,85507
-66.0,-27.0,-8.0,85507
-66.0,-27.0,-8.0,85507
-66.0,-27.0,-8.0,85508
-66.0,-27.0,-8.0,85744
-66.0,-27.0,-8.0,85745
-66.0,-27.0,-8.0,85745
-66.0,-27.0,-8.0,85745
-66.0,-27.0,-8.0,85745
-66.0,-27.0,-8.0,85745
-66.0,-27.0,-8.0,85996
-66.0,-27.0,-8.0,85996
-66.0,-27.0,-8.0,85997
-66.0,-27.0,-8.0,85997
-66.0,-27.0,-8.0,85997
-66.0,-27.0,-8.0,85998
-66.0,-27.0,-8.0,86245
-66.0,-27.0,-8.0,86245
-66.0,-27.0,-8.0,86245
-66.0,-27.0,-8.0,86245
-63.0,-38.0,-2.0,86495
-63.0,-38.0,-2.0,86495
-63.0,-38.0,-2.0,86495
-63.0,-38.0,-2.0,86495
-63.0,-38.0,-2.0,86495
-63.0,-38.0,-2.0,86744
-63.0,-38.0,-2.0,86744
-63.0,-38.0,-2.0,86745
-63.0,-38.0,-2.0,86745
-63.0,-38.0,-2.0,86745
-63.0,-38.0,-2.0,86995
-63.0,-38.0,-2.0,86995
-63.0,-38.0,-2.0,86995
-63.0,-38.0,-2.0,86995
-63.0,-38.0,-2.0,86995
-63.0,-38.0,-2.0,86996
-63.0,-38.0,-2.0,87246
-63.0,-38.0,-2.0,87246
-63.0,-38.0,-2.0,87246
-63.0,-38.0,-2.0,87246
-63.0,-38.0,-2.0,87495
-63.0,-38.0,-2.0,87495
-63.0,-38.0,-2.0,87495
-73.0,-33.0,-5.0,87495
-73.0,-33.0,-5.0,87495
-73.0,-33.0,-5.0,87755
-73.0,-33.0,-5.0,87755
-73.0,-33.0,-5.0,87755
-73.0,-33.0,-5.0,87755
-73.0,-33.0,-5.0,87756
-73.0,-33.0,-5.0,87756
-73.0,-33.0,-5.0,87995
-73.0,-33.0,-5.0,87996
-73.0,-33.0,-5.0,87997
-73.0,-33.0,-5.0,87998
-73.0,-33.0,-5.0,87998
-73.0,-33.0,-5.0,88245
-73.0,-33.0,-5.0,88245
-73.0,-33.0,-5.0,88245
-73.0,-33.0,-5.0,88245
-73.0,-33.0,-5.0,88494
-73.0,-33.0,-5.0,88495
-73.0,-33.0,-5.0,88495
-73.0,-33.0,-5.0,88495
-73.0,-33.0,-5.0,88495
-73.0,-33.0,-5.0,88495
-73.0,-33.0,-5.0,88746
-73.0,-33.0,-5.0,88746
-73.0,-19.0,-7.0,88746
-73.0,-19.0,-7.0,88747
-73.0,-19.0,-7.0,88747
-73.0,-19.0,-7.0,88994
-73.0,-19.0,-7.0,88995
-73.0,-19.0,-7.0,88995
-73.0,-19.0,-7.0,88995
-73.0,-19.0,-7.0,88996
-73.0,-19.0,-7.0,89246
-73.0,-19.0,-7.0,89246
-73.0,-19.0,-7.0,89246
-73.0,-19.0,-7.0,89247
-73.0,-19.0,-7.0,89247
-73.0,-19.0,-7.0,89248
-73.0,-19.0,-7.0,89495
-73.0,-19.0,-7.0,89495
-73.0,-19.0,-7.0,89496
-73.0,-19.0,-7.0,89496
-73.0,-19.0,-7.0,89496
-73.0,-19.0,-7.0,89496
-73.0,-19.0,-7.0,89745
-73.0,-19.0,-7.0,89745
-73.0,-19.0,-7.0,89746
-73.0,-19.0,-7.0,89746
-73.0,-19.0,-7.0,89746
-73.0,-19.0,-7.0,89994
-72.0,-21.0,-5.0,89994
-72.0,-21.0,-5.0,89994
-72.0,-21.0,-5.0,89994
-72.0,-21.0,-5.0,89995
-72.0,-21.0,-5.0,90246
-72.0,-21.0,-5.0,90246
-72.0,-21.0,-5.0,90247
-72.0,-21.0,-5.0,90247
-72.0,-21.0,-5.0,90247
-72.0,-21.0,-5.0,90248
-72.0,-21.0,-5.0,90495
-72.0,-21.0,-5.0,90495
-72.0,-21.0,-5.0,90496
-72.0,-21.0,-5.0,90496
-72.0,-21.0,-5.0,90496
-72.0,-21.0,-5.0,90496
-72.0,-21.0,-5.0,90745
-72.0,-21.0,-5.0,90746
-72.0,-21.0,-5.0,90746
-72.0,-21.0,-5.0,90746
-72.0,-21.0,-5.0,90746
-72.0,-21.0,-5.0,90747
-72.0,-21.0,-5.0,90995
-72.0,-21.0,-5.0,90996
-72.0,-21.0,-5.0,90996
-72.0,-21.0,-5.0,90996
-65.0,-19.0,-25.0,90996
-65.0,-19.0,-25.0,91245
-65.0,-19.0,-25.0,91246
-65.0,-19.0,-25.0,91247
-65.0,-19.0,-25.0,91248
-65.0,-19.0,-25.0,91248
-65.0,-19.0,-25.0,91494
-65.0,-19.0,-25.0,91494
-65.0,-19.0,-25.0,91494
-65.0,-19.0,-25.0,91494
-65.0,-19.0,-25.0,91494
-65.0,-19.0,-25.0,91494
-65.0,-19.0,-25.0,91744
-65.0,-19.0,-25.0,91745
-65.0,-19.0,-25.0,91745
-65.0,-19.0,-25.0,91746
-65.0,-19.0,-25.0,91746
-65.0,-19.0,-25.0,91746
-65.0,-19.0,-25.0,91994
-65.0,-19.0,-25.0,91995
-65.0,-19.0,-25.0,91995
-65.0,-19.0,-25.0,91996
-65.0,-19.0,-25.0,91996
-65.0,-19.0,-25.0,92244
-76.0,-24.0,-14.0,92244
-76.0,-24.0,-14.0,92244
-76.0,-24.0,-14.0,92244
-76.0,-24.0,-14.0,92494
-76.0,-24.0,-14.0,92494
-76.0,-24.0,-14.0,92494
-76.0,-24.0,-14.0,92495
-76.0,-24.0,-14.0,92495
-76.0,-24.0,-14.0,92744
-76.0,-24.0,-14.0,92745
-76.0,-24.0,-14.0,92745
-76.0,-24.0,-14.0,92745
-76.0,-24.0,-14.0,92745
-76.0,-24.0,-14.0,92745
-76.0,-24.0,-14.0,92994
-76.0,-24.0,-14.0,92994
-76.0,-24.0,-14.0,92995
-76.0,-24.0,-14.0,92996
-76.0,-24.0,-14.0,92996
-76.0,-24.0,-14.0,93247
-76.0,-24.0,-14.0,93248
-76.0,-24.0,-14.0,93249
-76.0,-24.0,-14.0,93249
-76.0,-24.0,-14.0,93250
-76.0,-24.0,-14.0,93250
-76.0,-24.0,-14.0,93504
-79.0,-22.0,-3.0,93504
-79.0,-22.0,-3.0,93504
-79.0,-22.0,-3.0,93504
-79.0,-22.0,-3.0,93505
-79.0,-22.0,-3.0,93505
-79.0,-22.0,-3.0,93744
-79.0,-22.0,-3.0,93744
-79.0,-22.0,-3.0,93744
-79.0,-22.0,-3.0,93744
-79.0,-22.0,-3.0,93744
-79.0,-22.0,-3.0,93744
-79.0,-22.0,-3.0,93994
-79.0,-22.0,-3.0,93994
-79.0,-22.0,-3.0,93995
-79.0,-22.0,-3.0,93995
-79.0,-22.0,-3.0,93996
-79.0,-22.0,-3.0,94246
-79.0,-22.0,-3.0,94247
-79.0,-22.0,-3.0,94247
-79.0,-22.0,-3.0,94247
-79.0,-22.0,-3.0,94248
-79.0,-22.0,-3.0,94495
-79.0,-22.0,-3.0,94495
-79.0,-22.0,-3.0,94496
-79.0,-22.0,-3.0,94496
-79.0,-22.0,-3.0,94497
-66.0,-23.0,-254.0,94745
-66.0,-23.0,-254.0,94746
-66.0,-23.0,-254.0,94747
-66.0,-23.0,-254.0,94747
-66.0,-23.0,-254.0,94748
-66.0,-23.0,-254.0,94748
-66.0,-23.0,-254.0,94994
-66.0,-23.0,-254.0,94994
-66.0,-23.0,-254.0,94995
-66.0,-23.0,-254.0,94995
-66.0,-23.0,-254.0,94996
-66.0,-23.0,-254.0,94996
-66.0,-23.0,-254.0,95244
-66.0,-23.0,-254.0,95245
-66.0,-23.0,-254.0,95246
-66.0,-23.0,-254.0,95246
-66.0,-23.0,-254.0,95247
-66.0,-23.0,-254.0,95247
-66.0,-23.0,-254.0,95503
-66.0,-23.0,-254.0,95504
-66.0,-23.0,-254.0,95504
-66.0,-23.0,-254.0,95504
-66.0,-23.0,-254.0,95504
-66.0,-23.0,-254.0,95743
