-109.0,-14.0,3703.0,3015
-109.0,-14.0,3703.0,3036
-109.0,-14.0,3703.0,3274
-109.0,-14.0,3703.0,3275
-109.0,-14.0,3703.0,3276
-109.0,-14.0,3703.0,3287
-109.0,-14.0,3703.0,3291
-109.0,-14.0,3703.0,3292
-109.0,-14.0,3703.0,3514
-109.0,-14.0,3703.0,3516
-109.0,-14.0,3703.0,3516
-109.0,-14.0,3703.0,3518
-109.0,-14.0,3703.0,3520
-109.0,-14.0,3703.0,3521
-109.0,-14.0,3703.0,3764
-109.0,-14.0,3703.0,3766
-109.0,-14.0,3703.0,3767
-109.0,-14.0,3703.0,3768
-109.0,-14.0,3703.0,3770
-109.0,-14.0,3703.0,4013
-109.0,-14.0,3703.0,4014
-110.0,-7.0,-91.0,4015
-110.0,-7.0,-91.0,4016
-110.0,-7.0,-91.0,4017
-110.0,-7.0,-91.0,4265
-110.0,-7.0,-91.0,4267
-110.0,-7.0,-91.0,4270
-110.0,-7.0,-91.0,4271
-110.0,-7.0,-91.0,4272
-110.0,-7.0,-91.0,4514
-110.0,-7.0,-91.0,4515
-110.0,-7.0,-91.0,4517
-110.0,-7.0,-91.0,4520
-110.0,-7.0,-91.0,4524
-110.0,-7.0,-91.0,4765
-110.0,-7.0,-91.0,4766
-110.0,-7.0,-91.0,4767
-110.0,-7.0,-91.0,4772
-110.0,-7.0,-91.0,4773
-110.0,-7.0,-91.0,4774
-110.0,-7.0,-91.0,5013
-110.0,-7.0,-91.0,5014
-110.0,-7.0,-91.0,5015
-110.0,-7.0,-91.0,5017
-110.0,-7.0,-91.0,5020
-110.0,-7.0,-91.0,5021
-110.0,-7.0,-91.0,5264
-110.0,-7.0,-91.0,5266
-118.0,-19.0,-119.0,5269
-118.0,-19.0,-119.0,5271
-118.0,-19.0,-119.0,5272
-118.0,-19.0,-119.0,5275
-118.0,-19.0,-119.0,5513
-118.0,-19.0,-119.0,5517
-118.0,-19.0,-119.0,5520
-118.0,-19.0,-119.0,5521
-118.0,-19.0,-119.0,5521
-118.0,-19.0,-119.0,5763
-118.0,-19.0,-119.0,5765
-118.0,-19.0,-119.0,5766
-118.0,-19.0,-119.0,5777
-118.0,-19.0,-119.0,5778
-118.0,-19.0,-119.0,6019
-118.0,-19.0,-119.0,6021
-118.0,-19.0,-119.0,6022
-118.0,-19.0,-119.0,6022
-118.0,-19.0,-119.0,6024
-118.0,-19.0,-119.0,6025
-118.0,-19.0,-119.0,6265
-118.0,-19.0,-119.0,6267
-118.0,-19.0,-119.0,6270
-118.0,-19.0,-119.0,6272
-118.0,-19.0,-119.0,6273
-118.0,-19.0,-119.0,6273
-108.0,-8.0,3688.0,6514
-108.0,-8.0,3688.0,6515
-108.0,-8.0,3688.0,6516
-108.0,-8.0,3688.0,6517
-108.0,-8.0,3688.0,6518
-108.0,-8.0,3688.0,6519
-108.0,-8.0,3688.0,6764
-108.0,-8.0,3688.0,6765
-108.0,-8.0,3688.0,6766
-108.0,-8.0,3688.0,6767
-108.0,-8.0,3688.0,6768
-108.0,-8.0,3688.0,6769
-108.0,-8.0,3688.0,7013
-108.0,-8.0,3688.0,7014
-108.0,-8.0,3688.0,7015
-108.0,-8.0,3688.0,7016
-108.0,-8.0,3688.0,7017
-108.0,-8.0,3688.0,7263
-108.0,-8.0,3688.0,7264
-108.0,-8.0,3688.0,7266
-108.0,-8.0,3688.0,7270
-108.0,-8.0,3688.0,7271
-108.0,-8.0,3688.0,7271
-108.0,-8.0,3688.0,7512
-108.0,-8.0,3688.0,7513
-108.0,-8.0,3688.0,7514
-108.0,-8.0,3688.0,7515
-110.0,-7.0,3679.0,7515
-110.0,-7.0,3679.0,7765
-110.0,-7.0,3679.0,7765
-110.0,-7.0,3679.0,7766
-110.0,-7.0,3679.0,7767
-110.0,-7.0,3679.0,7768
-110.0,-7.0,3679.0,8013
-110.0,-7.0,3679.0,8014
-110.0,-7.0,3679.0,8015
-110.0,-7.0,3679.0,8015
-110.0,-7.0,3679.0,8016
-110.0,-7.0,3679.0,8265
-110.0,-7.0,3679.0,8266
-110.0,-7.0,3679.0,8267
-110.0,-7.0,3679.0,8268
-110.0,-7.0,3679.0,8268
-110.0,-7.0,3679.0,8269
-110.0,-7.0,3679.0,8513
-110.0,-7.0,3679.0,8514
-110.0,-7.0,3679.0,8515
-110.0,-7.0,3679.0,8515
-110.0,-7.0,3679.0,8764
-110.0,-7.0,3679.0,8764
-110.0,-7.0,3679.0,8765
-102.0,-11.0,3697.0,8766
-102.0,-11.0,3697.0,8767
-102.0,-11.0,3697.0,8768
-102.0,-11.0,3697.0,9012
-102.0,-11.0,3697.0,9012
-102.0,-11.0,3697.0,9013
-102.0,-11.0,3697.0,9014
-102.0,-11.0,3697.0,9015
-102.0,-11.0,3697.0,9263
-102.0,-11.0,3697.0,9264
-102.0,-11.0,3697.0,9265
-102.0,-11.0,3697.0,9266
-102.0,-11.0,3697.0,9267
-102.0,-11.0,3697.0,9267
-102.0,-11.0,3697.0,9512
-102.0,-11.0,3697.0,9513
-102.0,-11.0,3697.0,9514
-102.0,-11.0,3697.0,9515
-102.0,-11.0,3697.0,9515
-102.0,-11.0,3697.0,9762
-102.0,-11.0,3697.0,9763
-102.0,-11.0,3697.0,9764
-102.0,-11.0,3697.0,9764
-102.0,-11.0,3697.0,9765
-102.0,-11.0,3697.0,9766
-102.0,-11.0,3697.0,10012
-117.0,-5.0,-121.0,10013
-117.0,-5.0,-121.0,10013
-117.0,-5.0,-121.0,10014
-117.0,-5.0,-121.0,10015
-117.0,-5.0,-121.0,10263
-117.0,-5.0,-121.0,10264
-117.0,-5.0,-121.0,10265
-117.0,-5.0,-121.0,10265
-117.0,-5.0,-121.0,10266
-117.0,-5.0,-121.0,10268
-117.0,-5.0,-121.0,10512
-117.0,-5.0,-121.0,10513
-117.0,-5.0,-121.0,10513
-117.0,-5.0,-121.0,10514
-117.0,-5.0,-121.0,10515
-117.0,-5.0,-121.0,10515
-117.0,-5.0,-121.0,10762
-117.0,-5.0,-121.0,10763
-117.0,-5.0,-121.0,10763
-117.0,-5.0,-121.0,10764
-117.0,-5.0,-121.0,10765
-117.0,-5.0,-121.0,11011
-117.0,-5.0,-121.0,11011
-117.0,-5.0,-121.0,11012
-117.0,-5.0,-121.0,11013
-117.0,-5.0,-121.0,11013
-92.0,-17.0,-128.0,11014
-92.0,-17.0,-128.0,11261
-92.0,-17.0,-128.0,11261
-92.0,-17.0,-128.0,11262
-92.0,-17.0,-128.0,11262
-92.0,-17.0,-128.0,11263
-92.0,-17.0,-128.0,11512
-92.0,-17.0,-128.0,11513
-92.0,-17.0,-128.0,11514
-92.0,-17.0,-128.0,11514
-92.0,-17.0,-128.0,11515
-92.0,-17.0,-128.0,11516
-92.0,-17.0,-128.0,11763
-92.0,-17.0,-128.0,11763
-92.0,-17.0,-128.0,11764
-92.0,-17.0,-128.0,11765
-92.0,-17.0,-128.0,12012
-92.0,-17.0,-128.0,12013
-92.0,-17.0,-128.0,12013
-92.0,-17.0,-128.0,12014
-92.0,-17.0,-128.0,12014
-92.0,-17.0,-128.0,12015
-92.0,-17.0,-128.0,12273
-92.0,-17.0,-128.0,12274
-92.0,-17.0,-128.0,12274
-92.0,-17.0,-128.0,12275
-103.0,-19.0,3699.0,12275
-103.0,-19.0,3699.0,12276
-103.0,-19.0,3699.0,12512
-103.0,-19.0,3699.0,12512
-103.0,-19.0,3699.0,12512
-103.0,-19.0,3699.0,12514
-103.0,-19.0,3699.0,12514
-103.0,-19.0,3699.0,12515
-103.0,-19.0,3699.0,12761
-103.0,-19.0,3699.0,12761
-103.0,-19.0,3699.0,12762
-103.0,-19.0,3699.0,12762
-103.0,-19.0,3699.0,12763
-103.0,-19.0,3699.0,13012
-103.0,-19.0,3699.0,13014
-103.0,-19.0,3699.0,13014
-103.0,-19.0,3699.0,13015
-103.0,-19.0,3699.0,13015
-103.0,-19.0,3699.0,13263
-103.0,-19.0,3699.0,13264
-103.0,-19.0,3699.0,13264
-103.0,-19.0,3699.0,13265
-103.0,-19.0,3699.0,13266
-103.0,-19.0,3699.0,13266
-103.0,-19.0,3699.0,13511
-103.0,-19.0,3699.0,13512
-117.0,-1.0,3661.0,13513
-117.0,-1.0,3661.0,13513
-117.0,-1.0,3661.0,13513
-117.0,-1.0,3661.0,13514
-117.0,-1.0,3661.0,13762
-117.0,-1.0,3661.0,13762
-117.0,-1.0,3661.0,13762
-117.0,-1.0,3661.0,13763
-117.0,-1.0,3661.0,13763
-117.0,-1.0,3661.0,13764
-117.0,-1.0,3661.0,14012
-117.0,-1.0,3661.0,14012
-117.0,-1.0,3661.0,14012
-117.0,-1.0,3661.0,14013
-117.0,-1.0,3661.0,14013
-117.0,-1.0,3661.0,14261
-117.0,-1.0,3661.0,14262
-117.0,-1.0,3661.0,14262
-117.0,-1.0,3661.0,14263
-117.0,-1.0,3661.0,14263
-117.0,-1.0,3661.0,14264
-117.0,-1.0,3661.0,14511
-117.0,-1.0,3661.0,14512
-117.0,-1.0,3661.0,14512
-117.0,-1.0,3661.0,14513
-117.0,-1.0,3661.0,14513
-95.0,-25.0,3686.0,14771
-95.0,-25.0,3686.0,14772
-95.0,-25.0,3686.0,14772
-95.0,-25.0,3686.0,14772
-95.0,-25.0,3686.0,14773
-95.0,-25.0,3686.0,14773
-95.0,-25.0,3686.0,15011
-95.0,-25.0,3686.0,15011
-95.0,-25.0,3686.0,15012
-95.0,-25.0,3686.0,15012
-95.0,-25.0,3686.0,15012
-95.0,-25.0,3686.0,15012
-95.0,-25.0,3686.0,15261
-95.0,-25.0,3686.0,15261
-95.0,-25.0,3686.0,15261
-95.0,-25.0,3686.0,15262
-95.0,-25.0,3686.0,15262
-95.0,-25.0,3686.0,15262
-95.0,-25.0,3686.0,15510
-95.0,-25.0,3686.0,15511
-95.0,-25.0,3686.0,15511
-95.0,-25.0,3686.0,15512
-95.0,-25.0,3686.0,15761
-95.0,-25.0,3686.0,15761
-95.0,-25.0,3686.0,15762
-95.0,-25.0,3686.0,15762
-106.0,-18.0,3705.0,15763
-106.0,-18.0,3705.0,15763
-106.0,-18.0,3705.0,16011
-106.0,-18.0,3705.0,16011
-106.0,-18.0,3705.0,16012
-106.0,-18.0,3705.0,16012
-106.0,-18.0,3705.0,16013
-106.0,-18.0,3705.0,16261
-106.0,-18.0,3705.0,16262
-106.0,-18.0,3705.0,16262
-106.0,-18.0,3705.0,16262
-106.0,-18.0,3705.0,16262
-106.0,-18.0,3705.0,16510
-106.0,-18.0,3705.0,16510
-106.0,-18.0,3705.0,16510
-106.0,-18.0,3705.0,16511
-106.0,-18.0,3705.0,16511
-106.0,-18.0,3705.0,16513
-106.0,-18.0,3705.0,16761
-106.0,-18.0,3705.0,16761
-106.0,-18.0,3705.0,16761
-106.0,-18.0,3705.0,16762
-106.0,-18.0,3705.0,16762
-106.0,-18.0,3705.0,17011
-106.0,-18.0,3705.0,17011
-127.0,-10.0,3701.0,17011
-127.0,-10.0,3701.0,17012
-127.0,-10.0,3701.0,17012
-127.0,-10.0,3701.0,17013
-127.0,-10.0,3701.0,17260
-127.0,-10.0,3701.0,17260
-127.0,-10.0,3701.0,17261
-127.0,-10.0,3701.0,17261
-127.0,-10.0,3701.0,17261
-127.0,-10.0,3701.0,17513
-127.0,-10.0,3701.0,17513
-127.0,-10.0,3701.0,17514
-127.0,-10.0,3701.0,17514
-127.0,-10.0,3701.0,17514
-127.0,-10.0,3701.0,17515
-127.0,-10.0,3701.0,17762
-127.0,-10.0,3701.0,17763
-127.0,-10.0,3701.0,17764
-127.0,-10.0,3701.0,17764
-127.0,-10.0,3701.0,17765
-127.0,-10.0,3701.0,18010
-127.0,-10.0,3701.0,18014
-127.0,-10.0,3701.0,18014
-127.0,-10.0,3701.0,18015
-127.0,-10.0,3701.0,18015
-105.0,-12.0,3693.0,18260
-105.0,-12.0,3693.0,18261
-105.0,-12.0,3693.0,18264
-105.0,-12.0,3693.0,18264
-105.0,-12.0,3693.0,18265
-105.0,-12.0,3693.0,18265
-105.0,-12.0,3693.0,18511
-105.0,-12.0,3693.0,18512
-105.0,-12.0,3693.0,18512
-105.0,-12.0,3693.0,18513
-105.0,-12.0,3693.0,18513
-105.0,-12.0,3693.0,18762
-105.0,-12.0,3693.0,18763
-105.0,-12.0,3693.0,18764
-105.0,-12.0,3693.0,18765
-105.0,-12.0,3693.0,18765
-105.0,-12.0,3693.0,19024
-105.0,-12.0,3693.0,19026
-105.0,-12.0,3693.0,19026
-105.0,-12.0,3693.0,19026
-105.0,-12.0,3693.0,19027
-105.0,-12.0,3693.0,19027
-105.0,-12.0,3693.0,19265
-105.0,-12.0,3693.0,19265
-105.0,-12.0,3693.0,19265
-105.0,-12.0,3693.0,19265
-105.0,-12.0,3693.0,19265
-106.0,-2.0,3698.0,19511
-106.0,-2.0,3698.0,19513
-106.0,-2.0,3698.0,19515
-106.0,-2.0,3698.0,19517
-106.0,-2.0,3698.0,19517
-106.0,-2.0,3698.0,19760
-106.0,-2.0,3698.0,19761
-106.0,-2.0,3698.0,19763
-106.0,-2.0,3698.0,19764
-106.0,-2.0,3698.0,19764
-106.0,-2.0,3698.0,20010
-106.0,-2.0,3698.0,20010
-106.0,-2.0,3698.0,20011
-106.0,-2.0,3698.0,20011
-106.0,-2.0,3698.0,20011
-106.0,-2.0,3698.0,20012
-106.0,-2.0,3698.0,20260
-106.0,-2.0,3698.0,20261
-106.0,-2.0,3698.0,20262
-106.0,-2.0,3698.0,20262
-106.0,-2.0,3698.0,20263
-106.0,-2.0,3698.0,20510
-106.0,-2.0,3698.0,20510
-106.0,-2.0,3698.0,20511
-91.0,-2.0,3705.0,20511
-91.0,-2.0,3705.0,20512
-91.0,-2.0,3705.0,20513
-91.0,-2.0,3705.0,20760
-91.0,-2.0,3705.0,20760
-91.0,-2.0,3705.0,20761
-91.0,-2.0,3705.0,20761
-91.0,-2.0,3705.0,20762
-91.0,-2.0,3705.0,21009
-91.0,-2.0,3705.0,21009
-91.0,-2.0,3705.0,21010
-91.0,-2.0,3705.0,21010
-91.0,-2.0,3705.0,21010
-91.0,-2.0,3705.0,21260
-91.0,-2.0,3705.0,21260
-91.0,-2.0,3705.0,21260
-91.0,-2.0,3705.0,21261
-91.0,-2.0,3705.0,21262
-91.0,-2.0,3705.0,21263
-91.0,-2.0,3705.0,21509
-91.0,-2.0,3705.0,21510
-91.0,-2.0,3705.0,21510
-91.0,-2.0,3705.0,21510
-91.0,-2.0,3705.0,21513
-91.0,-2.0,3705.0,21759
-91.0,-2.0,3705.0,21760
-1665.0,-254.0,3691.0,21761
-1665.0,-254.0,3691.0,21764
-1665.0,-254.0,3691.0,21764
-1665.0,-254.0,3691.0,21764
-1665.0,-254.0,3691.0,22010
-1665.0,-254.0,3691.0,22010
-1665.0,-254.0,3691.0,22010
-1665.0,-254.0,3691.0,22011
-1665.0,-254.0,3691.0,22011
-1665.0,-254.0,3691.0,22259
-1665.0,-254.0,3691.0,22260
-1665.0,-254.0,3691.0,22261
-1665.0,-254.0,3691.0,22263
-1665.0,-254.0,3691.0,22264
-1665.0,-254.0,3691.0,22265
-1665.0,-254.0,3691.0,22510
-1665.0,-254.0,3691.0,22510
-1665.0,-254.0,3691.0,22511
-1665.0,-254.0,3691.0,22512
-1665.0,-254.0,3691.0,22513
-1665.0,-254.0,3691.0,22513
-1665.0,-254.0,3691.0,22760
-1665.0,-254.0,3691.0,22761
-1665.0,-254.0,3691.0,22761
-1665.0,-254.0,3691.0,22761
-1665.0,-254.0,3691.0,22762
-1665.0,-254.0,3691.0,22762
-107.0,-6.0,3694.0,23010
-107.0,-6.0,3694.0,23010
-107.0,-6.0,3694.0,23010
-107.0,-6.0,3694.0,23010
-107.0,-6.0,3694.0,23011
-107.0,-6.0,3694.0,23259
-107.0,-6.0,3694.0,23259
-107.0,-6.0,3694.0,23259
-107.0,-6.0,3694.0,23260
-107.0,-6.0,3694.0,23511
-107.0,-6.0,3694.0,23512
-107.0,-6.0,3694.0,23512
-107.0,-6.0,3694.0,23513
-107.0,-6.0,3694.0,23513
-107.0,-6.0,3694.0,23514
-107.0,-6.0,3694.0,23753
-107.0,-6.0,3694.0,23753
-107.0,-6.0,3694.0,23753
-107.0,-6.0,3694.0,23754
-107.0,-6.0,3694.0,23754
-107.0,-6.0,3694.0,24013
-107.0,-6.0,3694.0,24013
-107.0,-6.0,3694.0,24013
-107.0,-6.0,3694.0,24014
-117.0,-4.0,3700.0,24014
-117.0,-4.0,3700.0,24016
-117.0,-4.0,3700.0,24251
-117.0,-4.0,3700.0,24252
-117.0,-4.0,3700.0,24252
-117.0,-4.0,3700.0,24254
-117.0,-4.0,3700.0,24254
-117.0,-4.0,3700.0,24254
-117.0,-4.0,3700.0,24510
-117.0,-4.0,3700.0,24511
-117.0,-4.0,3700.0,24511
-117.0,-4.0,3700.0,24512
-117.0,-4.0,3700.0,24512
-117.0,-4.0,3700.0,24513
-117.0,-4.0,3700.0,24759
-117.0,-4.0,3700.0,24759
-117.0,-4.0,3700.0,24762
-117.0,-4.0,3700.0,24762
-117.0,-4.0,3700.0,24762
-117.0,-4.0,3700.0,24762
-117.0,-4.0,3700.0,25010
-117.0,-4.0,3700.0,25010
-117.0,-4.0,3700.0,25010
-117.0,-4.0,3700.0,25011
-117.0,-4.0,3700.0,25011
-117.0,-4.0,3700.0,25260
-117.0,-4.0,3700.0,25260
-117.0,-4.0,3700.0,25260
-106.0,-13.0,-126.0,25261
-106.0,-13.0,-126.0,25261
-106.0,-13.0,-126.0,25261
-106.0,-13.0,-126.0,25509
-106.0,-13.0,-126.0,25509
-106.0,-13.0,-126.0,25509
-106.0,-13.0,-126.0,25510
-106.0,-13.0,-126.0,25510
-106.0,-13.0,-126.0,25758
-106.0,-13.0,-126.0,25759
-106.0,-13.0,-126.0,25759
-106.0,-13.0,-126.0,25759
-106.0,-13.0,-126.0,25759
-106.0,-13.0,-126.0,25759
-106.0,-13.0,-126.0,26009
-106.0,-13.0,-126.0,26009
-106.0,-13.0,-126.0,26009
-106.0,-13.0,-126.0,26010
-106.0,-13.0,-126.0,26010
-106.0,-13.0,-126.0,26010
-106.0,-13.0,-126.0,26258
-106.0,-13.0,-126.0,26259
-106.0,-13.0,-126.0,26259
-106.0,-13.0,-126.0,26259
-106.0,-13.0,-126.0,26259
-106.0,-13.0,-126.0,26509
-98.0,-254.0,-117.0,26509
-98.0,-254.0,-117.0,26510
-98.0,-254.0,-117.0,26510
-98.0,-254.0,-117.0,26510
-98.0,-254.0,-117.0,26510
-98.0,-254.0,-117.0,26759
-98.0,-254.0,-117.0,26770
-98.0,-254.0,-117.0,26771
-98.0,-254.0,-117.0,26771
-98.0,-254.0,-117.0,26771
-98.0,-254.0,-117.0,27009
-98.0,-254.0,-117.0,27009
-98.0,-254.0,-117.0,27009
-98.0,-254.0,-117.0,27009
-98.0,-254.0,-117.0,27010
-98.0,-254.0,-117.0,27010
-98.0,-254.0,-117.0,27259
-98.0,-254.0,-117.0,27259
-98.0,-254.0,-117.0,27259
-98.0,-254.0,-117.0,27260
-98.0,-254.0,-117.0,27508
-98.0,-254.0,-117.0,27509
-98.0,-254.0,-117.0,27509
-98.0,-254.0,-117.0,27510
-106.0,-4.0,3702.0,27510
-106.0,-4.0,3702.0,27511
-106.0,-4.0,3702.0,27759
-106.0,-4.0,3702.0,27759
-106.0,-4.0,3702.0,27760
-106.0,-4.0,3702.0,27760
-106.0,-4.0,3702.0,27760
-106.0,-4.0,3702.0,28008
-106.0,-4.0,3702.0,28009
-106.0,-4.0,3702.0,28010
-106.0,-4.0,3702.0,28010
-106.0,-4.0,3702.0,28010
-106.0,-4.0,3702.0,28261
-106.0,-4.0,3702.0,28262
-106.0,-4.0,3702.0,28262
-106.0,-4.0,3702.0,28262
-106.0,-4.0,3702.0,28263
-106.0,-4.0,3702.0,28509
-106.0,-4.0,3702.0,28509
-106.0,-4.0,3702.0,28510
-106.0,-4.0,3702.0,28510
-106.0,-4.0,3702.0,28511
-106.0,-4.0,3702.0,28511
-106.0,-4.0,3702.0,28749
-106.0,-4.0,3702.0,28749
-106.0,-4.0,3702.0,28749
-108.0,-24.0,-128.0,28750
-108.0,-24.0,-128.0,28750
-108.0,-24.0,-128.0,28750
-108.0,-24.0,-128.0,29009
-108.0,-24.0,-128.0,29009
-108.0,-24.0,-128.0,29009
-108.0,-24.0,-128.0,29009
-108.0,-24.0,-128.0,29010
-108.0,-24.0,-128.0,29010
-108.0,-24.0,-128.0,29258
-108.0,-24.0,-128.0,29259
-108.0,-24.0,-128.0,29259
-108.0,-24.0,-128.0,29260
-108.0,-24.0,-128.0,29262
-108.0,-24.0,-128.0,29509
-108.0,-24.0,-128.0,29509
-108.0,-24.0,-128.0,29509
-108.0,-24.0,-128.0,29510
-108.0,-24.0,-128.0,29510
-108.0,-24.0,-128.0,29758
-108.0,-24.0,-128.0,29759
-108.0,-24.0,-128.0,29759
-108.0,-24.0,-128.0,29760
-108.0,-24.0,-128.0,29760
-108.0,-24.0,-128.0,30008
-1668.0,-1.0,3704.0,30009
-1668.0,-1.0,3704.0,30009
-1668.0,-1.0,3704.0,30009
-1668.0,-1.0,3704.0,30010
-1668.0,-1.0,3704.0,30268
-1668.0,-1.0,3704.0,30269
-1668.0,-1.0,3704.0,30269
-1668.0,-1.0,3704.0,30269
-1668.0,-1.0,3704.0,30269
-1668.0,-1.0,3704.0,30270
-1668.0,-1.0,3704.0,30508
-1668.0,-1.0,3704.0,30508
-1668.0,-1.0,3704.0,30508
-1668.0,-1.0,3704.0,30508
-1668.0,-1.0,3704.0,30509
-1668.0,-1.0,3704.0,30509
-1668.0,-1.0,3704.0,30758
-1668.0,-1.0,3704.0,30759
-1668.0,-1.0,3704.0,30759
-1668.0,-1.0,3704.0,30759
-1668.0,-1.0,3704.0,30759
-1668.0,-1.0,3704.0,31008
-1668.0,-1.0,3704.0,31009
-1668.0,-1.0,3704.0,31009
-1668.0,-1.0,3704.0,31009
-114.0,-2.0,3700.0,31258
-114.0,-2.0,3700.0,31259
-114.0,-2.0,3700.0,31259
-114.0,-2.0,3700.0,31259
-114.0,-2.0,3700.0,31259
-114.0,-2.0,3700.0,31260
-114.0,-2.0,3700.0,31508
-114.0,-2.0,3700.0,31508
-114.0,-2.0,3700.0,31508
-114.0,-2.0,3700.0,31509
-114.0,-2.0,3700.0,31509
-114.0,-2.0,3700.0,31758
-114.0,-2.0,3700.0,31758
-114.0,-2.0,3700.0,31758
-114.0,-2.0,3700.0,31758
-114.0,-2.0,3700.0,32008
-114.0,-2.0,3700.0,32008
-114.0,-2.0,3700.0,32008
-114.0,-2.0,3700.0,32009
-114.0,-2.0,3700.0,32009
-114.0,-2.0,3700.0,32009
-114.0,-2.0,3700.0,32258
-114.0,-2.0,3700.0,32258
-114.0,-2.0,3700.0,32258
-114.0,-2.0,3700.0,32258
-99.0,-11.0,3701.0,32259
-99.0,-11.0,3701.0,32259
-99.0,-11.0,3701.0,32508
-99.0,-11.0,3701.0,32508
-99.0,-11.0,3701.0,32508
-99.0,-11.0,3701.0,32508
-99.0,-11.0,3701.0,32508
-99.0,-11.0,3701.0,32758
-99.0,-11.0,3701.0,32758
-99.0,-11.0,3701.0,32758
-99.0,-11.0,3701.0,32759
-99.0,-11.0,3701.0,32759
-99.0,-11.0,3701.0,33011
-99.0,-11.0,3701.0,33012
-99.0,-11.0,3701.0,33012
-99.0,-11.0,3701.0,33012
-99.0,-11.0,3701.0,33012
-99.0,-11.0,3701.0,33259
-99.0,-11.0,3701.0,33259
-99.0,-11.0,3701.0,33260
-99.0,-11.0,3701.0,33261
-99.0,-11.0,3701.0,33261
-99.0,-11.0,3701.0,33261
-99.0,-11.0,3701.0,33509
-99.0,-11.0,3701.0,33509
-99.0,-11.0,3701.0,33510
-109.0,-8.0,-127.0,33511
-109.0,-8.0,-127.0,33511
-109.0,-8.0,-127.0,33511
-109.0,-8.0,-127.0,33759
-109.0,-8.0,-127.0,33760
-109.0,-8.0,-127.0,33760
-109.0,-8.0,-127.0,33760
-109.0,-8.0,-127.0,33761
-109.0,-8.0,-127.0,34010
-109.0,-8.0,-127.0,34010
-109.0,-8.0,-127.0,34011
-109.0,-8.0,-127.0,34011
-109.0,-8.0,-127.0,34011
-109.0,-8.0,-127.0,34011
-109.0,-8.0,-127.0,34259
-109.0,-8.0,-127.0,34259
-109.0,-8.0,-127.0,34260
-109.0,-8.0,-127.0,34260
-109.0,-8.0,-127.0,34260
-109.0,-8.0,-127.0,34261
-109.0,-8.0,-127.0,34508
-109.0,-8.0,-127.0,34509
-109.0,-8.0,-127.0,34509
-109.0,-8.0,-127.0,34509
-109.0,-8.0,-127.0,34510
-109.0,-8.0,-127.0,34758
-109.0,-8.0,-127.0,34758
-101.0,-4.0,-119.0,34758
-101.0,-4.0,-119.0,34758
-101.0,-4.0,-119.0,34759
-101.0,-4.0,-119.0,34759
-101.0,-4.0,-119.0,35008
-101.0,-4.0,-119.0,35009
-101.0,-4.0,-119.0,35010
-101.0,-4.0,-119.0,35010
-101.0,-4.0,-119.0,35010
-101.0,-4.0,-119.0,35258
-101.0,-4.0,-119.0,35259
-101.0,-4.0,-119.0,35260
-101.0,-4.0,-119.0,35260
-101.0,-4.0,-119.0,35260
-101.0,-4.0,-119.0,35508
-101.0,-4.0,-119.0,35508
-101.0,-4.0,-119.0,35508
-101.0,-4.0,-119.0,35508
-101.0,-4.0,-119.0,35508
-101.0,-4.0,-119.0,35760
-101.0,-4.0,-119.0,35760
-101.0,-4.0,-119.0,35760
-101.0,-4.0,-119.0,35760
-101.0,-4.0,-119.0,35760
-109.0,-12.0,3705.0,35761
-109.0,-12.0,3705.0,36018
-109.0,-12.0,3705.0,36018
-109.0,-12.0,3705.0,36018
-109.0,-12.0,3705.0,36018
-109.0,-12.0,3705.0,36019
-109.0,-12.0,3705.0,36019
-109.0,-12.0,3705.0,36257
-109.0,-12.0,3705.0,36258
-109.0,-12.0,3705.0,36258
-109.0,-12.0,3705.0,36258
-109.0,-12.0,3705.0,36508
-109.0,-12.0,3705.0,36508
-109.0,-12.0,3705.0,36508
-109.0,-12.0,3705.0,36508
-109.0,-12.0,3705.0,36508
-109.0,-12.0,3705.0,36509
-109.0,-12.0,3705.0,36758
-109.0,-12.0,3705.0,36759
-109.0,-12.0,3705.0,36760
-109.0,-12.0,3705.0,36761
-109.0,-12.0,3705.0,36761
-109.0,-12.0,3705.0,37007
-109.0,-12.0,3705.0,37007
-109.0,-12.0,3705.0,37008
-119.0,-5.0,3683.0,37009
-119.0,-5.0,3683.0,37010
-119.0,-5.0,3683.0,37268
-119.0,-5.0,3683.0,37268
-119.0,-5.0,3683.0,37268
-119.0,-5.0,3683.0,37268
-119.0,-5.0,3683.0,37269
-119.0,-5.0,3683.0,37269
-119.0,-5.0,3683.0,37511
-119.0,-5.0,3683.0,37512
-119.0,-5.0,3683.0,37512
-119.0,-5.0,3683.0,37512
-119.0,-5.0,3683.0,37758
-119.0,-5.0,3683.0,37758
-119.0,-5.0,3683.0,37758
-119.0,-5.0,3683.0,37758
-119.0,-5.0,3683.0,37759
-119.0,-5.0,3683.0,37759
-119.0,-5.0,3683.0,38007
-119.0,-5.0,3683.0,38007
-119.0,-5.0,3683.0,38008
-119.0,-5.0,3683.0,38008
-119.0,-5.0,3683.0,38008
-119.0,-5.0,3683.0,38257
-119.0,-5.0,3683.0,38257
-128.0,-1.0,-119.0,38258
-128.0,-1.0,-119.0,38258
-128.0,-1.0,-119.0,38258
-128.0,-1.0,-119.0,38507
-128.0,-1.0,-119.0,38507
-128.0,-1.0,-119.0,38507
-128.0,-1.0,-119.0,38508
-128.0,-1.0,-119.0,38758
-128.0,-1.0,-119.0,38758
-128.0,-1.0,-119.0,38758
-128.0,-1.0,-119.0,38758
-128.0,-1.0,-119.0,38759
-128.0,-1.0,-119.0,38760
-128.0,-1.0,-119.0,39007
-128.0,-1.0,-119.0,39007
-128.0,-1.0,-119.0,39007
-128.0,-1.0,-119.0,39008
-128.0,-1.0,-119.0,39008
-128.0,-1.0,-119.0,39008
-128.0,-1.0,-119.0,39257
-128.0,-1.0,-119.0,39258
-128.0,-1.0,-119.0,39258
-128.0,-1.0,-119.0,39259
-128.0,-1.0,-119.0,39259
-119.0,-17.0,-121.0,39508
-119.0,-17.0,-121.0,39508
-119.0,-17.0,-121.0,39509
-119.0,-17.0,-121.0,39510
-119.0,-17.0,-121.0,39511
-119.0,-17.0,-121.0,39512
-119.0,-17.0,-121.0,39749
-119.0,-17.0,-121.0,39750
-119.0,-17.0,-121.0,39750
-119.0,-17.0,-121.0,39750
-119.0,-17.0,-121.0,39751
-119.0,-17.0,-121.0,40007
-119.0,-17.0,-121.0,40007
-119.0,-17.0,-121.0,40007
-119.0,-17.0,-121.0,40007
-119.0,-17.0,-121.0,40007
-119.0,-17.0,-121.0,40257
-119.0,-17.0,-121.0,40257
-119.0,-17.0,-121.0,40258
-119.0,-17.0,-121.0,40258
-119.0,-17.0,-121.0,40258
-119.0,-17.0,-121.0,40258
-119.0,-17.0,-121.0,40507
-119.0,-17.0,-121.0,40507
-119.0,-17.0,-121.0,40507
-119.0,-17.0,-121.0,40507
-103.0,-6.0,-128.0,40508
-103.0,-6.0,-128.0,40508
-103.0,-6.0,-128.0,40757
-103.0,-6.0,-128.0,40757
-103.0,-6.0,-128.0,40757
-103.0,-6.0,-128.0,40757
-103.0,-6.0,-128.0,40758
-103.0,-6.0,-128.0,40758
-103.0,-6.0,-128.0,41006
-103.0,-6.0,-128.0,41007
-103.0,-6.0,-128.0,41007
-103.0,-6.0,-128.0,41007
-103.0,-6.0,-128.0,41257
-103.0,-6.0,-128.0,41257
-103.0,-6.0,-128.0,41257
-103.0,-6.0,-128.0,41258
-103.0,-6.0,-128.0,41258
-103.0,-6.0,-128.0,41258
-103.0,-6.0,-128.0,41507
-103.0,-6.0,-128.0,41507
-103.0,-6.0,-128.0,41507
-103.0,-6.0,-128.0,41508
-103.0,-6.0,-128.0,41508
-103.0,-6.0,-128.0,41508
-103.0,-6.0,-128.0,41757
-103.0,-6.0,-128.0,41757
-99.0,-12.0,3703.0,41757
-99.0,-12.0,3703.0,41768
-99.0,-12.0,3703.0,41768
-99.0,-12.0,3703.0,41768
-99.0,-12.0,3703.0,42007
-99.0,-12.0,3703.0,42007
-99.0,-12.0,3703.0,42007
-99.0,-12.0,3703.0,42008
-99.0,-12.0,3703.0,42008
-99.0,-12.0,3703.0,42256
-99.0,-12.0,3703.0,42256
-99.0,-12.0,3703.0,42257
-99.0,-12.0,3703.0,42257
-99.0,-12.0,3703.0,42257
-99.0,-12.0,3703.0,42257
-99.0,-12.0,3703.0,42506
-99.0,-12.0,3703.0,42507
-99.0,-12.0,3703.0,42507
-99.0,-12.0,3703.0,42507
-99.0,-12.0,3703.0,42757
-99.0,-12.0,3703.0,42757
-99.0,-12.0,3703.0,42757
-99.0,-12.0,3703.0,42758
-99.0,-12.0,3703.0,42758
-99.0,-12.0,3703.0,42758
-99.0,-12.0,3703.0,43007
-117.0,-3.0,-128.0,43007
-117.0,-3.0,-128.0,43007
-117.0,-3.0,-128.0,43007
-117.0,-3.0,-128.0,43008
-117.0,-3.0,-128.0,43256
-117.0,-3.0,-128.0,43257
-117.0,-3.0,-128.0,43257
-117.0,-3.0,-128.0,43257
-117.0,-3.0,-128.0,43257
-117.0,-3.0,-128.0,43258
-117.0,-3.0,-128.0,43507
-117.0,-3.0,-128.0,43507
-117.0,-3.0,-128.0,43507
-117.0,-3.0,-128.0,43507
-117.0,-3.0,-128.0,43507
-117.0,-3.0,-128.0,43508
-117.0,-3.0,-128.0,43757
-117.0,-3.0,-128.0,43757
-117.0,-3.0,-128.0,43757
-117.0,-3.0,-128.0,43757
-117.0,-3.0,-128.0,43757
-117.0,-3.0,-128.0,43758
-117.0,-3.0,-128.0,44007
-117.0,-3.0,-128.0,44007
-117.0,-3.0,-128.0,44007
-117.0,-3.0,-128.0,44007
-98.0,-10.0,3681.0,44007
-98.0,-10.0,3681.0,44257
-98.0,-10.0,3681.0,44257
-98.0,-10.0,3681.0,44257
-98.0,-10.0,3681.0,44257
-98.0,-10.0,3681.0,44258
-98.0,-10.0,3681.0,44507
-98.0,-10.0,3681.0,44507
-98.0,-10.0,3681.0,44507
-98.0,-10.0,3681.0,44507
-98.0,-10.0,3681.0,44507
-98.0,-10.0,3681.0,44507
-98.0,-10.0,3681.0,44756
-98.0,-10.0,3681.0,44757
-98.0,-10.0,3681.0,44757
-98.0,-10.0,3681.0,44757
-98.0,-10.0,3681.0,44757
-98.0,-10.0,3681.0,44757
-98.0,-10.0,3681.0,45006
-98.0,-10.0,3681.0,45007
-98.0,-10.0,3681.0,45007
-98.0,-10.0,3681.0,45007
-98.0,-10.0,3681.0,45008
-98.0,-10.0,3681.0,45008
-98.0,-10.0,3681.0,45257
-98.0,-10.0,3681.0,45257
-98.0,-10.0,3681.0,45257
-124.0,-8.0,3701.0,45258
-124.0,-8.0,3701.0,45258
-124.0,-8.0,3701.0,45506
-124.0,-8.0,3701.0,45506
-124.0,-8.0,3701.0,45507
-124.0,-8.0,3701.0,45507
-124.0,-8.0,3701.0,45507
-124.0,-8.0,3701.0,45507
-124.0,-8.0,3701.0,45756
-124.0,-8.0,3701.0,45756
-124.0,-8.0,3701.0,45756
-124.0,-8.0,3701.0,45756
-124.0,-8.0,3701.0,46006
-124.0,-8.0,3701.0,46006
-124.0,-8.0,3701.0,46007
-124.0,-8.0,3701.0,46007
-124.0,-8.0,3701.0,46007
-124.0,-8.0,3701.0,46007
-124.0,-8.0,3701.0,46256
-124.0,-8.0,3701.0,46256
-124.0,-8.0,3701.0,46256
-124.0,-8.0,3701.0,46257
-124.0,-8.0,3701.0,46506
-124.0,-8.0,3701.0,46506
-119.0,-4.0,-116.0,46507
-119.0,-4.0,-116.0,46507
-119.0,-4.0,-116.0,46507
-119.0,-4.0,-116.0,46756
-119.0,-4.0,-116.0,46757
-119.0,-4.0,-116.0,46757
-119.0,-4.0,-116.0,46757
-119.0,-4.0,-116.0,46757
-119.0,-4.0,-116.0,46757
-119.0,-4.0,-116.0,47006
-119.0,-4.0,-116.0,47006
-119.0,-4.0,-116.0,47007
-119.0,-4.0,-116.0,47007
-119.0,-4.0,-116.0,47007
-119.0,-4.0,-116.0,47256
-119.0,-4.0,-116.0,47257
-119.0,-4.0,-116.0,47257
-119.0,-4.0,-116.0,47257
-119.0,-4.0,-116.0,47257
-119.0,-4.0,-116.0,47258
-119.0,-4.0,-116.0,47506
-119.0,-4.0,-116.0,47507
-119.0,-4.0,-116.0,47507
-119.0,-4.0,-116.0,47507
-119.0,-4.0,-116.0,47507
-119.0,-4.0,-116.0,47507
-108.0,-18.0,3711.0,47756
-108.0,-18.0,3711.0,47756
-108.0,-18.0,3711.0,47756
-108.0,-18.0,3711.0,47757
-108.0,-18.0,3711.0,47757
-108.0,-18.0,3711.0,48006
-108.0,-18.0,3711.0,48006
-108.0,-18.0,3711.0,48006
-108.0,-18.0,3711.0,48006
-108.0,-18.0,3711.0,48007
-108.0,-18.0,3711.0,48007
-108.0,-18.0,3711.0,48255
-108.0,-18.0,3711.0,48256
-108.0,-18.0,3711.0,48256
-108.0,-18.0,3711.0,48256
-108.0,-18.0,3711.0,48256
-108.0,-18.0,3711.0,48256
-108.0,-18.0,3711.0,48506
-108.0,-18.0,3711.0,48506
-108.0,-18.0,3711.0,48506
-108.0,-18.0,3711.0,48506
-108.0,-18.0,3711.0,48756
-108.0,-18.0,3711.0,48756
-108.0,-18.0,3711.0,48756
-108.0,-18.0,3711.0,48756
-108.0,-14.0,3707.0,48757
-108.0,-14.0,3707.0,48757
-108.0,-14.0,3707.0,49015
-108.0,-14.0,3707.0,49016
-108.0,-14.0,3707.0,49016
-108.0,-14.0,3707.0,49017
-108.0,-14.0,3707.0,49017
-108.0,-14.0,3707.0,49256
-108.0,-14.0,3707.0,49256
-108.0,-14.0,3707.0,49256
-108.0,-14.0,3707.0,49256
-108.0,-14.0,3707.0,49257
-108.0,-14.0,3707.0,49506
-108.0,-14.0,3707.0,49506
-108.0,-14.0,3707.0,49506
-108.0,-14.0,3707.0,49506
-108.0,-14.0,3707.0,49506
-108.0,-14.0,3707.0,49746
-108.0,-14.0,3707.0,49746
-108.0,-14.0,3707.0,49746
-108.0,-14.0,3707.0,49746
-108.0,-14.0,3707.0,49747
-108.0,-14.0,3707.0,49747
-108.0,-14.0,3707.0,50006
-108.0,-14.0,3707.0,50006
-108.0,-7.0,3697.0,50006
-108.0,-7.0,3697.0,50006
-108.0,-7.0,3697.0,50006
-108.0,-7.0,3697.0,50007
-108.0,-7.0,3697.0,50255
-108.0,-7.0,3697.0,50255
-108.0,-7.0,3697.0,50256
-108.0,-7.0,3697.0,50256
-108.0,-7.0,3697.0,50505
-108.0,-7.0,3697.0,50506
-108.0,-7.0,3697.0,50506
-108.0,-7.0,3697.0,50506
-108.0,-7.0,3697.0,50506
-108.0,-7.0,3697.0,50506
-108.0,-7.0,3697.0,50756
-108.0,-7.0,3697.0,50756
-108.0,-7.0,3697.0,50756
-108.0,-7.0,3697.0,50756
-108.0,-7.0,3697.0,50757
-108.0,-7.0,3697.0,50757
-108.0,-7.0,3697.0,51005
-108.0,-7.0,3697.0,51006
-108.0,-7.0,3697.0,51006
-108.0,-7.0,3697.0,51006
-108.0,-7.0,3697.0,51006
-108.0,-7.0,3697.0,51255
-124.0,-23.0,3700.0,51255
-124.0,-23.0,3700.0,51255
-124.0,-23.0,3700.0,51256
-124.0,-23.0,3700.0,51256
-124.0,-23.0,3700.0,51505
-124.0,-23.0,3700.0,51505
-124.0,-23.0,3700.0,51506
-124.0,-23.0,3700.0,51506
-124.0,-23.0,3700.0,51506
-124.0,-23.0,3700.0,51506
-124.0,-23.0,3700.0,51755
-124.0,-23.0,3700.0,51755
-124.0,-23.0,3700.0,51755
-124.0,-23.0,3700.0,51756
-124.0,-23.0,3700.0,51756
-124.0,-23.0,3700.0,51756
-124.0,-23.0,3700.0,52005
-124.0,-23.0,3700.0,52005
-124.0,-23.0,3700.0,52006
-124.0,-23.0,3700.0,52006
-124.0,-23.0,3700.0,52006
-124.0,-23.0,3700.0,52255
-124.0,-23.0,3700.0,52255
-124.0,-23.0,3700.0,52255
-124.0,-23.0,3700.0,52255
-124.0,-23.0,3700.0,52255
-122.0,-15.0,-128.0,52505
-122.0,-15.0,-128.0,52505
-122.0,-15.0,-128.0,52506
-122.0,-15.0,-128.0,52506
-122.0,-15.0,-128.0,52506
-122.0,-15.0,-128.0,52506
-122.0,-15.0,-128.0,52755
-122.0,-15.0,-128.0,52755
-122.0,-15.0,-128.0,52755
-122.0,-15.0,-128.0,52755
-122.0,-15.0,-128.0,52756
-122.0,-15.0,-128.0,52756
-122.0,-15.0,-128.0,53005
-122.0,-15.0,-128.0,53005
-122.0,-15.0,-128.0,53006
-122.0,-15.0,-128.0,53006
-122.0,-15.0,-128.0,53006
-122.0,-15.0,-128.0,53007
-122.0,-15.0,-128.0,53257
-122.0,-15.0,-128.0,53257
-122.0,-15.0,-128.0,53258
-122.0,-15.0,-128.0,53258
-122.0,-15.0,-128.0,53258
-122.0,-15.0,-128.0,53258
-122.0,-15.0,-128.0,53505
-122.0,-15.0,-128.0,53505
-103.0,-8.0,-128.0,53506
-103.0,-8.0,-128.0,53506
-103.0,-8.0,-128.0,53506
-103.0,-8.0,-128.0,53754
-103.0,-8.0,-128.0,53755
-103.0,-8.0,-128.0,53755
-103.0,-8.0,-128.0,53755
-103.0,-8.0,-128.0,53755
-103.0,-8.0,-128.0,54017
-103.0,-8.0,-128.0,54020
-103.0,-8.0,-128.0,54021
-103.0,-8.0,-128.0,54021
-103.0,-8.0,-128.0,54022
-103.0,-8.0,-128.0,54245
-103.0,-8.0,-128.0,54245
-103.0,-8.0,-128.0,54245
-103.0,-8.0,-128.0,54246
-103.0,-8.0,-128.0,54246
-103.0,-8.0,-128.0,54505
-103.0,-8.0,-128.0,54506
-103.0,-8.0,-128.0,54506
-103.0,-8.0,-128.0,54506
-103.0,-8.0,-128.0,54506
-103.0,-8.0,-128.0,54506
-103.0,-8.0,-128.0,54745
-103.0,-8.0,-128.0,54746
-114.0,-8.0,3706.0,54746
-114.0,-8.0,3706.0,54746
-114.0,-8.0,3706.0,54746
-114.0,-8.0,3706.0,54747
-114.0,-8.0,3706.0,55005
-114.0,-8.0,3706.0,55006
-114.0,-8.0,3706.0,55006
-114.0,-8.0,3706.0,55007
-114.0,-8.0,3706.0,55007
-114.0,-8.0,3706.0,55007
-114.0,-8.0,3706.0,55254
-114.0,-8.0,3706.0,55255
-114.0,-8.0,3706.0,55255
-114.0,-8.0,3706.0,55255
-114.0,-8.0,3706.0,55505
-114.0,-8.0,3706.0,55506
-114.0,-8.0,3706.0,55506
-114.0,-8.0,3706.0,55506
-114.0,-8.0,3706.0,55506
-114.0,-8.0,3706.0,55755
-114.0,-8.0,3706.0,55755
-114.0,-8.0,3706.0,55755
-114.0,-8.0,3706.0,55756
-114.0,-8.0,3706.0,55756
-114.0,-8.0,3706.0,55756
-99.0,-19.0,3690.0,56005
-99.0,-19.0,3690.0,56005
-99.0,-19.0,3690.0,56005
-99.0,-19.0,3690.0,56006
-99.0,-19.0,3690.0,56006
-99.0,-19.0,3690.0,56254
-99.0,-19.0,3690.0,56254
-99.0,-19.0,3690.0,56255
-99.0,-19.0,3690.0,56255
-99.0,-19.0,3690.0,56255
-99.0,-19.0,3690.0,56504
-99.0,-19.0,3690.0,56505
-99.0,-19.0,3690.0,56505
-99.0,-19.0,3690.0,56505
-99.0,-19.0,3690.0,56505
-99.0,-19.0,3690.0,56506
-99.0,-19.0,3690.0,56754
-99.0,-19.0,3690.0,56754
-99.0,-19.0,3690.0,56763
-99.0,-19.0,3690.0,56763
-99.0,-19.0,3690.0,56764
-99.0,-19.0,3690.0,57005
-99.0,-19.0,3690.0,57005
-99.0,-19.0,3690.0,57006
-99.0,-19.0,3690.0,57006
-95.0,-25.0,3707.0,57006
-95.0,-25.0,3707.0,57254
-95.0,-25.0,3707.0,57254
-95.0,-25.0,3707.0,57254
-95.0,-25.0,3707.0,57254
-95.0,-25.0,3707.0,57255
-95.0,-25.0,3707.0,57505
-95.0,-25.0,3707.0,57505
-95.0,-25.0,3707.0,57505
-95.0,-25.0,3707.0,57505
-95.0,-25.0,3707.0,57505
-95.0,-25.0,3707.0,57755
-95.0,-25.0,3707.0,57755
-95.0,-25.0,3707.0,57755
-95.0,-25.0,3707.0,57756
-95.0,-25.0,3707.0,57756
-95.0,-25.0,3707.0,57756
-95.0,-25.0,3707.0,58004
-95.0,-25.0,3707.0,58005
-95.0,-25.0,3707.0,58005
-95.0,-25.0,3707.0,58005
-95.0,-25.0,3707.0,58005
-95.0,-25.0,3707.0,58005
-95.0,-25.0,3707.0,58254
-95.0,-25.0,3707.0,58254
-92.0,-17.0,3700.0,58255
-92.0,-17.0,3700.0,58255
-92.0,-17.0,3700.0,58255
-92.0,-17.0,3700.0,58255
-92.0,-17.0,3700.0,58515
-92.0,-17.0,3700.0,58515
-92.0,-17.0,3700.0,58515
-92.0,-17.0,3700.0,58516
-92.0,-17.0,3700.0,58516
-92.0,-17.0,3700.0,58757
-92.0,-17.0,3700.0,58757
-92.0,-17.0,3700.0,58758
-92.0,-17.0,3700.0,58758
-92.0,-17.0,3700.0,58758
-92.0,-17.0,3700.0,59005
-92.0,-17.0,3700.0,59005
-92.0,-17.0,3700.0,59006
-92.0,-17.0,3700.0,59006
-92.0,-17.0,3700.0,59006
-92.0,-17.0,3700.0,59006
-92.0,-17.0,3700.0,59254
-92.0,-17.0,3700.0,59255
-92.0,-17.0,3700.0,59255
-92.0,-17.0,3700.0,59255
-92.0,-17.0,3700.0,59256
-92.0,-17.0,3700.0,59506
-99.0,-26.0,-128.0,59506
-99.0,-26.0,-128.0,59506
-99.0,-26.0,-128.0,59507
-99.0,-26.0,-128.0,59754
-99.0,-26.0,-128.0,59754
-99.0,-26.0,-128.0,59755
-99.0,-26.0,-128.0,59755
-99.0,-26.0,-128.0,59755
-99.0,-26.0,-128.0,59755
-99.0,-26.0,-128.0,60004
-99.0,-26.0,-128.0,60004
-99.0,-26.0,-128.0,60004
-99.0,-26.0,-128.0,60004
-99.0,-26.0,-128.0,60004
-99.0,-26.0,-128.0,60005
-99.0,-26.0,-128.0,60254
-99.0,-26.0,-128.0,60254
-99.0,-26.0,-128.0,60254
-99.0,-26.0,-128.0,60254
-99.0,-26.0,-128.0,60255
-99.0,-26.0,-128.0,60255
-99.0,-26.0,-128.0,60504
-99.0,-26.0,-128.0,60504
-99.0,-26.0,-128.0,60504
-99.0,-26.0,-128.0,60504
-103.0,-5.0,3703.0,60505
-103.0,-5.0,3703.0,60764
-103.0,-5.0,3703.0,60765
-103.0,-5.0,3703.0,60765
-103.0,-5.0,3703.0,60765
-103.0,-5.0,3703.0,60765
-103.0,-5.0,3703.0,61004
-103.0,-5.0,3703.0,61004
-103.0,-5.0,3703.0,61005
-103.0,-5.0,3703.0,61005
-103.0,-5.0,3703.0,61005
-103.0,-5.0,3703.0,61005
-103.0,-5.0,3703.0,61254
-103.0,-5.0,3703.0,61254
-103.0,-5.0,3703.0,61254
-103.0,-5.0,3703.0,61254
-103.0,-5.0,3703.0,61255
-103.0,-5.0,3703.0,61255
-103.0,-5.0,3703.0,61504
-103.0,-5.0,3703.0,61504
-103.0,-5.0,3703.0,61504
-103.0,-5.0,3703.0,61504
-103.0,-5.0,3703.0,61504
-103.0,-5.0,3703.0,61755
-103.0,-5.0,3703.0,61755
-103.0,-5.0,3703.0,61756
-117.0,-19.0,3699.0,61756
-117.0,-19.0,3699.0,61756
-117.0,-19.0,3699.0,61756
-117.0,-19.0,3699.0,62004
-117.0,-19.0,3699.0,62004
-117.0,-19.0,3699.0,62004
-117.0,-19.0,3699.0,62005
-117.0,-19.0,3699.0,62005
-117.0,-19.0,3699.0,62255
-117.0,-19.0,3699.0,62256
-117.0,-19.0,3699.0,62256
-117.0,-19.0,3699.0,62257
-117.0,-19.0,3699.0,62257
-117.0,-19.0,3699.0,62257
-117.0,-19.0,3699.0,62504
-117.0,-19.0,3699.0,62504
-117.0,-19.0,3699.0,62504
-117.0,-19.0,3699.0,62505
-117.0,-19.0,3699.0,62505
-117.0,-19.0,3699.0,62505
-117.0,-19.0,3699.0,62754
-117.0,-19.0,3699.0,62756
-117.0,-19.0,3699.0,62756
-117.0,-19.0,3699.0,62757
-117.0,-19.0,3699.0,62757
-117.0,-19.0,3699.0,62757
-117.0,-19.0,3699.0,63003
-100.0,-12.0,3708.0,63003
-100.0,-12.0,3708.0,63004
-100.0,-12.0,3708.0,63004
-100.0,-12.0,3708.0,63004
-100.0,-12.0,3708.0,63253
-100.0,-12.0,3708.0,63254
-100.0,-12.0,3708.0,63254
-100.0,-12.0,3708.0,63254
-100.0,-12.0,3708.0,63254
-100.0,-12.0,3708.0,63504
-100.0,-12.0,3708.0,63504
-100.0,-12.0,3708.0,63504
-100.0,-12.0,3708.0,63505
-100.0,-12.0,3708.0,63505
-100.0,-12.0,3708.0,63505
-100.0,-12.0,3708.0,63744
-100.0,-12.0,3708.0,63744
-100.0,-12.0,3708.0,63745
-100.0,-12.0,3708.0,63745
-100.0,-12.0,3708.0,63745
-100.0,-12.0,3708.0,63746
-100.0,-12.0,3708.0,64003
-100.0,-12.0,3708.0,64003
-100.0,-12.0,3708.0,64004
-100.0,-12.0,3708.0,64004
-100.0,-12.0,3708.0,64004
-105.0,-14.0,-117.0,64253
-105.0,-14.0,-117.0,64253
-105.0,-14.0,-117.0,64254
-105.0,-14.0,-117.0,64254
-105.0,-14.0,-117.0,64254
-105.0,-14.0,-117.0,64503
-105.0,-14.0,-117.0,64504
-105.0,-14.0,-117.0,64504
-105.0,-14.0,-117.0,64504
-105.0,-14.0,-117.0,64505
-105.0,-14.0,-117.0,64506
-105.0,-14.0,-117.0,64753
-105.0,-14.0,-117.0,64753
-105.0,-14.0,-117.0,64754
-105.0,-14.0,-117.0,64754
-105.0,-14.0,-117.0,64754
-105.0,-14.0,-117.0,64754
-105.0,-14.0,-117.0,65004
-105.0,-14.0,-117.0,65004
-105.0,-14.0,-117.0,65004
-105.0,-14.0,-117.0,65004
-105.0,-14.0,-117.0,65004
-105.0,-14.0,-117.0,65005
-105.0,-14.0,-117.0,65253
-105.0,-14.0,-117.0,65253
-105.0,-14.0,-117.0,65254
-105.0,-14.0,-117.0,65254
-112.0,-12.0,3704.0,65254
-112.0,-12.0,3704.0,65503
-112.0,-12.0,3704.0,65503
-112.0,-12.0,3704.0,65503
-112.0,-12.0,3704.0,65504
-112.0,-12.0,3704.0,65754
-112.0,-12.0,3704.0,65754
-112.0,-12.0,3704.0,65754
-112.0,-12.0,3704.0,65754
-112.0,-12.0,3704.0,65754
-112.0,-12.0,3704.0,66003
-112.0,-12.0,3704.0,66003
-112.0,-12.0,3704.0,66004
-112.0,-12.0,3704.0,66004
-112.0,-12.0,3704.0,66004
-112.0,-12.0,3704.0,66254
-112.0,-12.0,3704.0,66254
-112.0,-12.0,3704.0,66254
-112.0,-12.0,3704.0,66254
-112.0,-12.0,3704.0,66254
-112.0,-12.0,3704.0,66254
-112.0,-12.0,3704.0,66503
-112.0,-12.0,3704.0,66503
-96.0,-24.0,3698.0,66503
-96.0,-24.0,3698.0,66503
-96.0,-24.0,3698.0,66503
-96.0,-24.0,3698.0,66503
-96.0,-24.0,3698.0,66753
-96.0,-24.0,3698.0,66753
-96.0,-24.0,3698.0,66754
-96.0,-24.0,3698.0,66754
-96.0,-24.0,3698.0,66754
-96.0,-24.0,3698.0,67003
-96.0,-24.0,3698.0,67003
-96.0,-24.0,3698.0,67003
-96.0,-24.0,3698.0,67003
-96.0,-24.0,3698.0,67253
-96.0,-24.0,3698.0,67253
-96.0,-24.0,3698.0,67253
-96.0,-24.0,3698.0,67253
-96.0,-24.0,3698.0,67253
-96.0,-24.0,3698.0,67253
-96.0,-24.0,3698.0,67504
-96.0,-24.0,3698.0,67504
-96.0,-24.0,3698.0,67504
-96.0,-24.0,3698.0,67504
-96.0,-24.0,3698.0,67504
-96.0,-24.0,3698.0,67505
-105.0,-11.0,3693.0,67753
-105.0,-11.0,3693.0,67753
-105.0,-11.0,3693.0,67753
-105.0,-11.0,3693.0,67753
-105.0,-11.0,3693.0,67753
-105.0,-11.0,3693.0,68013
-105.0,-11.0,3693.0,68013
-105.0,-11.0,3693.0,68013
-105.0,-11.0,3693.0,68014
-105.0,-11.0,3693.0,68014
-105.0,-11.0,3693.0,68014
-105.0,-11.0,3693.0,68253
-105.0,-11.0,3693.0,68254
-105.0,-11.0,3693.0,68254
-105.0,-11.0,3693.0,68254
-105.0,-11.0,3693.0,68254
-105.0,-11.0,3693.0,68506
-105.0,-11.0,3693.0,68506
-105.0,-11.0,3693.0,68506
-105.0,-11.0,3693.0,68507
-105.0,-11.0,3693.0,68507
-105.0,-11.0,3693.0,68507
-105.0,-11.0,3693.0,68754
-105.0,-11.0,3693.0,68754
-105.0,-11.0,3693.0,68755
-105.0,-11.0,3693.0,68755
-105.0,-11.0,3693.0,68755
-107.0,-22.0,3706.0,68755
-107.0,-22.0,3706.0,69004
-107.0,-22.0,3706.0,69005
-107.0,-22.0,3706.0,69005
-107.0,-22.0,3706.0,69006
-107.0,-22.0,3706.0,69006
-107.0,-22.0,3706.0,69253
-107.0,-22.0,3706.0,69253
-107.0,-22.0,3706.0,69253
-107.0,-22.0,3706.0,69253
-107.0,-22.0,3706.0,69254
-107.0,-22.0,3706.0,69505
-107.0,-22.0,3706.0,69505
-107.0,-22.0,3706.0,69506
-107.0,-22.0,3706.0,69506
-107.0,-22.0,3706.0,69506
-107.0,-22.0,3706.0,69754
-107.0,-22.0,3706.0,69755
-107.0,-22.0,3706.0,69756
-107.0,-22.0,3706.0,69756
-107.0,-22.0,3706.0,69756
-107.0,-22.0,3706.0,69757
-107.0,-22.0,3706.0,70003
-107.0,-22.0,3706.0,70004
-103.0,-12.0,3690.0,70004
-103.0,-12.0,3690.0,70005
-103.0,-12.0,3690.0,70253
-103.0,-12.0,3690.0,70253
-103.0,-12.0,3690.0,70253
-103.0,-12.0,3690.0,70254
-103.0,-12.0,3690.0,70254
-103.0,-12.0,3690.0,70254
-103.0,-12.0,3690.0,70502
-103.0,-12.0,3690.0,70503
-103.0,-12.0,3690.0,70504
-103.0,-12.0,3690.0,70504
-103.0,-12.0,3690.0,70504
-103.0,-12.0,3690.0,70505
-103.0,-12.0,3690.0,70753
-103.0,-12.0,3690.0,70754
-103.0,-12.0,3690.0,70754
-103.0,-12.0,3690.0,70756
-103.0,-12.0,3690.0,70758
-103.0,-12.0,3690.0,71004
-103.0,-12.0,3690.0,71004
-103.0,-12.0,3690.0,71005
-103.0,-12.0,3690.0,71005
-103.0,-12.0,3690.0,71005
-103.0,-12.0,3690.0,71243
-103.0,-12.0,3690.0,71243
-115.0,-11.0,3708.0,71243
-115.0,-11.0,3708.0,71243
-115.0,-11.0,3708.0,71244
-115.0,-11.0,3708.0,71244
-115.0,-11.0,3708.0,71502
-115.0,-11.0,3708.0,71503
-115.0,-11.0,3708.0,71503
-115.0,-11.0,3708.0,71503
-115.0,-11.0,3708.0,71503
-115.0,-11.0,3708.0,71513
-115.0,-11.0,3708.0,71752
-115.0,-11.0,3708.0,71752
-115.0,-11.0,3708.0,71752
-115.0,-11.0,3708.0,71753
-115.0,-11.0,3708.0,71754
-115.0,-11.0,3708.0,72003
-115.0,-11.0,3708.0,72003
-115.0,-11.0,3708.0,72004
-115.0,-11.0,3708.0,72006
-115.0,-11.0,3708.0,72006
-115.0,-11.0,3708.0,72006
-115.0,-11.0,3708.0,72253
-115.0,-11.0,3708.0,72254
-115.0,-11.0,3708.0,72255
-115.0,-11.0,3708.0,72255
-115.0,-11.0,3708.0,72256
-102.0,-18.0,-124.0,72502
-102.0,-18.0,-124.0,72502
-102.0,-18.0,-124.0,72503
-102.0,-18.0,-124.0,72503
-102.0,-18.0,-124.0,72503
-102.0,-18.0,-124.0,72503
-102.0,-18.0,-124.0,72753
-102.0,-18.0,-124.0,72754
-102.0,-18.0,-124.0,72756
-102.0,-18.0,-124.0,72756
-102.0,-18.0,-124.0,72756
-102.0,-18.0,-124.0,73003
-102.0,-18.0,-124.0,73003
-102.0,-18.0,-124.0,73004
-102.0,-18.0,-124.0,73004
-102.0,-18.0,-124.0,73004
-102.0,-18.0,-124.0,73004
-102.0,-18.0,-124.0,73252
-102.0,-18.0,-124.0,73252
-102.0,-18.0,-124.0,73252
-102.0,-18.0,-124.0,73252
-102.0,-18.0,-124.0,73503
-102.0,-18.0,-124.0,73503
-102.0,-18.0,-124.0,73503
-102.0,-18.0,-124.0,73503
-102.0,-18.0,-124.0,73503
-111.0,-9.0,-104.0,73503
-111.0,-9.0,-104.0,73752
-111.0,-9.0,-104.0,73752
-111.0,-9.0,-104.0,73752
-111.0,-9.0,-104.0,73752
-111.0,-9.0,-104.0,73753
-111.0,-9.0,-104.0,74002
-111.0,-9.0,-104.0,74002
-111.0,-9.0,-104.0,74003
-111.0,-9.0,-104.0,74004
-111.0,-9.0,-104.0,74004
-111.0,-9.0,-104.0,74252
-111.0,-9.0,-104.0,74253
-111.0,-9.0,-104.0,74253
-111.0,-9.0,-104.0,74253
-111.0,-9.0,-104.0,74253
-111.0,-9.0,-104.0,74504
-111.0,-9.0,-104.0,74504
-111.0,-9.0,-104.0,74505
-111.0,-9.0,-104.0,74505
-111.0,-9.0,-104.0,74506
-111.0,-9.0,-104.0,74506
-111.0,-9.0,-104.0,74752
-111.0,-9.0,-104.0,74752
-109.0,-13.0,-122.0,74753
-109.0,-13.0,-122.0,74753
-109.0,-13.0,-122.0,74753
-109.0,-13.0,-122.0,75002
-109.0,-13.0,-122.0,75003
-109.0,-13.0,-122.0,75004
-109.0,-13.0,-122.0,75004
-109.0,-13.0,-122.0,75004
-109.0,-13.0,-122.0,75005
-109.0,-13.0,-122.0,75252
-109.0,-13.0,-122.0,75252
-109.0,-13.0,-122.0,75253
-109.0,-13.0,-122.0,75253
-109.0,-13.0,-122.0,75253
-109.0,-13.0,-122.0,75502
-109.0,-13.0,-122.0,75502
-109.0,-13.0,-122.0,75503
-109.0,-13.0,-122.0,75503
-109.0,-13.0,-122.0,75503
-109.0,-13.0,-122.0,75742
-109.0,-13.0,-122.0,75742
-109.0,-13.0,-122.0,75743
-109.0,-13.0,-122.0,75743
-109.0,-13.0,-122.0,75743
-109.0,-13.0,-122.0,75743
-109.0,-13.0,-122.0,76002
-109.0,-13.0,-122.0,76003
-105.0,-247.0,3701.0,76003
-105.0,-247.0,3701.0,76003
-105.0,-247.0,3701.0,76003
-105.0,-247.0,3701.0,76003
-105.0,-247.0,3701.0,76255
-105.0,-247.0,3701.0,76255
-105.0,-247.0,3701.0,76255
-105.0,-247.0,3701.0,76255
-105.0,-247.0,3701.0,76255
-105.0,-247.0,3701.0,76256
-105.0,-247.0,3701.0,76502
-105.0,-247.0,3701.0,76502
-105.0,-247.0,3701.0,76502
-105.0,-247.0,3701.0,76502
-105.0,-247.0,3701.0,76502
-105.0,-247.0,3701.0,76502
-105.0,-247.0,3701.0,76752
-105.0,-247.0,3701.0,76752
-105.0,-247.0,3701.0,76752
-105.0,-247.0,3701.0,76752
-105.0,-247.0,3701.0,76752
-105.0,-247.0,3701.0,77001
-105.0,-247.0,3701.0,77002
-105.0,-247.0,3701.0,77002
-105.0,-247.0,3701.0,77002
-100.0,-28.0,3709.0,77002
-100.0,-28.0,3709.0,77251
-100.0,-28.0,3709.0,77252
-100.0,-28.0,3709.0,77252
-100.0,-28.0,3709.0,77252
-100.0,-28.0,3709.0,77252
-100.0,-28.0,3709.0,77501
-100.0,-28.0,3709.0,77502
-100.0,-28.0,3709.0,77502
-100.0,-28.0,3709.0,77502
-100.0,-28.0,3709.0,77502
-100.0,-28.0,3709.0,77502
-100.0,-28.0,3709.0,77751
-100.0,-28.0,3709.0,77752
-100.0,-28.0,3709.0,77752
-100.0,-28.0,3709.0,77752
-100.0,-28.0,3709.0,77752
-100.0,-28.0,3709.0,78001
-100.0,-28.0,3709.0,78001
-100.0,-28.0,3709.0,78001
-100.0,-28.0,3709.0,78002
-100.0,-28.0,3709.0,78002
-100.0,-28.0,3709.0,78002
-100.0,-28.0,3709.0,78262
-100.0,-28.0,3709.0,78264
-100.0,-28.0,3709.0,78264
-100.0,-28.0,3709.0,78264
-114.0,-33.0,3703.0,78264
-114.0,-33.0,3703.0,78264
-114.0,-33.0,3703.0,78501
-114.0,-33.0,3703.0,78502
-114.0,-33.0,3703.0,78502
-114.0,-33.0,3703.0,78502
-114.0,-33.0,3703.0,78502
-114.0,-33.0,3703.0,78503
-114.0,-33.0,3703.0,78752
-114.0,-33.0,3703.0,78752
-114.0,-33.0,3703.0,78752
-114.0,-33.0,3703.0,78753
-114.0,-33.0,3703.0,78753
-114.0,-33.0,3703.0,79001
-114.0,-33.0,3703.0,79001
-114.0,-33.0,3703.0,79001
-114.0,-33.0,3703.0,79002
-114.0,-33.0,3703.0,79002
-114.0,-33.0,3703.0,79002
-114.0,-33.0,3703.0,79251
-114.0,-33.0,3703.0,79252
-114.0,-33.0,3703.0,79252
-114.0,-33.0,3703.0,79252
-114.0,-33.0,3703.0,79252
-114.0,-33.0,3703.0,79501
-114.0,-33.0,3703.0,79502
-107.0,-15.0,3706.0,79502
-107.0,-15.0,3706.0,79502
-107.0,-15.0,3706.0,79503
-107.0,-15.0,3706.0,79503
-107.0,-15.0,3706.0,79752
-107.0,-15.0,3706.0,79752
-107.0,-15.0,3706.0,79752
-107.0,-15.0,3706.0,79752
-107.0,-15.0,3706.0,79753
-107.0,-15.0,3706.0,79753
-107.0,-15.0,3706.0,80002
-107.0,-15.0,3706.0,80002
-107.0,-15.0,3706.0,80002
-107.0,-15.0,3706.0,80003
-107.0,-15.0,3706.0,80003
-107.0,-15.0,3706.0,80003
-107.0,-15.0,3706.0,80251
-107.0,-15.0,3706.0,80251
-107.0,-15.0,3706.0,80252
-107.0,-15.0,3706.0,80252
-107.0,-15.0,3706.0,80252
-107.0,-15.0,3706.0,80502
-107.0,-15.0,3706.0,80502
-107.0,-15.0,3706.0,80503
-107.0,-15.0,3706.0,80503
-107.0,-15.0,3706.0,80503
-107.0,-15.0,3706.0,80503
-126.0,-5.0,3684.0,80752
-126.0,-5.0,3684.0,80752
-126.0,-5.0,3684.0,80752
-126.0,-5.0,3684.0,80752
-126.0,-5.0,3684.0,80752
-126.0,-5.0,3684.0,81002
-126.0,-5.0,3684.0,81002
-126.0,-5.0,3684.0,81002
-126.0,-5.0,3684.0,81002
-126.0,-5.0,3684.0,81251
-126.0,-5.0,3684.0,81252
-126.0,-5.0,3684.0,81252
-126.0,-5.0,3684.0,81252
-126.0,-5.0,3684.0,81252
-126.0,-5.0,3684.0,81252
-126.0,-5.0,3684.0,81501
-126.0,-5.0,3684.0,81501
-126.0,-5.0,3684.0,81501
-126.0,-5.0,3684.0,81501
-126.0,-5.0,3684.0,81502
-126.0,-5.0,3684.0,81502
-126.0,-5.0,3684.0,81751
-126.0,-5.0,3684.0,81751
-126.0,-5.0,3684.0,81751
-126.0,-5.0,3684.0,81751
-110.0,-10.0,3709.0,81751
-110.0,-10.0,3709.0,81751
-110.0,-10.0,3709.0,82001
-110.0,-10.0,3709.0,82001
-110.0,-10.0,3709.0,82001
-110.0,-10.0,3709.0,82002
-110.0,-10.0,3709.0,82002
-110.0,-10.0,3709.0,82002
-110.0,-10.0,3709.0,82251
-110.0,-10.0,3709.0,82251
-110.0,-10.0,3709.0,82251
-110.0,-10.0,3709.0,82252
-110.0,-10.0,3709.0,82252
-110.0,-10.0,3709.0,82501
-110.0,-10.0,3709.0,82502
-110.0,-10.0,3709.0,82503
-110.0,-10.0,3709.0,82503
-110.0,-10.0,3709.0,82503
-110.0,-10.0,3709.0,82503
-110.0,-10.0,3709.0,82751
-110.0,-10.0,3709.0,82751
-110.0,-10.0,3709.0,82752
-110.0,-10.0,3709.0,82752
-110.0,-10.0,3709.0,82752
-110.0,-10.0,3709.0,83002
-110.0,-10.0,3709.0,83002
-110.0,-10.0,3709.0,83002
-116.0,-254.0,3705.0,83002
-116.0,-254.0,3705.0,83002
-116.0,-254.0,3705.0,83002
-116.0,-254.0,3705.0,83250
-116.0,-254.0,3705.0,83251
-116.0,-254.0,3705.0,83251
-116.0,-254.0,3705.0,83251
-116.0,-254.0,3705.0,83251
-116.0,-254.0,3705.0,83251
-116.0,-254.0,3705.0,83501
-116.0,-254.0,3705.0,83501
-116.0,-254.0,3705.0,83501
-116.0,-254.0,3705.0,83501
-116.0,-254.0,3705.0,83502
-116.0,-254.0,3705.0,83502
-116.0,-254.0,3705.0,83751
-116.0,-254.0,3705.0,83751
-116.0,-254.0,3705.0,83751
-116.0,-254.0,3705.0,83751
-116.0,-254.0,3705.0,83751
-116.0,-254.0,3705.0,84000
-116.0,-254.0,3705.0,84001
-116.0,-254.0,3705.0,84001
-116.0,-254.0,3705.0,84001
-116.0,-254.0,3705.0,84001
-116.0,-254.0,3705.0,84001
-116.0,-254.0,3705.0,84251
-122.0,-10.0,3707.0,84251
-122.0,-10.0,3707.0,84251
-122.0,-10.0,3707.0,84252
-122.0,-10.0,3707.0,84252
-122.0,-10.0,3707.0,84501
-122.0,-10.0,3707.0,84501
-122.0,-10.0,3707.0,84502
-122.0,-10.0,3707.0,84503
-122.0,-10.0,3707.0,84503
-122.0,-10.0,3707.0,84751
-122.0,-10.0,3707.0,84751
-122.0,-10.0,3707.0,84753
-122.0,-10.0,3707.0,84753
-122.0,-10.0,3707.0,85001
-122.0,-10.0,3707.0,85001
-122.0,-10.0,3707.0,85001
-122.0,-10.0,3707.0,85002
-122.0,-10.0,3707.0,85002
-122.0,-10.0,3707.0,85003
-122.0,-10.0,3707.0,85251
-122.0,-10.0,3707.0,85252
-122.0,-10.0,3707.0,85252
-122.0,-10.0,3707.0,85252
-120.0,-15.0,3706.0,85253
-120.0,-15.0,3706.0,85253
-120.0,-15.0,3706.0,85501
-120.0,-15.0,3706.0,85502
-120.0,-15.0,3706.0,85502
-120.0,-15.0,3706.0,85502
-120.0,-15.0,3706.0,85503
-120.0,-15.0,3706.0,85751
-120.0,-15.0,3706.0,85751
-120.0,-15.0,3706.0,85751
-120.0,-15.0,3706.0,85751
-120.0,-15.0,3706.0,85751
-120.0,-15.0,3706.0,86001
-120.0,-15.0,3706.0,86001
-120.0,-15.0,3706.0,86001
-120.0,-15.0,3706.0,86001
-120.0,-15.0,3706.0,86002
-120.0,-15.0,3706.0,86002
-120.0,-15.0,3706.0,86250
-120.0,-15.0,3706.0,86250
-120.0,-15.0,3706.0,86251
-120.0,-15.0,3706.0,86251
-120.0,-15.0,3706.0,86251
-120.0,-15.0,3706.0,86251
-120.0,-15.0,3706.0,86509
-120.0,-15.0,3706.0,86509
-120.0,-15.0,3706.0,86509
-99.0,-18.0,-125.0,86509
-99.0,-18.0,-125.0,86509
-99.0,-18.0,-125.0,86510
-99.0,-18.0,-125.0,86752
-99.0,-18.0,-125.0,86753
-99.0,-18.0,-125.0,86754
-99.0,-18.0,-125.0,86755
-99.0,-18.0,-125.0,86755
-99.0,-18.0,-125.0,87001
-99.0,-18.0,-125.0,87001
-99.0,-18.0,-125.0,87001
-99.0,-18.0,-125.0,87001
-99.0,-18.0,-125.0,87001
-99.0,-18.0,-125.0,87002
-99.0,-18.0,-125.0,87251
-99.0,-18.0,-125.0,87251
-99.0,-18.0,-125.0,87251
-99.0,-18.0,-125.0,87251
-99.0,-18.0,-125.0,87251
-99.0,-18.0,-125.0,87251
-99.0,-18.0,-125.0,87500
-99.0,-18.0,-125.0,87500
-99.0,-18.0,-125.0,87500
-99.0,-18.0,-125.0,87500
-99.0,-18.0,-125.0,87500
-99.0,-18.0,-125.0,87751
-99.0,-18.0,-125.0,87751
-121.0,-4.0,-116.0,87751
-121.0,-4.0,-116.0,87751
-121.0,-4.0,-116.0,87751
-121.0,-4.0,-116.0,87751
-121.0,-4.0,-116.0,88000
-121.0,-4.0,-116.0,88000
-121.0,-4.0,-116.0,88000
-121.0,-4.0,-116.0,88001
-121.0,-4.0,-116.0,88001
-121.0,-4.0,-116.0,88001
-121.0,-4.0,-116.0,88250
-121.0,-4.0,-116.0,88250
-121.0,-4.0,-116.0,88251
-121.0,-4.0,-116.0,88251
-121.0,-4.0,-116.0,88251
-121.0,-4.0,-116.0,88251
-121.0,-4.0,-116.0,88500
-121.0,-4.0,-116.0,88501
-121.0,-4.0,-116.0,88501
-121.0,-4.0,-116.0,88501
-121.0,-4.0,-116.0,88751
-121.0,-4.0,-116.0,88751
-121.0,-4.0,-116.0,88751
-121.0,-4.0,-116.0,88751
-121.0,-4.0,-116.0,88751
-124.0,-21.0,3688.0,89003
-124.0,-21.0,3688.0,89003
-124.0,-21.0,3688.0,89003
-124.0,-21.0,3688.0,89004
-124.0,-21.0,3688.0,89004
-124.0,-21.0,3688.0,89004
-124.0,-21.0,3688.0,89250
-124.0,-21.0,3688.0,89251
-124.0,-21.0,3688.0,89251
-124.0,-21.0,3688.0,89251
-124.0,-21.0,3688.0,89251
-124.0,-21.0,3688.0,89500
-124.0,-21.0,3688.0,89500
-124.0,-21.0,3688.0,89500
-124.0,-21.0,3688.0,89501
-124.0,-21.0,3688.0,89502
-124.0,-21.0,3688.0,89502
-124.0,-21.0,3688.0,89750
-124.0,-21.0,3688.0,89750
-124.0,-21.0,3688.0,89751
-124.0,-21.0,3688.0,89751
-124.0,-21.0,3688.0,89751
-124.0,-21.0,3688.0,89751
-124.0,-21.0,3688.0,90000
-124.0,-21.0,3688.0,90001
-124.0,-21.0,3688.0,90001
-124.0,-21.0,3688.0,90002
-127.0,-19.0,-121.0,90002
-127.0,-19.0,-121.0,90251
-127.0,-19.0,-121.0,90251
-127.0,-19.0,-121.0,90251
-127.0,-19.0,-121.0,90252
-127.0,-19.0,-121.0,90252
-127.0,-19.0,-121.0,90252
-127.0,-19.0,-121.0,90500
-127.0,-19.0,-121.0,90500
-127.0,-19.0,-121.0,90501
-127.0,-19.0,-121.0,90501
-127.0,-19.0,-121.0,90501
-127.0,-19.0,-121.0,90761
-127.0,-19.0,-121.0,90761
-127.0,-19.0,-121.0,90761
-127.0,-19.0,-121.0,90762
-127.0,-19.0,-121.0,90762
-127.0,-19.0,-121.0,90763
-127.0,-19.0,-121.0,91001
-127.0,-19.0,-121.0,91002
-127.0,-19.0,-121.0,91002
-127.0,-19.0,-121.0,91002
-127.0,-19.0,-121.0,91002
-127.0,-19.0,-121.0,91251
-127.0,-19.0,-121.0,91252
-98.0,-19.0,3708.0,91252
-98.0,-19.0,3708.0,91252
-98.0,-19.0,3708.0,91253
-98.0,-19.0,3708.0,91501
-98.0,-19.0,3708.0,91501
-98.0,-19.0,3708.0,91502
-98.0,-19.0,3708.0,91502
-98.0,-19.0,3708.0,91502
-98.0,-19.0,3708.0,91752
-98.0,-19.0,3708.0,91753
-98.0,-19.0,3708.0,91753
-98.0,-19.0,3708.0,91753
-98.0,-19.0,3708.0,91753
-98.0,-19.0,3708.0,91753
-98.0,-19.0,3708.0,92000
-98.0,-19.0,3708.0,92000
-98.0,-19.0,3708.0,92001
-98.0,-19.0,3708.0,92001
-98.0,-19.0,3708.0,92001
-98.0,-19.0,3708.0,92001
-98.0,-19.0,3708.0,92251
-98.0,-19.0,3708.0,92251
-98.0,-19.0,3708.0,92251
-98.0,-19.0,3708.0,92251
-98.0,-19.0,3708.0,92252
-98.0,-19.0,3708.0,92509
-103.0,-18.0,3683.0,92510
-103.0,-18.0,3683.0,92510
-103.0,-18.0,3683.0,92510
-103.0,-18.0,3683.0,92510
-103.0,-18.0,3683.0,92510
-103.0,-18.0,3683.0,92750
-103.0,-18.0,3683.0,92751
-103.0,-18.0,3683.0,92752
-103.0,-18.0,3683.0,92752
-103.0,-18.0,3683.0,93000
-103.0,-18.0,3683.0,93000
-103.0,-18.0,3683.0,93000
-103.0,-18.0,3683.0,93000
-103.0,-18.0,3683.0,93001
-103.0,-18.0,3683.0,93001
-103.0,-18.0,3683.0,93249
-103.0,-18.0,3683.0,93249
-103.0,-18.0,3683.0,93250
-103.0,-18.0,3683.0,93250
-103.0,-18.0,3683.0,93250
-103.0,-18.0,3683.0,93251
-103.0,-18.0,3683.0,93499
-103.0,-18.0,3683.0,93499
-103.0,-18.0,3683.0,93500
-103.0,-18.0,3683.0,93500
-103.0,-18.0,3683.0,93500
-109.0,-10.0,-126.0,93500
-109.0,-10.0,-126.0,93749
-109.0,-10.0,-126.0,93749
-109.0,-10.0,-126.0,93749
-109.0,-10.0,-126.0,93749
-109.0,-10.0,-126.0,93749
-109.0,-10.0,-126.0,93749
-109.0,-10.0,-126.0,93999
-109.0,-10.0,-126.0,93999
-109.0,-10.0,-126.0,93999
-109.0,-10.0,-126.0,94000
-109.0,-10.0,-126.0,94000
-109.0,-10.0,-126.0,94249
-109.0,-10.0,-126.0,94249
-109.0,-10.0,-126.0,94249
-109.0,-10.0,-126.0,94250
-109.0,-10.0,-126.0,94250
-109.0,-10.0,-126.0,94250
-109.0,-10.0,-126.0,94499
-109.0,-10.0,-126.0,94499
-109.0,-10.0,-126.0,94499
-109.0,-10.0,-126.0,94500
-109.0,-10.0,-126.0,94500
-109.0,-10.0,-126.0,94749
-109.0,-10.0,-126.0,94749
-109.0,-10.0,-126.0,94750
